id,handle,title,option1_name,option1_value,option2_name,option2_value,option3_name,option3_value,coo,location,bin_name,incoming,unavailable,committed,available,on_hand_current,on_hand_new,name,category,rate,weight,flavours,status,image,created_at,updated_at,min_weight,max_weight
00090cf5-e0fa-4293-b4ef-ec305387f077,cake-222,Cake 222,Title,-,flavours,"[{""name"":""Butter Scotch"",""price"":""725.0"",""customName"":""""},{""name"":""Strawberry"",""price"":""725.0"",""customName"":""""},{""name"":""Pineapple"",""price"":""725.0"",""customName"":""""},{""name"":""Black Forest"",""price"":""725.0"",""customName"":""""},{""name"":""Mix Fruit"",""price"":""725.0"",""customName"":""""},{""name"":""Almond Honey"",""price"":""725.0"",""customName"":""""},{""name"":""Choco Crunch"",""price"":""725.0"",""customName"":""""},{""name"":""Rainbow"",""price"":""725.0"",""customName"":""""},{""name"":""Choco Vanilla"",""price"":""725.0"",""customName"":""""},{""name"":""White Forest"",""price"":""725.0"",""customName"":""""}]",,,,Moti bakery,,0,0,0,0,0,,Cake 222,General,725.0,,10,active,https://jygsbebawnkvyaqohxes.supabase.co/storage/v1/object/public/cake-images/converted_webp/resized_1652704457.webp,2025-02-05 14:09:37+00,2026-05-07 15:20:59.681127+00,2.0,
0084cd9b-86d1-47f7-9b79-57245d4b43ae,cake-17,Cake 17,Title,-,flavours,"[{""name"":""Pineapple"",""price"":""700.00"",""customName"":""""},{""name"":""Butterscotch"",""price"":""675"",""customName"":""""},{""name"":""Strawberry"",""price"":""675"",""customName"":""""}]",,,,Moti bakery,,0,0,0,0,0,,Cake 17,General,675,,3,active,https://jygsbebawnkvyaqohxes.supabase.co/storage/v1/object/public/cake-images/converted_webp/00017.webp,2026-04-01 08:33:40.519523+00,2026-05-07 15:19:03.862237+00,2,
00c05fa7-cdc4-4fc3-a700-7e8622a296ae,cake-729,Cake 729,Title,-,flavours,"[{""name"":""Pineapple"",""price"":""675.0"",""customName"":""""},{""name"":""Butter Scotch"",""price"":""675.0"",""customName"":""""},{""name"":""Strawberry"",""price"":""675.0"",""customName"":""""}]",,,,Moti bakery,,0,0,0,0,0,,Cake 729,General,675.0,,3,active,https://jygsbebawnkvyaqohxes.supabase.co/storage/v1/object/public/cake-images/converted_webp/resized_330.webp,2025-02-05 14:09:37+00,2026-05-07 15:22:59.763579+00,2.0,
00ed6137-c5d6-46a4-a31b-20aa53021145,cake-169,Cake 169,Title,-,flavours,"[{""name"":""Pineapple"",""price"":""650.0"",""customName"":""""},{""name"":""Butter Scotch"",""price"":""650.0"",""customName"":""""},{""name"":""Strawberry"",""price"":""650.0"",""customName"":""""}]",,,,Moti bakery,,0,0,0,0,0,,Cake 169,General,650.0,,3,active,https://jygsbebawnkvyaqohxes.supabase.co/storage/v1/object/public/cake-images/converted_webp/resized_0169.webp,2025-02-05 14:09:37+00,2026-05-07 15:20:30.748064+00,1.0,
010c3b94-0fe0-4ee7-9c56-58c03e08de64,cake-1292,Cake 1292,Title,-,flavours,"[{""name"":""Butterscotch"",""price"":""675.0"",""customName"":""""},{""name"":""Strawberry"",""price"":""675.0"",""customName"":""""},{""name"":""Pineapple"",""price"":""675.0"",""customName"":""""},{""name"":""Black Forest"",""price"":""675.0"",""customName"":""""},{""name"":""Mix Fruit"",""price"":""675.0"",""customName"":""""},{""name"":""Almond Honey"",""price"":""675.0"",""customName"":""""},{""name"":""Choco Crunch"",""price"":""675.0"",""customName"":""""},{""name"":""Rainbow"",""price"":""675.0"",""customName"":""""},{""name"":""Choco Vanilla"",""price"":""675.0"",""customName"":""""},{""name"":""White Forest"",""price"":""675.0"",""customName"":""""}]",,,,Moti bakery,,0,0,0,0,0,,Cake 1292,General,675.0,,10,active,https://jygsbebawnkvyaqohxes.supabase.co/storage/v1/object/public/cake-images/converted_webp/resized_1652705480.webp,2025-02-05 14:09:37+00,2026-05-07 15:28:07.438671+00,2.0,
0221cc49-8c5c-48b1-b8a1-7c0c0b65603c,cake-921,Cake 921,Title,-,flavours,"[{""name"":""Pineapple"",""price"":""1200.0"",""customName"":""""},{""name"":""Butter Scotch"",""price"":""1200.0"",""customName"":""""},{""name"":""Strawberry"",""price"":""1200.0"",""customName"":""""}]",,,,Moti bakery,,0,0,0,0,0,,Cake 921,General,1200.0,,3,active,https://jygsbebawnkvyaqohxes.supabase.co/storage/v1/object/public/cake-images/converted_webp/00428.webp,2025-02-05 14:27:41+00,2026-05-07 15:24:19.39425+00,4.0,
0230e4aa-8f03-4ea1-8ac9-0c75ba80c535,cake-838,Cake 838,Title,-,flavours,"[{""name"":""Pineapple"",""price"":""700.0"",""customName"":""""},{""name"":""Butter Scotch"",""price"":""700.0"",""customName"":""""},{""name"":""Strawberry"",""price"":""700.0"",""customName"":""""}]",,,,Moti bakery,,0,0,0,0,0,,Cake 838,General,700.0,,3,active,https://jygsbebawnkvyaqohxes.supabase.co/storage/v1/object/public/cake-images/converted_webp/resized_404.webp,2025-02-05 14:09:37+00,2026-05-07 15:23:55.357398+00,4.0,
0263152b-30cc-4a98-8915-b7b8b33a2bac,cake-1177,Cake 1177,Title,-,flavours,"[{""name"":""Butterscotch"",""price"":""875.0"",""customName"":""""},{""name"":""Strawberry"",""price"":""875.0"",""customName"":""""},{""name"":""Pineapple"",""price"":""875.0"",""customName"":""""},{""name"":""Black Forest"",""price"":""875.0"",""customName"":""""},{""name"":""Mix Fruit"",""price"":""875.0"",""customName"":""""},{""name"":""Almond Honey"",""price"":""875.0"",""customName"":""""},{""name"":""Choco Crunch"",""price"":""875.0"",""customName"":""""},{""name"":""Rainbow"",""price"":""875.0"",""customName"":""""},{""name"":""Choco Vanilla"",""price"":""875.0"",""customName"":""""},{""name"":""White Forest"",""price"":""875.0"",""customName"":""""}]",,,,Moti bakery,,0,0,0,0,0,,Cake 1177,General,875.0,,10,active,https://jygsbebawnkvyaqohxes.supabase.co/storage/v1/object/public/cake-images/converted_webp/resized_1652694741.webp,2025-02-05 14:09:37+00,2026-05-07 15:27:06.404163+00,4.0,
02ca1e59-c191-4bf4-9abc-eb949d90bc31,cake-408,Cake 408,Title,-,flavours,"[{""name"":""Pineapple"",""price"":""700.0"",""customName"":""""},{""name"":""Butter Scotch"",""price"":""700.0"",""customName"":""""},{""name"":""Strawberry"",""price"":""700.0"",""customName"":""""}]",,,,Moti bakery,,0,0,0,0,0,,Cake 408,General,700.0,,3,active,https://jygsbebawnkvyaqohxes.supabase.co/storage/v1/object/public/cake-images/converted_webp/resized_194.webp,2025-02-05 14:09:37+00,2026-05-07 15:21:07.393337+00,5.0,
02e2c2ce-aef7-4f40-8ed3-03d537ff67b9,cake-915,Cake 915,Title,-,flavours,"[{""name"":""Pineapple"",""price"":""1200.0"",""customName"":""""},{""name"":""Butter Scotch"",""price"":""1200.0"",""customName"":""""},{""name"":""Strawberry"",""price"":""1200.0"",""customName"":""""}]",,,,Moti bakery,,0,0,0,0,0,,Cake 915,General,1200.0,,3,active,https://jygsbebawnkvyaqohxes.supabase.co/storage/v1/object/public/cake-images/converted_webp/00422.webp,2025-02-05 14:26:42+00,2026-05-07 15:24:16.443636+00,5.0,
03064261-1394-450b-b0a9-965b80785064,cake-973,Cake 973,Title,-,flavours,"[{""name"":""Pineapple"",""price"":""1200.0"",""customName"":""""},{""name"":""Butter Scotch"",""price"":""1200.0"",""customName"":""""},{""name"":""Strawberry"",""price"":""1200.0"",""customName"":""""}]",,,,Moti bakery,,0,0,0,0,0,,Cake 973,General,1200.0,,3,active,https://jygsbebawnkvyaqohxes.supabase.co/storage/v1/object/public/cake-images/converted_webp/00481.webp,2025-02-05 14:47:46+00,2026-05-07 15:24:48.596454+00,3.0,
0379e52c-ea45-4969-83f6-4a08ebbd35c4,cake-405,Cake 405,Title,-,flavours,"[{""name"":""Pineapple"",""price"":""725.0"",""customName"":""""},{""name"":""Butter Scotch"",""price"":""725.0"",""customName"":""""},{""name"":""Strawberry"",""price"":""725.0"",""customName"":""""}]",,,,Moti bakery,,0,0,0,0,0,,Cake 405,General,725.0,,3,active,https://jygsbebawnkvyaqohxes.supabase.co/storage/v1/object/public/cake-images/converted_webp/resized_188.webp,2025-07-31 13:37:04+00,2026-05-07 15:21:05.859682+00,5.0,
037b5a77-8821-41c0-8e48-66a1d4b4a412,cake-513,Cake 513,Title,-,flavours,"[{""name"":""Pineapple"",""price"":""675.0"",""customName"":""""},{""name"":""Butter Scotch"",""price"":""675.0"",""customName"":""""},{""name"":""Strawberry"",""price"":""675.0"",""customName"":""""},{""name"":""Almond Honey"",""price"":""675.0"",""customName"":""""},{""name"":""Caramel Crunch"",""price"":""675.0"",""customName"":""""},{""name"":""Redvelvet"",""price"":""675.0"",""customName"":""""}]",,,,Moti bakery,,0,0,0,0,0,,Cake 513,General,675.0,,6,active,https://jygsbebawnkvyaqohxes.supabase.co/storage/v1/object/public/cake-images/converted_webp/resized_FBIMG1577765878663.webp,2025-02-05 16:21:06+00,2026-05-07 15:22:06.198705+00,5.0,
0392f8f2-bf9f-4bcf-9396-e34b5ef0b5cd,cake-821,Cake 821,Title,-,flavours,"[{""name"":""Pineapple"",""price"":""700.0"",""customName"":""""},{""name"":""Butter Scotch"",""price"":""700.0"",""customName"":""""},{""name"":""Strawberry"",""price"":""700.0"",""customName"":""""}]",,,,Moti bakery,,0,0,0,0,0,,Cake 821,General,700.0,,3,active,https://jygsbebawnkvyaqohxes.supabase.co/storage/v1/object/public/cake-images/converted_webp/resized_386.webp,2025-02-05 14:09:37+00,2026-05-07 15:23:46.441954+00,3.0,
045a6c1a-9ca5-4216-9d43-1a2a5d860a05,cake-1346,Cake 1346,Title,-,flavours,"[{""name"":""Butterscotch"",""price"":""1200.0"",""customName"":""""},{""name"":""Strawberry"",""price"":""1200.0"",""customName"":""""},{""name"":""Pineapple"",""price"":""1200.0"",""customName"":""""},{""name"":""Black Forest"",""price"":""1200.0"",""customName"":""""},{""name"":""Mix Fruit"",""price"":""1200.0"",""customName"":""""},{""name"":""Almond Honey"",""price"":""1200.0"",""customName"":""""},{""name"":""Choco Crunch"",""price"":""1200.0"",""customName"":""""},{""name"":""Rainbow"",""price"":""1200.0"",""customName"":""""},{""name"":""Choco Vanilla"",""price"":""1200.0"",""customName"":""""},{""name"":""White Forest"",""price"":""1200.0"",""customName"":""""}]",,,,Moti bakery,,0,0,0,0,0,,Cake 1346,General,1200.0,,10,active,https://jygsbebawnkvyaqohxes.supabase.co/storage/v1/object/public/cake-images/converted_webp/resized_1652767130.webp,2025-02-05 14:47:46+00,2026-05-07 15:28:34.802102+00,5.0,
046cb7e9-c8d0-42fd-a29c-a9a0b9684fbb,cake-109,Cake 109,Title,-,flavours,"[{""name"":""Pineapple"",""price"":""650.0"",""customName"":""""},{""name"":""Butter Scotch"",""price"":""650.0"",""customName"":""""},{""name"":""Strawberry"",""price"":""650.0"",""customName"":""""}]",,,,Moti bakery,,0,0,0,0,0,,Cake 109,General,650.0,,3,active,https://jygsbebawnkvyaqohxes.supabase.co/storage/v1/object/public/cake-images/converted_webp/resized_0109.webp,2025-02-05 14:09:37+00,2026-05-07 15:20:00.215849+00,1.5,
047cbce0-6462-4373-a158-4d20f5b5733a,cake-126,Cake 126,Title,-,flavours,"[{""name"":""Pineapple"",""price"":""650.0"",""customName"":""""},{""name"":""Butter Scotch"",""price"":""650.0"",""customName"":""""},{""name"":""Strawberry"",""price"":""650.0"",""customName"":""""}]",,,,Moti bakery,,0,0,0,0,0,,Cake 126,General,650.0,,3,active,https://jygsbebawnkvyaqohxes.supabase.co/storage/v1/object/public/cake-images/converted_webp/resized_0126.webp,2025-02-05 14:09:37+00,2026-05-07 15:20:08.726721+00,1.0,
04fa87ab-2d8e-48e7-b769-e2550e1aa9a5,cake-731,Cake 731,Title,-,flavours,"[{""name"":""Pineapple"",""price"":""675.0"",""customName"":""""},{""name"":""Butter Scotch"",""price"":""675.0"",""customName"":""""},{""name"":""Strawberry"",""price"":""675.0"",""customName"":""""}]",,,,Moti bakery,,0,0,0,0,0,,Cake 731,General,675.0,,3,active,https://jygsbebawnkvyaqohxes.supabase.co/storage/v1/object/public/cake-images/converted_webp/resized_332.webp,2025-02-05 14:09:37+00,2026-05-07 15:23:00.897861+00,3.0,
050fb701-0929-4bf4-9482-eb08da343459,cake-1095,Cake 1095,Title,-,flavours,"[{""name"":""Pineapple"",""price"":""1200.0"",""customName"":""""},{""name"":""Btter Scotch"",""price"":""1200.0"",""customName"":""""},{""name"":""Strawberry"",""price"":""1200.0"",""customName"":""""}]",,,,Moti bakery,,0,0,0,0,0,,Cake 1095,General,1200.0,,3,active,https://jygsbebawnkvyaqohxes.supabase.co/storage/v1/object/public/cake-images/converted_webp/resized_FBIMG1580650980545.webp,2025-02-05 14:47:46+00,2026-05-07 15:25:58.148449+00,4.0,
053f6c5d-8bc9-4c6e-af6c-c555ed85eb3d,cake-786,Cake 786,Title,-,flavours,"[{""name"":""Pineapple"",""price"":""925.0"",""customName"":""""},{""name"":""Butter Scotch"",""price"":""925.0"",""customName"":""""},{""name"":""Strawberry"",""price"":""925.0"",""customName"":""""}]",,,,Moti bakery,,0,0,0,0,0,,Cake 786,General,925.0,,3,active,https://jygsbebawnkvyaqohxes.supabase.co/storage/v1/object/public/cake-images/converted_webp/resized_FBIMG1562669870346.webp,2025-02-05 16:31:42+00,2026-05-07 15:23:29.965428+00,6.0,
05a9520b-cd1d-4b67-a89b-1e2b24065cc0,cake-152,Cake 152,Title,-,flavours,"[{""name"":""Pineapple"",""price"":""650.0"",""customName"":""""},{""name"":""Butter Scotch"",""price"":""650.0"",""customName"":""""},{""name"":""Strawberry"",""price"":""650.0"",""customName"":""""}]",,,,Moti bakery,,0,0,0,0,0,,Cake 152,General,650.0,,3,active,https://jygsbebawnkvyaqohxes.supabase.co/storage/v1/object/public/cake-images/converted_webp/resized_0152.webp,2025-02-05 14:09:37+00,2026-05-07 15:20:22.346866+00,1.0,
05a9a51c-ac68-4fd4-83a2-0148a0e7d12d,cake-60,Cake 60,Title,-,flavours,"[{""name"":""Pineapple"",""price"":""700.0"",""customName"":""""},{""name"":""Butter Scotch"",""price"":""700.0"",""customName"":""""},{""name"":""Strawberry"",""price"":""700.0"",""customName"":""""}]",,,,Moti bakery,,0,0,0,0,0,,Cake 60,General,700.0,,3,active,https://jygsbebawnkvyaqohxes.supabase.co/storage/v1/object/public/cake-images/converted_webp/00060.webp,2025-02-05 14:09:37+00,2026-05-07 15:19:30.550152+00,2.0,
05bd052b-25ae-43a7-9801-a042c8db0c7e,cake-444,Cake 444,Title,-,flavours,"[{""name"":""Pineapple"",""price"":""675.0"",""customName"":""""},{""name"":""Butter Scotch"",""price"":""675.0"",""customName"":""""},{""name"":""Strawberry"",""price"":""675.0"",""customName"":""""}]",,,,Moti bakery,,0,0,0,0,0,,Cake 444,General,675.0,,3,active,https://jygsbebawnkvyaqohxes.supabase.co/storage/v1/object/public/cake-images/converted_webp/resized_252.webp,2025-02-05 14:09:37+00,2026-05-07 15:21:26.229691+00,5.0,
05d5dc82-1869-471e-9aa1-1d534e948a5b,cake-811,Cake 811,Title,-,flavours,"[{""name"":""Pineapple"",""price"":""700.0"",""customName"":""""},{""name"":""Butter Scotch"",""price"":""700.0"",""customName"":""""},{""name"":""Strawberry"",""price"":""700.0"",""customName"":""""}]",,,,Moti bakery,,0,0,0,0,0,,Cake 811,General,700.0,,3,active,https://jygsbebawnkvyaqohxes.supabase.co/storage/v1/object/public/cake-images/converted_webp/resized_376.webp,2025-02-05 14:09:37+00,2026-05-07 15:23:41.367297+00,3.0,
05dfe947-9533-44fd-bc14-7c3359aad44c,cake-1241,Cake 1241,Title,-,flavours,"[{""name"":""Butterscotch"",""price"":""1200.0"",""customName"":""""},{""name"":""Strawberry"",""price"":""1200.0"",""customName"":""""},{""name"":""Pineapple"",""price"":""1200.0"",""customName"":""""},{""name"":""Black Forest"",""price"":""1200.0"",""customName"":""""},{""name"":""Mix Fruit"",""price"":""1200.0"",""customName"":""""},{""name"":""Almond Honey"",""price"":""1200.0"",""customName"":""""},{""name"":""Choco Crunch"",""price"":""1200.0"",""customName"":""""},{""name"":""Rainbow"",""price"":""1200.0"",""customName"":""""},{""name"":""Choco Vanilla"",""price"":""1200.0"",""customName"":""""},{""name"":""White Forest"",""price"":""1200.0"",""customName"":""""}]",,,,Moti bakery,,0,0,0,0,0,,Cake 1241,General,1200.0,,10,active,https://jygsbebawnkvyaqohxes.supabase.co/storage/v1/object/public/cake-images/converted_webp/resized_1652699879.webp,2025-02-05 14:48:44+00,2026-05-07 15:27:42.962242+00,3.0,
06281ab5-8cfa-4a7e-a7ce-b4946d7526ea,cake-705,Cake 705,Title,-,flavours,"[{""name"":""Black Forest"",""price"":""675.0"",""customName"":""""}]",,,,Moti bakery,,0,0,0,0,0,,Cake 705,General,675.0,,1,active,https://jygsbebawnkvyaqohxes.supabase.co/storage/v1/object/public/cake-images/converted_webp/resized_306.webp,2025-02-05 14:09:37+00,2026-05-07 15:22:47.773182+00,2.0,
0634febe-8906-4986-abbd-373babb20dcb,cake-826,Cake 826,Title,-,flavours,"[{""name"":""Pineapple"",""price"":""700.0"",""customName"":""""},{""name"":""Butter Scotch"",""price"":""700.0"",""customName"":""""},{""name"":""Strawberry"",""price"":""700.0"",""customName"":""""}]",,,,Moti bakery,,0,0,0,0,0,,Cake 826,General,700.0,,3,active,https://jygsbebawnkvyaqohxes.supabase.co/storage/v1/object/public/cake-images/converted_webp/resized_FBIMG1563544575590.webp,2025-02-05 14:09:37+00,2026-05-07 15:23:48.768784+00,3.0,
0644a611-9b7a-498c-bd61-c6bb844344c7,cake-1090,Cake 1090,Title,-,flavours,"[{""name"":""Pineapple"",""price"":""1100.0"",""customName"":""""},{""name"":""Btter Scotch"",""price"":""1100.0"",""customName"":""""},{""name"":""Strawberry"",""price"":""1100.0"",""customName"":""""}]",,,,Moti bakery,,0,0,0,0,0,,Cake 1090,General,1100.0,,3,active,https://jygsbebawnkvyaqohxes.supabase.co/storage/v1/object/public/cake-images/converted_webp/resized_FBIMG1579161869812.webp,2025-02-05 14:48:44+00,2026-05-07 15:25:55.342497+00,2.5,
06896f09-3c65-499b-9dba-d34f94f43db2,cake-791,Cake 791,Title,-,flavours,"[{""name"":""Pineapple"",""price"":""725.0"",""customName"":""""},{""name"":""Butter Scotch"",""price"":""725.0"",""customName"":""""},{""name"":""Strawberry"",""price"":""725.0"",""customName"":""""}]",,,,Moti bakery,,0,0,0,0,0,,Cake 791,General,725.0,,3,active,https://jygsbebawnkvyaqohxes.supabase.co/storage/v1/object/public/cake-images/converted_webp/resized_IMG20191225WA0060.webp,2025-02-05 16:32:38+00,2026-05-07 15:23:33.418224+00,6.0,
0690c975-f23a-4035-9ed2-4cfbc5c0c2ff,cake-756,Cake 756,Title,-,flavours,"[{""name"":""Black Forest"",""price"":""675.0"",""customName"":""""},{""name"":""Pine Apple"",""price"":""675.0"",""customName"":""""},{""name"":""Butter Scotch"",""price"":""675.0"",""customName"":""""}]",,,,Moti bakery,,0,0,0,0,0,,Cake 756,General,675.0,,3,active,https://jygsbebawnkvyaqohxes.supabase.co/storage/v1/object/public/cake-images/converted_webp/resized_341.webp,2025-02-05 14:09:37+00,2026-05-07 15:23:13.949974+00,2.0,
0694a8ba-7ffa-4620-bdb8-989101cd31e8,cake-935,Cake 935,Title,-,flavours,"[{""name"":""Pineapple"",""price"":""1200.0"",""customName"":""""},{""name"":""Butter Scotch"",""price"":""1200.0"",""customName"":""""},{""name"":""Strawberry"",""price"":""1200.0"",""customName"":""""}]",,,,Moti bakery,,0,0,0,0,0,,Cake 935,General,1200.0,,3,active,https://jygsbebawnkvyaqohxes.supabase.co/storage/v1/object/public/cake-images/converted_webp/00442.webp,2025-02-05 14:30:07+00,2026-05-07 15:24:28.198277+00,3.0,
06bef7c4-93f3-4ff8-a4cb-b55ab132ab01,cake-1304,Cake 1304,Title,-,flavours,"[{""name"":""Butterscotch"",""price"":""1200.0"",""customName"":""""},{""name"":""Strawberry"",""price"":""1200.0"",""customName"":""""},{""name"":""Pineapple"",""price"":""1200.0"",""customName"":""""},{""name"":""Black Forest"",""price"":""1200.0"",""customName"":""""},{""name"":""Mix Fruit"",""price"":""1200.0"",""customName"":""""},{""name"":""Almond Honey"",""price"":""1200.0"",""customName"":""""},{""name"":""Choco Crunch"",""price"":""1200.0"",""customName"":""""},{""name"":""Rainbow"",""price"":""1200.0"",""customName"":""""},{""name"":""Choco Vanilla"",""price"":""1200.0"",""customName"":""""},{""name"":""White Forest"",""price"":""1200.0"",""customName"":""""},{""name"":""Red Velvet"",""price"":""1200.0"",""customName"":""""}]",,,,Moti bakery,,0,0,0,0,0,,Cake 1304,General,1200.0,,11,active,https://jygsbebawnkvyaqohxes.supabase.co/storage/v1/object/public/cake-images/converted_webp/resized_1652708048.webp,2025-02-05 14:47:46+00,2026-05-07 15:28:12.05739+00,5.0,
06dae463-57e6-4b54-9d3a-5545bb063e51,cake-1328,Cake 1328,Title,-,flavours,"[{""name"":""Butterscotch"",""price"":""1200.0"",""customName"":""""},{""name"":""Strawberry"",""price"":""1200.0"",""customName"":""""},{""name"":""Pineapple"",""price"":""1200.0"",""customName"":""""},{""name"":""Black Forest"",""price"":""1200.0"",""customName"":""""},{""name"":""Mix Fruit"",""price"":""1200.0"",""customName"":""""},{""name"":""Almond Honey"",""price"":""1200.0"",""customName"":""""},{""name"":""Choco Crunch"",""price"":""1200.0"",""customName"":""""},{""name"":""Rainbow"",""price"":""1200.0"",""customName"":""""},{""name"":""Choco Vanilla"",""price"":""1200.0"",""customName"":""""},{""name"":""White Forest"",""price"":""1200.0"",""customName"":""""}]",,,,Moti bakery,,0,0,0,0,0,,Cake 1328,General,1200.0,,10,active,https://jygsbebawnkvyaqohxes.supabase.co/storage/v1/object/public/cake-images/converted_webp/resized_1652709969.webp,2025-02-05 14:47:46+00,2026-05-07 15:28:25.515972+00,5.0,
06ec9f00-28e3-4cae-9559-eab11575832c,cake-422,Cake 422,Title,-,flavours,"[{""name"":""Pineapple"",""price"":""775.0"",""customName"":""""},{""name"":""Butter Scotch"",""price"":""775.0"",""customName"":""""},{""name"":""Strawberry"",""price"":""775.0"",""customName"":""""}]",,,,Moti bakery,,0,0,0,0,0,,Cake 422,General,775.0,,3,active,https://jygsbebawnkvyaqohxes.supabase.co/storage/v1/object/public/cake-images/converted_webp/resized_209.webp,2025-02-05 14:09:37+00,2026-05-07 15:21:14.787372+00,5.0,
07081ce0-5993-4c97-9681-6bea5f2eece0,cake-437,Cake 437,Title,-,flavours,"[{""name"":""Pineapple"",""price"":""675.0"",""customName"":""""},{""name"":""Butter Scotch"",""price"":""675.0"",""customName"":""""},{""name"":""Strawberry"",""price"":""675.0"",""customName"":""""}]",,,,Moti bakery,,0,0,0,0,0,,Cake 437,General,675.0,,3,active,https://jygsbebawnkvyaqohxes.supabase.co/storage/v1/object/public/cake-images/converted_webp/resized_236.webp,2025-02-05 14:09:37+00,2026-05-07 15:21:22.666691+00,3.0,
073b136b-8bb1-49c8-bcf1-b2d35601d6df,cake-1049,Cake 1049,Title,-,flavours,"[{""name"":""Pineapple"",""price"":""1200.0"",""customName"":""""},{""name"":""Butter Scotch"",""price"":""1200.0"",""customName"":""""},{""name"":""Strawberry"",""price"":""1200.0"",""customName"":""""}]",,,,Moti bakery,,0,0,0,0,0,,Cake 1049,General,1200.0,,3,active,https://jygsbebawnkvyaqohxes.supabase.co/storage/v1/object/public/cake-images/converted_webp/resized_00556.webp,2025-02-05 14:48:44+00,2026-05-07 15:25:32.197028+00,3.0,
07c9543a-f6d2-4035-aa61-f17f1964d21e,cake-926,Cake 926,Title,-,flavours,"[{""name"":""Pineapple"",""price"":""1200.0"",""customName"":""""},{""name"":""Butter Scotch"",""price"":""1200.0"",""customName"":""""},{""name"":""Strawberry"",""price"":""1200.0"",""customName"":""""}]",,,,Moti bakery,,0,0,0,0,0,,Cake 926,General,1200.0,,3,active,https://jygsbebawnkvyaqohxes.supabase.co/storage/v1/object/public/cake-images/converted_webp/00433.webp,2025-02-05 14:28:54+00,2026-05-07 15:24:22.053513+00,2.5,
07e7819f-34c6-4297-839c-94679b0fbbf1,cake-1257,Cake 1257,Title,-,flavours,"[{""name"":""Choco Crunch"",""price"":""925.0"",""customName"":""""},{""name"":""Choco Vanilla"",""price"":""925.0"",""customName"":""""},{""name"":""Chocolate Truffle"",""price"":""925.0"",""customName"":""""}]",,,,Moti bakery,,0,0,0,0,0,,Cake 1257,General,925.0,,3,active,https://jygsbebawnkvyaqohxes.supabase.co/storage/v1/object/public/cake-images/converted_webp/resized_1652702314.webp,2025-02-05 14:09:37+00,2026-05-07 15:27:52.974384+00,5.0,
07f2062f-ab28-44e9-9704-27cc3edf449a,cake-1021,Cake 1021,Title,-,flavours,"[{""name"":""Pineapple"",""price"":""1200.0"",""customName"":""""},{""name"":""Butters Cotch"",""price"":""1200.0"",""customName"":""""},{""name"":""Strawberry"",""price"":""1200.0"",""customName"":""""}]",,,,Moti bakery,,0,0,0,0,0,,Cake 1021,General,1200.0,,3,active,https://jygsbebawnkvyaqohxes.supabase.co/storage/v1/object/public/cake-images/converted_webp/resized_00528.webp,2025-02-05 14:47:46+00,2026-05-07 15:25:15.107981+00,3.0,
08d73591-343c-4e62-9283-a596e77e710e,cake-125,Cake 125,Title,-,flavours,"[{""name"":""Pineapple"",""price"":""650.0"",""customName"":""""},{""name"":""Butter Scotch"",""price"":""650.0"",""customName"":""""},{""name"":""Strawberry"",""price"":""650.0"",""customName"":""""}]",,,,Moti bakery,,0,0,0,0,0,,Cake 125,General,650.0,,3,active,https://jygsbebawnkvyaqohxes.supabase.co/storage/v1/object/public/cake-images/converted_webp/resized_0125.webp,2025-02-05 14:09:37+00,2026-05-07 15:20:08.102088+00,1.0,
09773cf0-0b1d-4003-a731-da76929b2db4,cake-1127,Cake 1127,Title,-,flavours,"[{""name"":""Pineapple"",""price"":""1200.0"",""customName"":""""},{""name"":""Butters Cotch"",""price"":""1200.0"",""customName"":""""},{""name"":""Strawberry"",""price"":""1200.0"",""customName"":""""}]",,,,Moti bakery,,0,0,0,0,0,,Cake 1127,General,1200.0,,3,active,https://jygsbebawnkvyaqohxes.supabase.co/storage/v1/object/public/cake-images/converted_webp/00045.webp,2025-02-05 14:47:46+00,2026-05-07 15:26:34.898878+00,2.0,
0983ff09-ed50-44f3-86ce-2c99e3eb68c1,cake-989,Cake 989,Title,-,flavours,"[{""name"":""Pineapple"",""price"":""1200.0"",""customName"":""""},{""name"":""Butter Scotch"",""price"":""1200.0"",""customName"":""""},{""name"":""Strawberry"",""price"":""1200.0"",""customName"":""""}]",,,,Moti bakery,,0,0,0,0,0,,Cake 989,General,1200.0,,3,active,https://jygsbebawnkvyaqohxes.supabase.co/storage/v1/object/public/cake-images/converted_webp/00495.webp,2025-02-05 14:47:46+00,2026-05-07 15:24:57.684828+00,4.0,
0a25640a-802a-4d7d-b3bf-1e1d8b117875,cake-761,Cake 761,Title,-,flavours,"[{""name"":""Pineapple"",""price"":""675.0"",""customName"":""""},{""name"":""Butter Scotch"",""price"":""675.0"",""customName"":""""},{""name"":""Strawberry"",""price"":""675.0"",""customName"":""""}]",,,,Moti bakery,,0,0,0,0,0,,Cake 761,General,675.0,,3,active,https://jygsbebawnkvyaqohxes.supabase.co/storage/v1/object/public/cake-images/converted_webp/resized_347.webp,2025-02-05 14:09:37+00,2026-05-07 15:23:16.674149+00,2.0,
0a609439-6373-4bde-9369-f5cd5bae33d7,cake-648,Cake 648,Title,-,flavours,"[{""name"":""Chocolate Truffle"",""price"":""975.0"",""customName"":""""}]",,,,Moti bakery,,0,0,0,0,0,,Cake 648,General,975.0,,1,active,https://jygsbebawnkvyaqohxes.supabase.co/storage/v1/object/public/cake-images/converted_webp/resized_289.webp,2025-02-05 14:09:37+00,2026-05-07 15:22:37.297357+00,2.5,
0a78350f-f6ef-4945-a7df-22f3ce54b5e4,cake-433,Cake 433,Title,-,flavours,"[{""name"":""Pineapple"",""price"":""700.0"",""customName"":""""},{""name"":""Butter Scotch"",""price"":""700.0"",""customName"":""""},{""name"":""Strawberry"",""price"":""700.0"",""customName"":""""}]",,,,Moti bakery,,0,0,0,0,0,,Cake 433,General,700.0,,3,active,https://jygsbebawnkvyaqohxes.supabase.co/storage/v1/object/public/cake-images/converted_webp/resized_222.webp,2025-02-05 14:09:37+00,2026-05-07 15:21:20.531782+00,4.0,
0acbd391-8d84-4f91-9973-0b09554f9438,cake-1060,Cake 1060,Title,-,flavours,"[{""name"":""Pineapple"",""price"":""1200.0"",""customName"":""""},{""name"":""Butter Scotch"",""price"":""1200.0"",""customName"":""""},{""name"":""Strawberry"",""price"":""1200.0"",""customName"":""""}]",,,,Moti bakery,,0,0,0,0,0,,Cake 1060,General,1200.0,,3,active,https://jygsbebawnkvyaqohxes.supabase.co/storage/v1/object/public/cake-images/converted_webp/resized_00567.webp,2025-02-05 14:48:44+00,2026-05-07 15:25:37.483098+00,3.0,
0af4f42a-51b4-4719-a12e-dea755a1da58,cake-56,Cake 56,Title,-,flavours,"[{""name"":""Pineapple"",""price"":""650.0"",""customName"":""""},{""name"":""Butter Scotch"",""price"":""650.0"",""customName"":""""},{""name"":""Strawberry"",""price"":""650.0"",""customName"":""""}]",,,,Moti bakery,,0,0,0,0,0,,Cake 56,General,650.0,,3,active,https://jygsbebawnkvyaqohxes.supabase.co/storage/v1/object/public/cake-images/converted_webp/00056.webp,2025-02-05 14:09:37+00,2026-05-07 15:19:28.26894+00,1.0,
0b1089c3-2deb-47ad-9e46-26d8907db881,cake-993,Cake 993,Title,-,flavours,"[{""name"":""Pineapple"",""price"":""1200.0"",""customName"":""""},{""name"":""Butter Scotch"",""price"":""1200.0"",""customName"":""""},{""name"":""Strawberry"",""price"":""1200.0"",""customName"":""""}]",,,,Moti bakery,,0,0,0,0,0,,Cake 993,General,1200.0,,3,active,https://jygsbebawnkvyaqohxes.supabase.co/storage/v1/object/public/cake-images/converted_webp/resized_00499.webp,2025-02-05 14:47:46+00,2026-05-07 15:24:59.74285+00,3.0,
0b36bcc1-8ea1-43a4-bbdd-67c820776623,cake-793,Cake 793,Title,-,flavours,"[{""name"":""Pineapple"",""price"":""675.0"",""customName"":""""},{""name"":""Butter Scotch"",""price"":""675.0"",""customName"":""""},{""name"":""Strawberry"",""price"":""675.0"",""customName"":""""}]",,,,Moti bakery,,0,0,0,0,0,,Cake 793,General,675.0,,3,active,https://jygsbebawnkvyaqohxes.supabase.co/storage/v1/object/public/cake-images/converted_webp/resized_FBIMG1577864302504.webp,2025-02-05 16:32:56+00,2026-05-07 15:23:34.555627+00,2.0,
0b604bf7-0ff0-4899-a060-c4ed97554cbe,cake-481,Cake 481,Title,-,flavours,"[{""name"":""Pineapple"",""price"":""675.0"",""customName"":""""},{""name"":""Butter Scotch"",""price"":""675.0"",""customName"":""""},{""name"":""Strawberry"",""price"":""675.0"",""customName"":""""},{""name"":""Almond Honey"",""price"":""675.0"",""customName"":""""},{""name"":""Caramel Crunch"",""price"":""675.0"",""customName"":""""},{""name"":""Redvelvet"",""price"":""675.0"",""customName"":""""}]",,,,Moti bakery,,0,0,0,0,0,,Cake 481,General,675.0,,6,active,https://jygsbebawnkvyaqohxes.supabase.co/storage/v1/object/public/cake-images/converted_webp/resized_1576604904693.webp,2025-02-05 16:07:28+00,2026-05-07 15:21:47.446882+00,6.0,
0b61fe85-9f99-49e9-90a5-72170ec8817a,cake-904,Cake 904,Title,-,flavours,"[{""name"":""Pineapple"",""price"":""1200.0"",""customName"":""""},{""name"":""Btter Scotch"",""price"":""1200.0"",""customName"":""""},{""name"":""Strawberry"",""price"":""1200.0"",""customName"":""""},{""name"":""Choco Truffle / Red Velvet / Alomd Honey / Caramel Crunch"",""price"":""1200.0"",""customName"":""""}]",,,,Moti bakery,,0,0,0,0,0,,Cake 904,General,1200.0,,4,active,https://jygsbebawnkvyaqohxes.supabase.co/storage/v1/object/public/cake-images/converted_webp/resized_FBIMG1578902637480.webp,2025-02-05 14:24:25+00,2026-05-07 15:24:10.515623+00,2.5,
0becf3e5-2cee-4d06-80b5-8b53694cf069,cake-89,Cake 89,Title,-,flavours,"[{""name"":""Pineapple"",""price"":""675.0"",""customName"":""""},{""name"":""Butter Scotch"",""price"":""675.0"",""customName"":""""},{""name"":""Strawberry"",""price"":""675.0"",""customName"":""""}]",,,,Moti bakery,,0,0,0,0,0,,Cake 89,General,675.0,,3,active,https://jygsbebawnkvyaqohxes.supabase.co/storage/v1/object/public/cake-images/converted_webp/00089.webp,2025-02-05 14:09:37+00,2026-05-07 15:19:47.327473+00,2.0,
0bf5f083-7323-4526-9fd9-5a6957d50e15,cake-832,Cake 832,Title,-,flavours,"[{""name"":""Pineapple"",""price"":""700.0"",""customName"":""""},{""name"":""Butter Scotch"",""price"":""700.0"",""customName"":""""},{""name"":""Strawberry"",""price"":""700.0"",""customName"":""""}]",,,,Moti bakery,,0,0,0,0,0,,Cake 832,General,700.0,,3,active,https://jygsbebawnkvyaqohxes.supabase.co/storage/v1/object/public/cake-images/converted_webp/resized_398.webp,2025-02-05 16:35:51+00,2026-05-07 15:23:51.89914+00,4.0,
0c612b7b-485c-431f-bc38-17bedc9cd22e,cake-1313,Cake 1313,Title,-,flavours,"[{""name"":""Butterscotch"",""price"":""1200.0"",""customName"":""""},{""name"":""Strawberry"",""price"":""1200.0"",""customName"":""""},{""name"":""Pineapple"",""price"":""1200.0"",""customName"":""""},{""name"":""Black Forest"",""price"":""1200.0"",""customName"":""""},{""name"":""Mix Fruit"",""price"":""1200.0"",""customName"":""""},{""name"":""Almond Honey"",""price"":""1200.0"",""customName"":""""},{""name"":""Choco Crunch"",""price"":""1200.0"",""customName"":""""},{""name"":""Rainbow"",""price"":""1200.0"",""customName"":""""},{""name"":""Choco Vanilla"",""price"":""1200.0"",""customName"":""""},{""name"":""White Forest"",""price"":""1200.0"",""customName"":""""}]",,,,Moti bakery,,0,0,0,0,0,,Cake 1313,General,1200.0,,10,active,https://jygsbebawnkvyaqohxes.supabase.co/storage/v1/object/public/cake-images/converted_webp/resized_1652709081.webp,2025-02-05 14:47:46+00,2026-05-07 15:28:17.169037+00,5.0,
0c8166ac-f4e2-4838-a001-fb2d9f82df7b,cake-1374,Cake 1374,Title,-,flavours,"[{""name"":""Butterscotch"",""price"":""1200.0"",""customName"":""""},{""name"":""Strawberry"",""price"":""1200.0"",""customName"":""""},{""name"":""Pineapple"",""price"":""1200.0"",""customName"":""""},{""name"":""Black Forest"",""price"":""1200.0"",""customName"":""""},{""name"":""Mix Fruit"",""price"":""1200.0"",""customName"":""""},{""name"":""Almond Honey"",""price"":""1200.0"",""customName"":""""},{""name"":""Choco Crunch"",""price"":""1200.0"",""customName"":""""},{""name"":""Rainbow"",""price"":""1200.0"",""customName"":""""},{""name"":""Choco Vanilla"",""price"":""1200.0"",""customName"":""""},{""name"":""White Forest"",""price"":""1200.0"",""customName"":""""}]",,,,Moti bakery,,0,0,0,0,0,,Cake 1374,General,1200.0,,10,active,https://jygsbebawnkvyaqohxes.supabase.co/storage/v1/object/public/cake-images/converted_webp/resized_1652768168.webp,2025-02-05 14:47:46+00,2026-05-07 15:28:50.961501+00,4.0,
0d0747f8-e2b0-4fa8-9bb3-af6f0f61e7bd,cake-542,Cake 542,Title,-,flavours,"[{""name"":""Pineapple"",""price"":""675.0"",""customName"":""""},{""name"":""Butter Scotch"",""price"":""675.0"",""customName"":""""},{""name"":""Strawberry"",""price"":""675.0"",""customName"":""""},{""name"":""Almond Honey"",""price"":""675.0"",""customName"":""""},{""name"":""Caramel Crunch"",""price"":""675.0"",""customName"":""""},{""name"":""Redvelvet"",""price"":""675.0"",""customName"":""""}]",,,,Moti bakery,,0,0,0,0,0,,Cake 542,General,675.0,,6,active,https://jygsbebawnkvyaqohxes.supabase.co/storage/v1/object/public/cake-images/converted_webp/resized_IMG20200823WA0246.webp,2025-02-05 16:26:08+00,2026-05-07 15:22:21.97973+00,5.0,
0d218815-84ec-4e5e-af26-c5e825ab4b8d,cake-927,Cake 927,Title,-,flavours,"[{""name"":""Pineapple"",""price"":""1200.0"",""customName"":""""},{""name"":""Butter Sotch"",""price"":""1200.0"",""customName"":""""},{""name"":""Strawberry"",""price"":""1200.0"",""customName"":""""}]",,,,Moti bakery,,0,0,0,0,0,,Cake 927,General,1200.0,,3,active,https://jygsbebawnkvyaqohxes.supabase.co/storage/v1/object/public/cake-images/converted_webp/00434.webp,2025-02-05 14:29:01+00,2026-05-07 15:24:22.57553+00,4.0,
0d6bf030-ea5f-4adf-acb2-825b03baa48f,cake-165,Cake 165,Title,-,flavours,"[{""name"":""Pineapple"",""price"":""700.0"",""customName"":""""},{""name"":""Butter Scotch"",""price"":""700.0"",""customName"":""""},{""name"":""Strawberry"",""price"":""700.0"",""customName"":""""}]",,,,Moti bakery,,0,0,0,0,0,,Cake 165,General,700.0,,3,active,https://jygsbebawnkvyaqohxes.supabase.co/storage/v1/object/public/cake-images/converted_webp/resized_0165.webp,2025-02-05 14:09:37+00,2026-05-07 15:20:28.807517+00,2.0,
0db2e510-cbce-4c39-b4a6-2ef092bc283a,cake-1210,Cake 1210,Title,-,flavours,"[{""name"":""Butterscotch"",""price"":""725.0"",""customName"":""""},{""name"":""Strawberry"",""price"":""725.0"",""customName"":""""},{""name"":""Pineapple"",""price"":""725.0"",""customName"":""""},{""name"":""Black Forest"",""price"":""725.0"",""customName"":""""},{""name"":""Mix Fruit"",""price"":""725.0"",""customName"":""""},{""name"":""Almond Honey"",""price"":""725.0"",""customName"":""""},{""name"":""Choco Crunch"",""price"":""725.0"",""customName"":""""},{""name"":""Rainbow"",""price"":""725.0"",""customName"":""""},{""name"":""Choco Vanilla"",""price"":""725.0"",""customName"":""""},{""name"":""White Forest"",""price"":""725.0"",""customName"":""""}]",,,,Moti bakery,,0,0,0,0,0,,Cake 1210,General,725.0,,10,active,https://jygsbebawnkvyaqohxes.supabase.co/storage/v1/object/public/cake-images/converted_webp/resized_1652698048.webp,2025-02-05 14:09:37+00,2026-05-07 15:27:24.649101+00,6.0,
0dc0435f-a2b3-408d-bc8e-e8378c7df719,cake-1080,Cake 1080,Title,-,flavours,"[{""name"":""Pineapple"",""price"":""1100.0"",""customName"":""""},{""name"":""Butter Scotch"",""price"":""1100.0"",""customName"":""""},{""name"":""Stawberry"",""price"":""1100.0"",""customName"":""""},{""name"":""Caramel Crunch"",""price"":""1100.0"",""customName"":""""},{""name"":""Almond Honey"",""price"":""1100.0"",""customName"":""""},{""name"":""Redvelvet"",""price"":""1100.0"",""customName"":""""}]",,,,Moti bakery,,0,0,0,0,0,,Cake 1080,General,1100.0,,6,active,https://jygsbebawnkvyaqohxes.supabase.co/storage/v1/object/public/cake-images/converted_webp/resized_1576604885251.webp,2025-02-05 14:48:44+00,2026-05-07 15:25:48.910566+00,4.0,
0dc36798-9067-40f9-a391-be57299defbf,cake-500,Cake 500,Title,-,flavours,"[{""name"":""Pineapple"",""price"":""675.0"",""customName"":""""},{""name"":""Butter Scotch"",""price"":""675.0"",""customName"":""""},{""name"":""Strawberry"",""price"":""675.0"",""customName"":""""},{""name"":""Almond Honey"",""price"":""675.0"",""customName"":""""},{""name"":""Caramel Crunch"",""price"":""675.0"",""customName"":""""},{""name"":""Redvelvet"",""price"":""675.0"",""customName"":""""}]",,,,Moti bakery,,0,0,0,0,0,,Cake 500,General,675.0,,6,active,https://jygsbebawnkvyaqohxes.supabase.co/storage/v1/object/public/cake-images/converted_webp/resized_1576605135599.webp,2025-02-05 16:18:33+00,2026-05-07 15:21:58.105731+00,6.0,
0eb9d5e5-3c3e-466a-868b-a4494758d066,cake-1088,Cake 1088,Title,-,flavours,"[{""name"":""Pineapple"",""price"":""1000.0"",""customName"":""""},{""name"":""Btter Scotch"",""price"":""1000.0"",""customName"":""""},{""name"":""Strawberry"",""price"":""1000.0"",""customName"":""""}]",,,,Moti bakery,,0,0,0,0,0,,Cake 1088,General,1000.0,,3,active,https://jygsbebawnkvyaqohxes.supabase.co/storage/v1/object/public/cake-images/converted_webp/resized_FBIMG1579161856571.webp,2025-02-05 14:47:46+00,2026-05-07 15:25:53.708139+00,2.0,
0f112d1a-5782-432f-95a6-51dc3af0b27c,cake-1174,Cake 1174,Title,-,flavours,"[{""name"":""Butterscotch"",""price"":""700.0"",""customName"":""""},{""name"":""Strawberry"",""price"":""700.0"",""customName"":""""},{""name"":""Pineapple"",""price"":""700.0"",""customName"":""""},{""name"":""Black Forest"",""price"":""700.0"",""customName"":""""},{""name"":""Mix Fruit"",""price"":""700.0"",""customName"":""""},{""name"":""Almond Honey"",""price"":""700.0"",""customName"":""""},{""name"":""Choco Crunch"",""price"":""700.0"",""customName"":""""},{""name"":""Rainbow"",""price"":""700.0"",""customName"":""""},{""name"":""Choco Vanilla"",""price"":""700.0"",""customName"":""""},{""name"":""White Forest"",""price"":""700.0"",""customName"":""""}]",,,,Moti bakery,,0,0,0,0,0,,Cake 1174,General,700.0,,10,active,https://jygsbebawnkvyaqohxes.supabase.co/storage/v1/object/public/cake-images/converted_webp/resized_1652693365.webp,2025-02-05 14:09:37+00,2026-05-07 15:27:04.772859+00,3.0,
0fbf632f-5854-4905-8fc4-89b3d69e0fe9,cake-933,Cake 933,Title,-,flavours,"[{""name"":""Pineapple"",""price"":""1200.0"",""customName"":""""},{""name"":""Butter Scotch"",""price"":""1200.0"",""customName"":""""},{""name"":""Strawberry"",""price"":""1200.0"",""customName"":""""}]",,,,Moti bakery,,0,0,0,0,0,,Cake 933,General,1200.0,,3,active,https://jygsbebawnkvyaqohxes.supabase.co/storage/v1/object/public/cake-images/converted_webp/00440.webp,2025-02-05 14:29:52+00,2026-05-07 15:24:27.171844+00,2.0,
10947cb7-7814-4ab4-98fd-37de16a0770f,cake-922,Cake 922,Title,-,flavours,"[{""name"":""Pineapple"",""price"":""1200.0"",""customName"":""""},{""name"":""Butter Scotch"",""price"":""1200.0"",""customName"":""""},{""name"":""Strawberry"",""price"":""1200.0"",""customName"":""""}]",,,,Moti bakery,,0,0,0,0,0,,Cake 922,General,1200.0,,3,active,https://jygsbebawnkvyaqohxes.supabase.co/storage/v1/object/public/cake-images/converted_webp/00429.webp,2025-02-05 14:48:44+00,2026-05-07 15:24:20.006127+00,4.0,
10c6bc34-bbdf-4fcf-ba42-88bbe1a34ca2,cake-159,Cake 159,Title,-,flavours,"[{""name"":""Pineapple"",""price"":""700.0"",""customName"":""""},{""name"":""Butter Scotch"",""price"":""700.0"",""customName"":""""},{""name"":""Strawberry"",""price"":""700.0"",""customName"":""""}]",,,,Moti bakery,,0,0,0,0,0,,Cake 159,General,700.0,,3,active,https://jygsbebawnkvyaqohxes.supabase.co/storage/v1/object/public/cake-images/converted_webp/resized_0159.webp,2025-10-07 08:08:00+00,2026-05-07 15:20:25.633241+00,2.0,
10d4dabb-3325-4269-947c-0a38512a1b79,cake-861,Cake 861,Title,-,flavours,"[{""name"":""Butterscotch"",""price"":""925.0"",""customName"":""""},{""name"":""Strawberry"",""price"":""925.0"",""customName"":""""},{""name"":""Pineapple"",""price"":""925.0"",""customName"":""""},{""name"":""Black Forest"",""price"":""925.0"",""customName"":""""},{""name"":""Mix Fruit"",""price"":""925.0"",""customName"":""""},{""name"":""Almond Honey"",""price"":""925.0"",""customName"":""""},{""name"":""Choco Crunch"",""price"":""925.0"",""customName"":""""},{""name"":""Rainbow"",""price"":""925.0"",""customName"":""""},{""name"":""Choco Vanilla"",""price"":""925.0"",""customName"":""""},{""name"":""White Forest"",""price"":""925.0"",""customName"":""""}]",,,,Moti bakery,,0,0,0,0,0,,Cake 861,General,925.0,,10,active,https://jygsbebawnkvyaqohxes.supabase.co/storage/v1/object/public/cake-images/converted_webp/resized_1652705852.webp,2025-02-05 14:09:37+00,2026-05-07 15:24:06.726511+00,5.0,
10f1fafe-2b35-4d90-89c8-53f1f4aaf9df,cake-1310,Cake 1310,Title,-,flavours,"[{""name"":""Butterscotch"",""price"":""1200.0"",""customName"":""""},{""name"":""Strawberry"",""price"":""1200.0"",""customName"":""""},{""name"":""Pineapple"",""price"":""1200.0"",""customName"":""""},{""name"":""Black Forest"",""price"":""1200.0"",""customName"":""""},{""name"":""Mix Fruit"",""price"":""1200.0"",""customName"":""""},{""name"":""Almond Honey"",""price"":""1200.0"",""customName"":""""},{""name"":""Choco Crunch"",""price"":""1200.0"",""customName"":""""},{""name"":""Rainbow"",""price"":""1200.0"",""customName"":""""},{""name"":""Choco Vanilla"",""price"":""1200.0"",""customName"":""""},{""name"":""White Forest"",""price"":""1200.0"",""customName"":""""}]",,,,Moti bakery,,0,0,0,0,0,,Cake 1310,General,1200.0,,10,active,https://jygsbebawnkvyaqohxes.supabase.co/storage/v1/object/public/cake-images/converted_webp/resized_1652708909.webp,2025-02-05 14:47:46+00,2026-05-07 15:28:15.440169+00,7.0,
11770453-7b6b-49c3-bf6c-f9d0b7447b1a,cake-1131,Cake 1131,Title,-,flavours,"[{""name"":""Butterscotch"",""price"":""700.0"",""customName"":""""},{""name"":""Strawberry"",""price"":""700.0"",""customName"":""""},{""name"":""Pineapple"",""price"":""700.0"",""customName"":""""},{""name"":""Black Forest"",""price"":""700.0"",""customName"":""""},{""name"":""Mix Fruit"",""price"":""700.0"",""customName"":""""},{""name"":""Almond Honey"",""price"":""700.0"",""customName"":""""},{""name"":""Choco Crunch"",""price"":""700.0"",""customName"":""""},{""name"":""Rainbow"",""price"":""700.0"",""customName"":""""},{""name"":""Choco Vanilla"",""price"":""700.0"",""customName"":""""},{""name"":""White Forest"",""price"":""700.0"",""customName"":""""}]",,,,Moti bakery,,0,0,0,0,0,,Cake 1131,General,700.0,,10,active,https://jygsbebawnkvyaqohxes.supabase.co/storage/v1/object/public/cake-images/converted_webp/resized_1652684594.webp,2025-02-05 14:09:37+00,2026-05-07 15:26:37.076346+00,3.0,
117a5b6b-609c-49a0-84c9-2d9eca6dda71,cake-417,Cake 417,Title,-,flavours,"[{""name"":""Pineapple"",""price"":""675.0"",""customName"":""""},{""name"":""Butter Scotch"",""price"":""675.0"",""customName"":""""},{""name"":""Strawberry"",""price"":""675.0"",""customName"":""""}]",,,,Moti bakery,,0,0,0,0,0,,Cake 417,General,675.0,,3,active,https://jygsbebawnkvyaqohxes.supabase.co/storage/v1/object/public/cake-images/converted_webp/resized_204.webp,2025-02-05 14:09:37+00,2026-05-07 15:21:12.297647+00,3.0,
117cc451-dcdc-4dce-a5c6-3c6e0bfce40c,cake-514,Cake 514,Title,-,flavours,"[{""name"":""Pineapple"",""price"":""675.0"",""customName"":""""},{""name"":""Butter Scotch"",""price"":""675.0"",""customName"":""""},{""name"":""Strawberry"",""price"":""675.0"",""customName"":""""},{""name"":""Almond Honey"",""price"":""675.0"",""customName"":""""},{""name"":""Caramel Crunch"",""price"":""675.0"",""customName"":""""},{""name"":""Redvelvet"",""price"":""675.0"",""customName"":""""}]",,,,Moti bakery,,0,0,0,0,0,,Cake 514,General,675.0,,6,active,https://jygsbebawnkvyaqohxes.supabase.co/storage/v1/object/public/cake-images/converted_webp/resized_FBIMG1578638030341.webp,2025-02-05 16:21:53+00,2026-05-07 15:22:06.871757+00,4.0,
118f8058-c86f-43e0-a2cb-9a6c1af4cd42,cake-1380,Cake 1380,Title,-,flavours,"[{""name"":""Butterscotch"",""price"":""1200.0"",""customName"":""""},{""name"":""Strawberry"",""price"":""1200.0"",""customName"":""""},{""name"":""Pineapple"",""price"":""1200.0"",""customName"":""""},{""name"":""Black Forest"",""price"":""1200.0"",""customName"":""""},{""name"":""Mix Fruit"",""price"":""1200.0"",""customName"":""""},{""name"":""Almond Honey"",""price"":""1200.0"",""customName"":""""},{""name"":""Choco Crunch"",""price"":""1200.0"",""customName"":""""},{""name"":""Rainbow"",""price"":""1200.0"",""customName"":""""},{""name"":""Choco Vanilla"",""price"":""1200.0"",""customName"":""""},{""name"":""White Forest"",""price"":""1200.0"",""customName"":""""}]",,,,Moti bakery,,0,0,0,0,0,,Cake 1380,General,1200.0,,10,active,https://jygsbebawnkvyaqohxes.supabase.co/storage/v1/object/public/cake-images/converted_webp/resized_1652768391.webp,2025-02-05 14:55:24+00,2026-05-07 15:28:53.981773+00,4.0,
11a00389-50f2-4763-a2d3-f3fbe0372607,cake-67,Cake 67,Title,-,flavours,"[{""name"":""Pineapple"",""price"":""700.0"",""customName"":""""},{""name"":""Butter Scotch"",""price"":""700.0"",""customName"":""""},{""name"":""Strawberry"",""price"":""700.0"",""customName"":""""}]",,,,Moti bakery,,0,0,0,0,0,,Cake 67,General,700.0,,3,active,https://jygsbebawnkvyaqohxes.supabase.co/storage/v1/object/public/cake-images/converted_webp/00067.webp,2025-02-05 14:09:37+00,2026-05-07 15:19:34.318306+00,1.5,
11b84f5c-9c81-4c54-ac60-253c1b1d3687,cake-496,Cake 496,Title,-,flavours,"[{""name"":""Pineapple"",""price"":""775.0"",""customName"":""""},{""name"":""Butter Scotch"",""price"":""775.0"",""customName"":""""},{""name"":""Strawberry"",""price"":""775.0"",""customName"":""""},{""name"":""Almond Honey"",""price"":""775.0"",""customName"":""""},{""name"":""Caramel Crunch"",""price"":""775.0"",""customName"":""""},{""name"":""Redvelvet"",""price"":""775.0"",""customName"":""""}]",,,,Moti bakery,,0,0,0,0,0,,Cake 496,General,775.0,,6,active,https://jygsbebawnkvyaqohxes.supabase.co/storage/v1/object/public/cake-images/converted_webp/resized_1576604975435.webp,2025-02-05 16:18:03+00,2026-05-07 15:21:55.631984+00,4.0,
12c95b5b-e16a-4a0d-a131-6f3dbb0e9ba5,cake-426,Cake 426,Title,-,flavours,"[{""name"":""Pineapple"",""price"":""700.0"",""customName"":""""},{""name"":""Butter Scotch"",""price"":""700.0"",""customName"":""""},{""name"":""Strawberry"",""price"":""700.0"",""customName"":""""}]",,,,Moti bakery,,0,0,0,0,0,,Cake 426,General,700.0,,3,active,https://jygsbebawnkvyaqohxes.supabase.co/storage/v1/object/public/cake-images/converted_webp/resized_214.webp,2025-02-05 14:09:37+00,2026-05-07 15:21:17.015137+00,5.0,
1303d4a6-4493-4f6e-b40b-9249df2e8987,cake-180,Cake 180,Title,-,flavours,"[{""name"":""- Pineapple"",""price"":""675.0"",""customName"":""""},{""name"":""Butter Scotch"",""price"":""675.0"",""customName"":""""},{""name"":""Strawberry"",""price"":""675.0"",""customName"":""""}]",,,,Moti bakery,,0,0,0,0,0,,Cake 180,General,675.0,,3,active,https://jygsbebawnkvyaqohxes.supabase.co/storage/v1/object/public/cake-images/converted_webp/resized_1576605136185.webp,2025-02-05 15:44:59+00,2026-05-07 15:20:36.477058+00,1.5,
1316918b-705d-4a46-bf10-5ac36b11610a,cake-645,Cake 645,Title,-,flavours,"[{""name"":""Chocolate Truffle"",""price"":""875.0"",""customName"":""""}]",,,,Moti bakery,,0,0,0,0,0,,Cake 645,General,875.0,,1,active,https://jygsbebawnkvyaqohxes.supabase.co/storage/v1/object/public/cake-images/converted_webp/resized_285.webp,2025-02-05 14:09:37+00,2026-05-07 15:22:35.87172+00,1.0,
13473929-8eaa-4a04-987c-94d05a88d180,cake-1148,Cake 1148,Title,-,flavours,"[{""name"":""Butterscotch"",""price"":""750.0"",""customName"":""""},{""name"":""Strawberry"",""price"":""750.0"",""customName"":""""},{""name"":""Pineapple"",""price"":""750.0"",""customName"":""""},{""name"":""Black Forest"",""price"":""750.0"",""customName"":""""},{""name"":""Mix Fruit"",""price"":""750.0"",""customName"":""""},{""name"":""Almond Honey"",""price"":""750.0"",""customName"":""""},{""name"":""Choco Crunch"",""price"":""750.0"",""customName"":""""},{""name"":""Rainbow"",""price"":""750.0"",""customName"":""""},{""name"":""Choco Vanilla"",""price"":""750.0"",""customName"":""""},{""name"":""White Forest"",""price"":""750.0"",""customName"":""""}]",,,,Moti bakery,,0,0,0,0,0,,Cake 1148,General,750.0,,10,active,https://jygsbebawnkvyaqohxes.supabase.co/storage/v1/object/public/cake-images/converted_webp/resized_1652687391.webp,2025-02-05 14:09:37+00,2026-05-07 15:26:50.173408+00,3.0,
13957c5b-0cbc-4d9b-85ac-c1e8756e4b1a,cake-1054,Cake 1054,Title,-,flavours,"[{""name"":""Pineapple"",""price"":""1200.0"",""customName"":""""},{""name"":""Butter Scotch"",""price"":""1200.0"",""customName"":""""},{""name"":""Strawberry"",""price"":""1200.0"",""customName"":""""}]",,,,Moti bakery,,0,0,0,0,0,,Cake 1054,General,1200.0,,3,active,https://jygsbebawnkvyaqohxes.supabase.co/storage/v1/object/public/cake-images/converted_webp/resized_00561.webp,2025-02-05 14:48:44+00,2026-05-07 15:25:34.654382+00,2.5,
13ab746a-a1a9-4bc0-bfed-a5bbe89b6d59,cake-148,Cake 148,Title,-,flavours,"[{""name"":""Pineapple"",""price"":""675.0"",""customName"":""""},{""name"":""Butter Scotch"",""price"":""675.0"",""customName"":""""},{""name"":""Strawberry"",""price"":""675.0"",""customName"":""""}]",,,,Moti bakery,,0,0,0,0,0,,Cake 148,General,675.0,,3,active,https://jygsbebawnkvyaqohxes.supabase.co/storage/v1/object/public/cake-images/converted_webp/resized_0148.webp,2025-02-05 14:09:37+00,2026-05-07 15:20:20.192114+00,2.0,
13c607c7-942d-4811-9ce1-22a46595db05,cake-828,Cake 828,Title,-,flavours,"[{""name"":""Pineapple"",""price"":""700.0"",""customName"":""""},{""name"":""Butter Scotch"",""price"":""700.0"",""customName"":""""},{""name"":""Strawberry"",""price"":""700.0"",""customName"":""""}]",,,,Moti bakery,,0,0,0,0,0,,Cake 828,General,700.0,,3,active,https://jygsbebawnkvyaqohxes.supabase.co/storage/v1/object/public/cake-images/converted_webp/resized_394.webp,2025-02-05 14:09:37+00,2026-05-07 15:23:49.820619+00,3.0,
1434bec9-4aac-4cec-98b3-6f9f804cf940,cake-659,Cake 659,Title,-,flavours,"[{""name"":""Chocolate Cream Cake"",""price"":""775.0"",""customName"":""""}]",,,,Moti bakery,,0,0,0,0,0,,Cake 659,General,775.0,,1,active,https://jygsbebawnkvyaqohxes.supabase.co/storage/v1/object/public/cake-images/converted_webp/resized_301.webp,2025-02-05 14:09:37+00,2026-05-07 15:22:43.541862+00,3.5,
14a92746-63dc-4d69-ab24-97604c0f05a5,cake-727,Cake 727,Title,-,flavours,"[{""name"":""Pineapple"",""price"":""675.0"",""customName"":""""},{""name"":""Butter Scotch"",""price"":""675.0"",""customName"":""""},{""name"":""Strawberry"",""price"":""675.0"",""customName"":""""}]",,,,Moti bakery,,0,0,0,0,0,,Cake 727,General,675.0,,3,active,https://jygsbebawnkvyaqohxes.supabase.co/storage/v1/object/public/cake-images/converted_webp/resized_328.webp,2025-02-05 14:09:37+00,2026-05-07 15:22:58.90755+00,1.0,
14d709cb-e697-4381-bbd7-06d0453506de,cake-145,Cake 145,Title,-,flavours,"[{""name"":""Pineapple"",""price"":""650.0"",""customName"":""""},{""name"":""Butter Scotch"",""price"":""650.0"",""customName"":""""},{""name"":""Strawberry"",""price"":""650.0"",""customName"":""""}]",,,,Moti bakery,,0,0,0,0,0,,Cake 145,General,650.0,,3,active,https://jygsbebawnkvyaqohxes.supabase.co/storage/v1/object/public/cake-images/converted_webp/resized_0145.webp,2025-02-05 14:09:37+00,2026-05-07 15:20:18.554539+00,1.5,
1509103f-e7e5-4ee4-ac33-93496079ae90,cake-1303,Cake 1303,Title,-,flavours,"[{""name"":""Butterscotch"",""price"":""0.00"",""customName"":""""},{""name"":""Strawberry"",""price"":""0.00"",""customName"":""""},{""name"":""Pineapple"",""price"":""0.00"",""customName"":""""},{""name"":""Black Forest"",""price"":""0.00"",""customName"":""""},{""name"":""Mix Fruit"",""price"":""0.00"",""customName"":""""},{""name"":""Almond Honey"",""price"":""0.00"",""customName"":""""},{""name"":""Choco Crunch"",""price"":""0.00"",""customName"":""""},{""name"":""Rainbow"",""price"":""0.00"",""customName"":""""},{""name"":""Choco Vanilla"",""price"":""0.00"",""customName"":""""},{""name"":""White Forest"",""price"":""0.00"",""customName"":""""}]",,,,Moti bakery,,0,0,0,0,0,,Cake 1303,General,,,10,active,https://jygsbebawnkvyaqohxes.supabase.co/storage/v1/object/public/cake-images/converted_webp/resized_1652706810.webp,2022-05-16 02:13:30+00,2026-05-07 15:28:11.542087+00,4.0,
152ccd37-2a1e-41a7-b4c5-93f94f92cdc4,cake-1118,Cake 1118,Title,-,flavours,"[{""name"":""Pineapple"",""price"":""1200.0"",""customName"":""""},{""name"":""Butter Scotch"",""price"":""1200.0"",""customName"":""""},{""name"":""Strawberry"",""price"":""1200.0"",""customName"":""""}]",,,,Moti bakery,,0,0,0,0,0,,Cake 1118,General,1200.0,,3,active,https://jygsbebawnkvyaqohxes.supabase.co/storage/v1/object/public/cake-images/converted_webp/resized_IMG20200904WA0017.webp,2025-02-05 14:47:46+00,2026-05-07 15:26:30.363698+00,3.0,
1545bb4a-c304-4294-bab7-e4c5a81addd4,cake-1267,Cake 1267,Title,-,flavours,"[{""name"":""Choco Crunch"",""price"":""975.0"",""customName"":""""},{""name"":""Choco Vanilla"",""price"":""975.0"",""customName"":""""},{""name"":""Chocolate Truffle"",""price"":""975.0"",""customName"":""""}]",,,,Moti bakery,,0,0,0,0,0,,Cake 1267,General,975.0,,3,active,https://jygsbebawnkvyaqohxes.supabase.co/storage/v1/object/public/cake-images/converted_webp/resized_1652702708.webp,2025-02-05 14:09:37+00,2026-05-07 15:28:00.061538+00,1.0,
1574639b-9445-4963-9fc7-c5fdca1f023e,cake-747,Cake 747,Title,-,flavours,"[{""name"":""Pineapple"",""price"":""675.0"",""customName"":""""},{""name"":""Butter Scotch"",""price"":""675.0"",""customName"":""""},{""name"":""Strawberry"",""price"":""675.0"",""customName"":""""}]",,,,Moti bakery,,0,0,0,0,0,,Cake 747,General,675.0,,3,active,https://jygsbebawnkvyaqohxes.supabase.co/storage/v1/object/public/cake-images/converted_webp/resized_360.webp,2025-02-05 14:09:37+00,2026-05-07 15:23:09.438732+00,2.0,
1599f59f-8a47-4f66-b35c-4682813200f4,cake-1219,Cake 1219,Title,-,flavours,"[{""name"":""Butterscotch"",""price"":""825.0"",""customName"":""""},{""name"":""Strawberry"",""price"":""825.0"",""customName"":""""},{""name"":""Pineapple"",""price"":""825.0"",""customName"":""""},{""name"":""Black Forest"",""price"":""825.0"",""customName"":""""},{""name"":""Mix Fruit"",""price"":""825.0"",""customName"":""""},{""name"":""Almond Honey"",""price"":""825.0"",""customName"":""""},{""name"":""Choco Crunch"",""price"":""825.0"",""customName"":""""},{""name"":""Rainbow"",""price"":""825.0"",""customName"":""""},{""name"":""Choco Vanilla"",""price"":""825.0"",""customName"":""""},{""name"":""White Forest"",""price"":""825.0"",""customName"":""""}]",,,,Moti bakery,,0,0,0,0,0,,Cake 1219,General,825.0,,10,active,https://jygsbebawnkvyaqohxes.supabase.co/storage/v1/object/public/cake-images/converted_webp/resized_1652698824.webp,2025-02-05 14:09:37+00,2026-05-07 15:27:29.646319+00,4.0,
15bc6841-dd8f-4ffb-b79f-b0679be04ea3,cake-186,Cake 186,Title,-,flavours,"[{""name"":""Pineapple"",""price"":""675.0"",""customName"":""""},{""name"":""Butter Scotch"",""price"":""675.0"",""customName"":""""},{""name"":""Strawberry"",""price"":""675.0"",""customName"":""""},{""name"":""Almond Honey"",""price"":""675.0"",""customName"":""""},{""name"":""Caramel Crunch"",""price"":""675.0"",""customName"":""""},{""name"":""Redvelvet"",""price"":""675.0"",""customName"":""""}]",,,,Moti bakery,,0,0,0,0,0,,Cake 186,General,675.0,,6,active,https://jygsbebawnkvyaqohxes.supabase.co/storage/v1/object/public/cake-images/converted_webp/resized_1576605136754.webp,2025-02-05 16:03:26+00,2026-05-07 15:20:39.379735+00,2.0,
15c99980-bd7a-43de-b67f-47145d2136fc,cake-1366,Cake 1366,Title,-,flavours,"[{""name"":""Butterscotch"",""price"":""1200.0"",""customName"":""""},{""name"":""Strawberry"",""price"":""1200.0"",""customName"":""""},{""name"":""Pineapple"",""price"":""1200.0"",""customName"":""""},{""name"":""Black Forest"",""price"":""1200.0"",""customName"":""""},{""name"":""Mix Fruit"",""price"":""1200.0"",""customName"":""""},{""name"":""Almond Honey"",""price"":""1200.0"",""customName"":""""},{""name"":""Choco Crunch"",""price"":""1200.0"",""customName"":""""},{""name"":""Rainbow"",""price"":""1200.0"",""customName"":""""},{""name"":""Choco Vanilla"",""price"":""1200.0"",""customName"":""""},{""name"":""White Forest"",""price"":""1200.0"",""customName"":""""}]",,,,Moti bakery,,0,0,0,0,0,,Cake 1366,General,1200.0,,10,active,https://jygsbebawnkvyaqohxes.supabase.co/storage/v1/object/public/cake-images/converted_webp/resized_1652767865.webp,2025-02-05 14:47:46+00,2026-05-07 15:28:46.658378+00,3.0,
1627cfc4-d34a-4fe0-82ce-726cab54cebd,cake-133,Cake 133,Title,-,flavours,"[{""name"":""Pineapple"",""price"":""675.0"",""customName"":""""},{""name"":""Butter Scotch"",""price"":""675.0"",""customName"":""""},{""name"":""Strawberry"",""price"":""675.0"",""customName"":""""}]",,,,Moti bakery,,0,0,0,0,0,,Cake 133,General,675.0,,3,active,https://jygsbebawnkvyaqohxes.supabase.co/storage/v1/object/public/cake-images/converted_webp/resized_0133.webp,2025-02-05 14:09:37+00,2026-05-07 15:20:12.289646+00,1.5,
165c5524-7a8b-43d6-87ce-de1cb2ceab85,cake-779,Cake 779,Title,-,flavours,"[{""name"":""Pineapple"",""price"":""675.0"",""customName"":""""},{""name"":""Butter Scotch"",""price"":""675.0"",""customName"":""""},{""name"":""Strawberry"",""price"":""675.0"",""customName"":""""}]",,,,Moti bakery,,0,0,0,0,0,,Cake 779,General,675.0,,3,active,https://jygsbebawnkvyaqohxes.supabase.co/storage/v1/object/public/cake-images/converted_webp/resized_1576596140918.webp,2025-02-05 16:30:53+00,2026-05-07 15:23:26.254453+00,4.0,
16631f57-420e-49e8-ae73-a16dd810123e,cake-1319,Cake 1319,Title,-,flavours,"[{""name"":""Butterscotch"",""price"":""0.00"",""customName"":""""},{""name"":""Strawberry"",""price"":""0.00"",""customName"":""""},{""name"":""Pineapple"",""price"":""0.00"",""customName"":""""},{""name"":""Black Forest"",""price"":""0.00"",""customName"":""""},{""name"":""Mix Fruit"",""price"":""0.00"",""customName"":""""},{""name"":""Almond Honey"",""price"":""0.00"",""customName"":""""},{""name"":""Choco Crunch"",""price"":""0.00"",""customName"":""""},{""name"":""Rainbow"",""price"":""0.00"",""customName"":""""},{""name"":""Choco Vanilla"",""price"":""0.00"",""customName"":""""},{""name"":""White Forest"",""price"":""0.00"",""customName"":""""}]",,,,Moti bakery,,0,0,0,0,0,,Cake 1319,General,,,10,active,https://jygsbebawnkvyaqohxes.supabase.co/storage/v1/object/public/cake-images/converted_webp/resized_1652709327.webp,2022-05-16 02:55:27+00,2026-05-07 15:28:20.442919+00,4.0,
167f7387-3584-4b02-80a1-649125c5aa00,cake-1079,Cake 1079,Title,-,flavours,"[{""name"":""Pineapple"",""price"":""1100.0"",""customName"":""""},{""name"":""Butter Scotch"",""price"":""1100.0"",""customName"":""""},{""name"":""Stawberry"",""price"":""1100.0"",""customName"":""""},{""name"":""Caramel Crunch"",""price"":""1100.0"",""customName"":""""},{""name"":""Almond Honey"",""price"":""1100.0"",""customName"":""""},{""name"":""Redvelvet"",""price"":""1100.0"",""customName"":""""}]",,,,Moti bakery,,0,0,0,0,0,,Cake 1079,General,1100.0,,6,active,https://jygsbebawnkvyaqohxes.supabase.co/storage/v1/object/public/cake-images/converted_webp/resized_1576596634290.webp,2025-02-05 14:48:44+00,2026-05-07 15:25:48.475863+00,5.0,
16a12894-864d-402e-849e-e958e8893b05,cake-1378,Cake 1378,Title,-,flavours,"[{""name"":""Butterscotch"",""price"":""1200.0"",""customName"":""""},{""name"":""Strawberry"",""price"":""1200.0"",""customName"":""""},{""name"":""Pineapple"",""price"":""1200.0"",""customName"":""""},{""name"":""Black Forest"",""price"":""1200.0"",""customName"":""""},{""name"":""Mix Fruit"",""price"":""1200.0"",""customName"":""""},{""name"":""Almond Honey"",""price"":""1200.0"",""customName"":""""},{""name"":""Choco Crunch"",""price"":""1200.0"",""customName"":""""},{""name"":""Rainbow"",""price"":""1200.0"",""customName"":""""},{""name"":""Choco Vanilla"",""price"":""1200.0"",""customName"":""""},{""name"":""White Forest"",""price"":""1200.0"",""customName"":""""}]",,,,Moti bakery,,0,0,0,0,0,,Cake 1378,General,1200.0,,10,active,https://jygsbebawnkvyaqohxes.supabase.co/storage/v1/object/public/cake-images/converted_webp/resized_1652768319.webp,2025-02-05 14:47:46+00,2026-05-07 15:28:53.01066+00,8.0,
172b835f-5362-4270-9e63-0e6a29c829a5,cake-1368,Cake 1368,Title,-,flavours,"[{""name"":""Butterscotch"",""price"":""1200.0"",""customName"":""""},{""name"":""Strawberry"",""price"":""1200.0"",""customName"":""""},{""name"":""Pineapple"",""price"":""1200.0"",""customName"":""""},{""name"":""Black Forest"",""price"":""1200.0"",""customName"":""""},{""name"":""Mix Fruit"",""price"":""1200.0"",""customName"":""""},{""name"":""Almond Honey"",""price"":""1200.0"",""customName"":""""},{""name"":""Choco Crunch"",""price"":""1200.0"",""customName"":""""},{""name"":""Rainbow"",""price"":""1200.0"",""customName"":""""},{""name"":""Choco Vanilla"",""price"":""1200.0"",""customName"":""""},{""name"":""White Forest"",""price"":""1200.0"",""customName"":""""}]",,,,Moti bakery,,0,0,0,0,0,,Cake 1368,General,1200.0,,10,active,https://jygsbebawnkvyaqohxes.supabase.co/storage/v1/object/public/cake-images/converted_webp/resized_1652767944.webp,2025-02-05 14:47:46+00,2026-05-07 15:28:47.684936+00,5.0,
17602ad3-ce18-48a2-816b-a8c1d04ec55a,cake-172,Cake 172,Title,-,flavours,"[{""name"":""Pineapple"",""price"":""675.0"",""customName"":""""},{""name"":""Butter Scotch"",""price"":""675.0"",""customName"":""""},{""name"":""Strawberry"",""price"":""675.0"",""customName"":""""}]",,,,Moti bakery,,0,0,0,0,0,,Cake 172,General,675.0,,3,active,https://jygsbebawnkvyaqohxes.supabase.co/storage/v1/object/public/cake-images/converted_webp/resized_0178.webp,2025-02-05 14:09:37+00,2026-05-07 15:20:32.484067+00,2.0,
17c0bc56-7b9c-4ead-b22c-972062560897,cake-755,Cake 755,Title,-,flavours,"[{""name"":""Pineapple"",""price"":""725.0"",""customName"":""""},{""name"":""Butter Scotch"",""price"":""725.0"",""customName"":""""},{""name"":""Strawberry"",""price"":""725.0"",""customName"":""""}]",,,,Moti bakery,,0,0,0,0,0,,Cake 755,General,725.0,,3,active,https://jygsbebawnkvyaqohxes.supabase.co/storage/v1/object/public/cake-images/converted_webp/resized_340.webp,2025-02-05 14:09:37+00,2026-05-07 15:23:13.47991+00,4.0,
182b5d54-325d-4975-9f75-e7c9f99c6ed9,cake-1197,Cake 1197,Title,-,flavours,"[{""name"":""Butterscotch"",""price"":""700.0"",""customName"":""""},{""name"":""Strawberry"",""price"":""700.0"",""customName"":""""},{""name"":""Pineapple"",""price"":""700.0"",""customName"":""""},{""name"":""Black Forest"",""price"":""700.0"",""customName"":""""},{""name"":""Mix Fruit"",""price"":""700.0"",""customName"":""""},{""name"":""Almond Honey"",""price"":""700.0"",""customName"":""""},{""name"":""Choco Crunch"",""price"":""700.0"",""customName"":""""},{""name"":""Rainbow"",""price"":""700.0"",""customName"":""""},{""name"":""Choco Vanilla"",""price"":""700.0"",""customName"":""""},{""name"":""White Forest"",""price"":""700.0"",""customName"":""""}]",,,,Moti bakery,,0,0,0,0,0,,Cake 1197,General,700.0,,10,active,https://jygsbebawnkvyaqohxes.supabase.co/storage/v1/object/public/cake-images/converted_webp/resized_1652696347.webp,2025-02-05 14:09:37+00,2026-05-07 15:27:16.953144+00,3.0,
184eb119-8b47-46b1-87a1-d3d77eb029fe,cake-1262,Cake 1262,Title,-,flavours,"[{""name"":""Choco Crunch"",""price"":""825.0"",""customName"":""""},{""name"":""Choco Vanilla"",""price"":""825.0"",""customName"":""""},{""name"":""Chocolate Truffle"",""price"":""825.0"",""customName"":""""}]",,,,Moti bakery,,0,0,0,0,0,,Cake 1262,General,825.0,,3,active,https://jygsbebawnkvyaqohxes.supabase.co/storage/v1/object/public/cake-images/converted_webp/resized_1652702495.webp,2025-02-05 14:09:37+00,2026-05-07 15:27:56.385478+00,1.0,
18a38233-7aed-4d4e-8eb6-95425ec8ca35,cake-78,Cake 78,Title,-,flavours,"[{""name"":""Pineapple"",""price"":""675.0"",""customName"":""""},{""name"":""Butter Scotch"",""price"":""675.0"",""customName"":""""},{""name"":""Strawberry"",""price"":""675.0"",""customName"":""""}]",,,,Moti bakery,,0,0,0,0,0,,Cake 78,General,675.0,,3,active,https://jygsbebawnkvyaqohxes.supabase.co/storage/v1/object/public/cake-images/converted_webp/00078.webp,2025-02-05 14:09:37+00,2026-05-07 15:19:40.68057+00,2.0,
18b49e46-6a5c-494c-952b-a47cee9a7181,cake-836,Cake 836,Title,-,flavours,"[{""name"":""Pineapple"",""price"":""725.0"",""customName"":""""},{""name"":""Butter Scotch"",""price"":""725.0"",""customName"":""""},{""name"":""Strawberry"",""price"":""725.0"",""customName"":""""}]",,,,Moti bakery,,0,0,0,0,0,,Cake 836,General,725.0,,3,active,https://jygsbebawnkvyaqohxes.supabase.co/storage/v1/object/public/cake-images/converted_webp/resized_402.webp,2025-02-05 14:09:37+00,2026-05-07 15:23:54.32721+00,4.0,
194dd143-7082-44d2-a89d-2cfed63ec4fd,cake-966,Cake 966,Title,-,flavours,"[{""name"":""Pineapple"",""price"":""1200.0"",""customName"":""""},{""name"":""Butter Scotch"",""price"":""1200.0"",""customName"":""""},{""name"":""Strawberry"",""price"":""1200.0"",""customName"":""""}]",,,,Moti bakery,,0,0,0,0,0,,Cake 966,General,1200.0,,3,active,https://jygsbebawnkvyaqohxes.supabase.co/storage/v1/object/public/cake-images/converted_webp/00474.webp,2025-02-05 14:37:45+00,2026-05-07 15:24:45.054781+00,3.0,
198863dc-b298-4f7c-b854-db1d330ed334,cake-721,Cake 721,Title,-,flavours,"[{""name"":""Pineapple"",""price"":""650.0"",""customName"":""""},{""name"":""Butter Scotch"",""price"":""650.0"",""customName"":""""},{""name"":""Strawberry"",""price"":""650.0"",""customName"":""""}]",,,,Moti bakery,,0,0,0,0,0,,Cake 721,General,650.0,,3,active,https://jygsbebawnkvyaqohxes.supabase.co/storage/v1/object/public/cake-images/converted_webp/resized_322.webp,2025-02-05 14:16:48+00,2026-05-07 15:22:55.647177+00,2.0,
198ca82e-03b4-45c0-bd04-4a89ad8b6149,cake-511,Cake 511,Title,-,flavours,"[{""name"":""Pineapple"",""price"":""775.0"",""customName"":""""},{""name"":""Butter Scotch"",""price"":""775.0"",""customName"":""""},{""name"":""Strawberry"",""price"":""775.0"",""customName"":""""},{""name"":""Almond Honey"",""price"":""775.0"",""customName"":""""},{""name"":""Caramel Crunch"",""price"":""775.0"",""customName"":""""},{""name"":""Redvelvet"",""price"":""775.0"",""customName"":""""}]",,,,Moti bakery,,0,0,0,0,0,,Cake 511,General,775.0,,6,active,https://jygsbebawnkvyaqohxes.supabase.co/storage/v1/object/public/cake-images/converted_webp/resized_FBIMG1577000217562.webp,2025-02-05 16:20:47+00,2026-05-07 15:22:05.096561+00,5.0,
19dd4180-6931-4b7b-8f90-8790e7b684ac,cake-449,Cake 449,Title,-,flavours,"[{""name"":""Pineapple"",""price"":""675.0"",""customName"":""""},{""name"":""Butters Cotch"",""price"":""675.0"",""customName"":""""},{""name"":""Strawberry"",""price"":""675.0"",""customName"":""""},{""name"":""Oreo Chocolate"",""price"":""675.0"",""customName"":""""}]",,,,Moti bakery,,0,0,0,0,0,,Cake 449,General,675.0,,4,active,https://jygsbebawnkvyaqohxes.supabase.co/storage/v1/object/public/cake-images/converted_webp/resized_257.webp,2025-02-05 14:09:37+00,2026-05-07 15:21:28.706346+00,5.0,
19f755b2-5f4b-4c75-9143-ebf333e7fc25,cake-453,Cake 453,Title,-,flavours,"[{""name"":""Pineapple"",""price"":""700.0"",""customName"":""""},{""name"":""Butter Scotch"",""price"":""700.0"",""customName"":""""},{""name"":""Strawberry"",""price"":""700.0"",""customName"":""""}]",,,,Moti bakery,,0,0,0,0,0,,Cake 453,General,700.0,,3,active,https://jygsbebawnkvyaqohxes.supabase.co/storage/v1/object/public/cake-images/converted_webp/resized_226.webp,2025-02-05 14:09:37+00,2026-05-07 15:21:30.829075+00,3.0,
19f904fc-3c18-440b-8aa0-3a853c0e74bd,cake-1288,Cake 1288,Title,-,flavours,"[{""name"":""Butterscotch"",""price"":""675.0"",""customName"":""""},{""name"":""Strawberry"",""price"":""675.0"",""customName"":""""},{""name"":""Pineapple"",""price"":""675.0"",""customName"":""""},{""name"":""Black Forest"",""price"":""675.0"",""customName"":""""},{""name"":""Mix Fruit"",""price"":""675.0"",""customName"":""""},{""name"":""Almond Honey"",""price"":""675.0"",""customName"":""""},{""name"":""Choco Crunch"",""price"":""675.0"",""customName"":""""},{""name"":""Rainbow"",""price"":""675.0"",""customName"":""""},{""name"":""Choco Vanilla"",""price"":""675.0"",""customName"":""""},{""name"":""White Forest"",""price"":""675.0"",""customName"":""""}]",,,,Moti bakery,,0,0,0,0,0,,Cake 1288,General,675.0,,10,active,https://jygsbebawnkvyaqohxes.supabase.co/storage/v1/object/public/cake-images/converted_webp/resized_1652705300.webp,2025-02-05 14:09:37+00,2026-05-07 15:28:04.777401+00,1.0,
19fb9437-d054-4d9b-a7fa-41cf6c1e7dd0,cake-780,Cake 780,Title,-,flavours,"[{""name"":""Pineapple"",""price"":""675.0"",""customName"":""""},{""name"":""Butter Scotch"",""price"":""675.0"",""customName"":""""},{""name"":""Strawberry"",""price"":""675.0"",""customName"":""""}]",,,,Moti bakery,,0,0,0,0,0,,Cake 780,General,675.0,,3,active,https://jygsbebawnkvyaqohxes.supabase.co/storage/v1/object/public/cake-images/converted_webp/resized_1576596140946.webp,2025-02-05 16:30:59+00,2026-05-07 15:23:26.776729+00,4.0,
1a5e5ac2-50db-41fa-b8e5-56d20e44297e,cake-156,Cake 156,Title,-,flavours,"[{""name"":""Pineapple"",""price"":""700.0"",""customName"":""""},{""name"":""Butter Scotch"",""price"":""700.0"",""customName"":""""},{""name"":""Strawberry"",""price"":""700.0"",""customName"":""""}]",,,,Moti bakery,,0,0,0,0,0,,Cake 156,General,700.0,,3,active,https://jygsbebawnkvyaqohxes.supabase.co/storage/v1/object/public/cake-images/converted_webp/resized_0156.webp,2025-02-05 14:09:37+00,2026-05-07 15:20:24.296489+00,1.0,
1a8d476b-81dd-4f13-bc71-8646e73ea840,cake-520,Cake 520,Title,-,flavours,"[{""name"":""Pineapple"",""price"":""675.0"",""customName"":""""},{""name"":""Butter Scotch"",""price"":""675.0"",""customName"":""""},{""name"":""Strawberry"",""price"":""675.0"",""customName"":""""},{""name"":""Almond Honey"",""price"":""675.0"",""customName"":""""},{""name"":""Caramel Crunch"",""price"":""675.0"",""customName"":""""},{""name"":""Redvelvet"",""price"":""675.0"",""customName"":""""}]",,,,Moti bakery,,0,0,0,0,0,,Cake 520,General,675.0,,6,active,https://jygsbebawnkvyaqohxes.supabase.co/storage/v1/object/public/cake-images/converted_webp/resized_IMG20190102WA0035.webp,2025-02-05 16:22:44+00,2026-05-07 15:22:10.521408+00,6.0,
1b2c80f6-aa33-4363-9aec-7008dc480d48,cake-400,Cake 400,Title,-,flavours,"[{""name"":""Pineapple"",""price"":""700.0"",""customName"":""""},{""name"":""Butter Scotch"",""price"":""700.0"",""customName"":""""},{""name"":""Strawberry"",""price"":""700.0"",""customName"":""""}]",,,,Moti bakery,,0,0,0,0,0,,Cake 400,General,700.0,,3,active,https://jygsbebawnkvyaqohxes.supabase.co/storage/v1/object/public/cake-images/converted_webp/resized_182.webp,2025-02-05 16:04:36+00,2026-05-07 15:21:03.203061+00,3.0,
1bb22033-f851-48d0-84f0-cd55879ea416,cake-154,Cake 154,Title,-,flavours,"[{""name"":""Pineapple"",""price"":""675.0"",""customName"":""""},{""name"":""Butter Scotch"",""price"":""675.0"",""customName"":""""},{""name"":""Strawberry"",""price"":""675.0"",""customName"":""""}]",,,,Moti bakery,,0,0,0,0,0,,Cake 154,General,675.0,,3,active,https://jygsbebawnkvyaqohxes.supabase.co/storage/v1/object/public/cake-images/converted_webp/resized_0154.webp,2025-02-05 14:09:37+00,2026-05-07 15:20:23.367518+00,2.0,
1c3ba789-e139-42be-aa66-9573f166bd91,cake-107,Cake 107,Title,-,flavours,"[{""name"":""Pineapple"",""price"":""800.0"",""customName"":""""},{""name"":""Butter Scotch"",""price"":""800.0"",""customName"":""""},{""name"":""Strawberry"",""price"":""800.0"",""customName"":""""}]",,,,Moti bakery,,0,0,0,0,0,,Cake 107,General,800.0,,3,active,https://jygsbebawnkvyaqohxes.supabase.co/storage/v1/object/public/cake-images/converted_webp/resized_0107.webp,2025-02-05 14:09:37+00,2026-05-07 15:19:59.194713+00,1.0,
1c4a222e-f8bd-4adb-8cd1-7d7a94151237,cake-44,Cake 44,Title,-,flavours,"[{""name"":""Pineapple"",""price"":""650.0"",""customName"":""""},{""name"":""Butter Scotch"",""price"":""650.0"",""customName"":""""},{""name"":""Strawberry"",""price"":""650.0"",""customName"":""""}]",,,,Moti bakery,,0,0,0,0,0,,Cake 44,General,650.0,,3,active,https://jygsbebawnkvyaqohxes.supabase.co/storage/v1/object/public/cake-images/converted_webp/00044.webp,2025-02-05 14:09:37+00,2026-05-07 15:19:22.152121+00,1.0,
1cb9214c-177d-4ea7-97f5-54742e1c0f02,cake-982,Cake 982,Title,-,flavours,"[{""name"":""Pineapple"",""price"":""1200.0"",""customName"":""""},{""name"":""Butter Scotch"",""price"":""1200.0"",""customName"":""""},{""name"":""Strawberry"",""price"":""1200.0"",""customName"":""""}]",,,,Moti bakery,,0,0,0,0,0,,Cake 982,General,1200.0,,3,active,https://jygsbebawnkvyaqohxes.supabase.co/storage/v1/object/public/cake-images/converted_webp/00490.webp,2025-02-05 14:47:46+00,2026-05-07 15:24:53.707072+00,2.0,
1cdb0b7d-855c-44c0-9d1e-99ac1ed41558,cake-1084,Cake 1084,Title,-,flavours,"[{""name"":""Pineapple"",""price"":""1100.0"",""customName"":""""},{""name"":""Butter Scotch"",""price"":""1100.0"",""customName"":""""},{""name"":""Stawberry"",""price"":""1100.0"",""customName"":""""},{""name"":""Caramel Crunch"",""price"":""1100.0"",""customName"":""""},{""name"":""Almond Honey"",""price"":""1100.0"",""customName"":""""},{""name"":""Redvelvet"",""price"":""1100.0"",""customName"":""""}]",,,,Moti bakery,,0,0,0,0,0,,Cake 1084,General,1100.0,,6,active,https://jygsbebawnkvyaqohxes.supabase.co/storage/v1/object/public/cake-images/converted_webp/resized_1576604930851.webp,2025-02-05 14:48:44+00,2026-05-07 15:25:51.039228+00,5.0,
1cdbcc5b-a2d3-41a2-987a-27e5b6474aa4,cake-42,Cake 42,Title,-,flavours,"[{""name"":""Pineapple"",""price"":""650.0"",""customName"":""""},{""name"":""Butter Scotch"",""price"":""650.0"",""customName"":""""},{""name"":""Strawberry"",""price"":""650.0"",""customName"":""""}]",,,,Moti bakery,,0,0,0,0,0,,Cake 42,General,650.0,,3,active,https://jygsbebawnkvyaqohxes.supabase.co/storage/v1/object/public/cake-images/converted_webp/00042.webp,2025-02-05 14:09:37+00,2026-05-07 15:19:20.931657+00,1.0,
1d2d7d5c-b607-4336-b709-0a567e252f37,cake-415,Cake 415,Title,-,flavours,"[{""name"":""Pineapple"",""price"":""675.0"",""customName"":""""},{""name"":""Butter Scotch"",""price"":""675.0"",""customName"":""""},{""name"":""Strawberry"",""price"":""675.0"",""customName"":""""}]",,,,Moti bakery,,0,0,0,0,0,,Cake 415,General,675.0,,3,active,https://jygsbebawnkvyaqohxes.supabase.co/storage/v1/object/public/cake-images/converted_webp/resized_202.webp,2025-02-05 14:09:37+00,2026-05-07 15:21:11.10647+00,3.0,
1d5a75be-e643-4e11-9e90-efd0b2501614,cake-1000,Cake 1000,Title,-,flavours,"[{""name"":""Pineapple"",""price"":""1200.0"",""customName"":""""},{""name"":""Butter Scotch"",""price"":""1200.0"",""customName"":""""},{""name"":""Strawberry"",""price"":""1200.0"",""customName"":""""}]",,,,Moti bakery,,0,0,0,0,0,,Cake 1000,General,1200.0,,3,active,https://jygsbebawnkvyaqohxes.supabase.co/storage/v1/object/public/cake-images/converted_webp/resized_00506.webp,2025-02-05 14:47:46+00,2026-05-07 15:25:03.050728+00,5.0,
1dead758-f278-4335-8349-978f85b31181,cake-227,Cake 227,Title,-,flavours,"[{""name"":""Butterscotch"",""price"":""700.0"",""customName"":""""},{""name"":""Strawberry"",""price"":""700.0"",""customName"":""""},{""name"":""Pineapple"",""price"":""700.0"",""customName"":""""},{""name"":""Black Forest"",""price"":""700.0"",""customName"":""""},{""name"":""Mix Fruit"",""price"":""700.0"",""customName"":""""},{""name"":""Almond Honey"",""price"":""700.0"",""customName"":""""},{""name"":""Choco Crunch"",""price"":""700.0"",""customName"":""""},{""name"":""Rainbow"",""price"":""700.0"",""customName"":""""},{""name"":""Choco Vanilla"",""price"":""700.0"",""customName"":""""},{""name"":""White Forest"",""price"":""700.0"",""customName"":""""}]",,,,Moti bakery,,0,0,0,0,0,,Cake 227,General,700.0,,10,active,https://jygsbebawnkvyaqohxes.supabase.co/storage/v1/object/public/cake-images/converted_webp/resized_1652704883.webp,2025-02-05 14:09:37+00,2026-05-07 15:21:02.690081+00,2.0,
1e06c460-3fc8-4c0c-8764-9b95f9d4e345,cake-757,Cake 757,Title,-,flavours,"[{""name"":""Pineapple"",""price"":""675.0"",""customName"":""""},{""name"":""Butter Scotch"",""price"":""675.0"",""customName"":""""},{""name"":""Strawberry"",""price"":""675.0"",""customName"":""""}]",,,,Moti bakery,,0,0,0,0,0,,Cake 757,General,675.0,,3,active,https://jygsbebawnkvyaqohxes.supabase.co/storage/v1/object/public/cake-images/converted_webp/resized_342.webp,2025-02-05 14:09:37+00,2026-05-07 15:23:14.499413+00,2.5,
1e27bf52-f956-449f-9854-5cb5f37394da,cake-416,Cake 416,Title,-,flavours,"[{""name"":""Pineapple"",""price"":""675.0"",""customName"":""""},{""name"":""Butter Scotch"",""price"":""675.0"",""customName"":""""},{""name"":""Strawberry"",""price"":""675.0"",""customName"":""""}]",,,,Moti bakery,,0,0,0,0,0,,Cake 416,General,675.0,,3,active,https://jygsbebawnkvyaqohxes.supabase.co/storage/v1/object/public/cake-images/converted_webp/resized_203.webp,2025-02-05 16:05:29+00,2026-05-07 15:21:11.701048+00,3.0,
1e50eb1a-dd36-425e-a7ab-b13854e6851d,cake-173,Cake 173,Title,-,flavours,"[{""name"":""Pineapple"",""price"":""675.0"",""customName"":""""},{""name"":""Butter Scotch"",""price"":""675.0"",""customName"":""""},{""name"":""Strawberry"",""price"":""675.0"",""customName"":""""}]",,,,Moti bakery,,0,0,0,0,0,,Cake 173,General,675.0,,3,active,https://jygsbebawnkvyaqohxes.supabase.co/storage/v1/object/public/cake-images/converted_webp/resized_0173.webp,2025-02-05 14:09:37+00,2026-05-07 15:20:33.015966+00,2.0,
1ef47c04-87cd-4325-bf0b-21ec1bc48321,cake-1019,Cake 1019,Title,-,flavours,"[{""name"":""Pineapple"",""price"":""1200.0"",""customName"":""""},{""name"":""Butters Cotch"",""price"":""1200.0"",""customName"":""""},{""name"":""Strawberry"",""price"":""1200.0"",""customName"":""""}]",,,,Moti bakery,,0,0,0,0,0,,Cake 1019,General,1200.0,,3,active,https://jygsbebawnkvyaqohxes.supabase.co/storage/v1/object/public/cake-images/converted_webp/resized_00526.webp,2025-02-05 14:47:46+00,2026-05-07 15:25:14.070479+00,4.0,
1f076658-2485-4c7a-b44f-5e089a538278,cake-1009,Cake 1009,Title,-,flavours,"[{""name"":""Pineapple"",""price"":""1200.0"",""customName"":""""},{""name"":""Butters Cotch"",""price"":""1200.0"",""customName"":""""},{""name"":""Strawberry"",""price"":""1200.0"",""customName"":""""}]",,,,Moti bakery,,0,0,0,0,0,,Cake 1009,General,1200.0,,3,active,https://jygsbebawnkvyaqohxes.supabase.co/storage/v1/object/public/cake-images/converted_webp/resized_00515.webp,2025-02-05 14:47:46+00,2026-05-07 15:25:07.866709+00,4.0,
1f0eb03a-92e3-4271-b836-6f856d42d30e,cake-857,Cake 857,Title,-,flavours,"[{""name"":""Pineapple"",""price"":""825.0"",""customName"":""""},{""name"":""Butterscotch"",""price"":""825.0"",""customName"":""""},{""name"":""Strawberry"",""price"":""825.0"",""customName"":""""},{""name"":""Caramel Crunch"",""price"":""825.0"",""customName"":""""},{""name"":""Red Velvet"",""price"":""825.0"",""customName"":""""},{""name"":""Almond Honey"",""price"":""825.0"",""customName"":""""}]",,,,Moti bakery,,0,0,0,0,0,,Cake 857,General,825.0,,6,active,https://jygsbebawnkvyaqohxes.supabase.co/storage/v1/object/public/cake-images/converted_webp/resized_IMG20200122WA0045.webp,2025-02-05 14:09:37+00,2026-05-07 15:24:04.640784+00,10.0,
1f7c7692-a43b-4fc7-909d-c9a65b06178a,cake-1040,Cake 1040,Title,-,flavours,"[{""name"":""Pineapple"",""price"":""1200.0"",""customName"":""""},{""name"":""Butters Cotch"",""price"":""1200.0"",""customName"":""""},{""name"":""Strawberry"",""price"":""1200.0"",""customName"":""""}]",,,,Moti bakery,,0,0,0,0,0,,Cake 1040,General,1200.0,,3,active,https://jygsbebawnkvyaqohxes.supabase.co/storage/v1/object/public/cake-images/converted_webp/resized_00548.webp,2025-02-05 14:47:46+00,2026-05-07 15:25:27.146604+00,3.0,
1fe59b11-7847-4749-baed-b9f1441c85c5,cake-1106,Cake 1106,Title,-,flavours,"[{""name"":""Pineapple"",""price"":""1200.0"",""customName"":""""},{""name"":""Btter Scotch"",""price"":""1200.0"",""customName"":""""},{""name"":""Strawberry"",""price"":""1200.0"",""customName"":""""}]",,,,Moti bakery,,0,0,0,0,0,,Cake 1106,General,1200.0,,3,active,https://jygsbebawnkvyaqohxes.supabase.co/storage/v1/object/public/cake-images/converted_webp/resized_FBIMG1600169063518.webp,2025-02-05 14:47:46+00,2026-05-07 15:26:04.154941+00,5.0,
2033385d-1d3c-4447-bd65-672d8d0c4134,cake-753,Cake 753,Title,-,flavours,"[{""name"":""Pineapple"",""price"":""675.0"",""customName"":""""},{""name"":""Butter Scotch"",""price"":""675.0"",""customName"":""""},{""name"":""Strawberry"",""price"":""675.0"",""customName"":""""}]",,,,Moti bakery,,0,0,0,0,0,,Cake 753,General,675.0,,3,active,https://jygsbebawnkvyaqohxes.supabase.co/storage/v1/object/public/cake-images/converted_webp/resized_1576596140047.webp,2025-02-05 16:29:07+00,2026-05-07 15:23:12.422785+00,7.0,
207e8d8e-486e-4242-8a39-c7a504305b9e,cake-1312,Cake 1312,Title,-,flavours,"[{""name"":""Butterscotch"",""price"":""1200.0"",""customName"":""""},{""name"":""Strawberry"",""price"":""1200.0"",""customName"":""""},{""name"":""Pineapple"",""price"":""1200.0"",""customName"":""""},{""name"":""Black Forest"",""price"":""1200.0"",""customName"":""""},{""name"":""Mix Fruit"",""price"":""1200.0"",""customName"":""""},{""name"":""Almond Honey"",""price"":""1200.0"",""customName"":""""},{""name"":""Choco Crunch"",""price"":""1200.0"",""customName"":""""},{""name"":""Rainbow"",""price"":""1200.0"",""customName"":""""},{""name"":""Choco Vanilla"",""price"":""1200.0"",""customName"":""""},{""name"":""White Forest"",""price"":""1200.0"",""customName"":""""}]",,,,Moti bakery,,0,0,0,0,0,,Cake 1312,General,1200.0,,10,active,https://jygsbebawnkvyaqohxes.supabase.co/storage/v1/object/public/cake-images/converted_webp/resized_1652709026.webp,2025-02-05 14:47:46+00,2026-05-07 15:28:16.662884+00,5.0,
207fcb47-366e-43e5-bcaf-bec03d066723,cake-910,Cake 910,Title,-,flavours,"[{""name"":""Pineapple"",""price"":""1200.0"",""customName"":""""},{""name"":""Butters Scotch"",""price"":""1200.0"",""customName"":""""},{""name"":""Strawberry"",""price"":""1200.0"",""customName"":""""}]",,,,Moti bakery,,0,0,0,0,0,,Cake 910,General,1200.0,,3,active,https://jygsbebawnkvyaqohxes.supabase.co/storage/v1/object/public/cake-images/converted_webp/004132.webp,2025-02-05 14:25:40+00,2026-05-07 15:24:13.655959+00,4.0,
20b1687b-30ce-47cf-a178-8b42ccee01ed,cake-1119,Cake 1119,Title,-,flavours,"[{""name"":""Pineapple"",""price"":""1200.0"",""customName"":""""},{""name"":""Butter Scotch"",""price"":""1200.0"",""customName"":""""},{""name"":""Strawberry"",""price"":""1200.0"",""customName"":""""}]",,,,Moti bakery,,0,0,0,0,0,,Cake 1119,General,1200.0,,3,active,https://jygsbebawnkvyaqohxes.supabase.co/storage/v1/object/public/cake-images/converted_webp/resized_IMG20200905WA0087.webp,2025-02-05 14:47:46+00,2026-05-07 15:26:30.885871+00,2.5,
20d46720-f686-4231-a2ad-ca73489eed5c,cake-537,Cake 537,Title,-,flavours,"[{""name"":""Pineapple"",""price"":""725.0"",""customName"":""""},{""name"":""Butter Scotch"",""price"":""725.0"",""customName"":""""},{""name"":""Strawberry"",""price"":""725.0"",""customName"":""""},{""name"":""Almond Honey"",""price"":""725.0"",""customName"":""""},{""name"":""Caramel Crunch"",""price"":""725.0"",""customName"":""""},{""name"":""Redvelvet"",""price"":""725.0"",""customName"":""""}]",,,,Moti bakery,,0,0,0,0,0,,Cake 537,General,725.0,,6,active,https://jygsbebawnkvyaqohxes.supabase.co/storage/v1/object/public/cake-images/converted_webp/resized_FBIMG1600447370866.webp,2025-02-05 16:25:29+00,2026-05-07 15:22:19.695257+00,6.0,
20d8e32b-a798-4d0a-9399-ca6038ded908,cake-55,Cake 55,Title,-,flavours,"[{""name"":""Pineapple"",""price"":""675.0"",""customName"":""""},{""name"":""Butter Scotch"",""price"":""675.0"",""customName"":""""},{""name"":""Strawberry"",""price"":""675.0"",""customName"":""""}]",,,,Moti bakery,,0,0,0,0,0,,Cake 55,General,675.0,,3,active,https://jygsbebawnkvyaqohxes.supabase.co/storage/v1/object/public/cake-images/converted_webp/00055.webp,2025-02-05 14:09:37+00,2026-05-07 15:19:27.758973+00,1.5,
20e72752-59a5-4019-a9f3-c4fc31939f27,cake-120,Cake 120,Title,-,flavours,"[{""name"":""Pineapple"",""price"":""700.0"",""customName"":""""},{""name"":""Butter Scotch"",""price"":""700.0"",""customName"":""""},{""name"":""Strawberry"",""price"":""700.0"",""customName"":""""}]",,,,Moti bakery,,0,0,0,0,0,,Cake 120,General,700.0,,3,active,https://jygsbebawnkvyaqohxes.supabase.co/storage/v1/object/public/cake-images/converted_webp/resized_0120.webp,2025-02-05 14:09:37+00,2026-05-07 15:20:05.452677+00,2.0,
20f82899-cd1c-485f-989a-c4ad78b00a6b,cake-502,Cake 502,Title,-,flavours,"[{""name"":""Pineapple"",""price"":""725.0"",""customName"":""""},{""name"":""Butter Scotch"",""price"":""725.0"",""customName"":""""},{""name"":""Strawberry"",""price"":""725.0"",""customName"":""""},{""name"":""Almond Honey"",""price"":""725.0"",""customName"":""""},{""name"":""Caramel Crunch"",""price"":""725.0"",""customName"":""""},{""name"":""Redvelvet"",""price"":""725.0"",""customName"":""""}]",,,,Moti bakery,,0,0,0,0,0,,Cake 502,General,725.0,,6,active,https://jygsbebawnkvyaqohxes.supabase.co/storage/v1/object/public/cake-images/converted_webp/resized_FBIMG1562518276463.webp,2025-02-05 16:19:46+00,2026-05-07 15:21:59.22108+00,4.0,
2100cede-6ad2-4157-b05c-a1dc6f47f88f,cake-717,Cake 717,Title,-,flavours,"[{""name"":""Pineapple"",""price"":""725.0"",""customName"":""""},{""name"":""Butter Scotch"",""price"":""725.0"",""customName"":""""},{""name"":""Strawberry"",""price"":""725.0"",""customName"":""""}]",,,,Moti bakery,,0,0,0,0,0,,Cake 717,General,725.0,,3,active,https://jygsbebawnkvyaqohxes.supabase.co/storage/v1/object/public/cake-images/converted_webp/resized_318.webp,2025-02-05 14:09:37+00,2026-05-07 15:22:53.698205+00,3.0,
216d95ac-e97f-4e60-a0e1-1c4d2dbc1763,cake-507,Cake 507,Title,-,flavours,"[{""name"":""Pineapple"",""price"":""675.0"",""customName"":""""},{""name"":""Butter Scotch"",""price"":""675.0"",""customName"":""""},{""name"":""Strawberry"",""price"":""675.0"",""customName"":""""},{""name"":""Almond Honey"",""price"":""675.0"",""customName"":""""},{""name"":""Caramel Crunch"",""price"":""675.0"",""customName"":""""},{""name"":""Redvelvet"",""price"":""675.0"",""customName"":""""}]",,,,Moti bakery,,0,0,0,0,0,,Cake 507,General,675.0,,6,active,https://jygsbebawnkvyaqohxes.supabase.co/storage/v1/object/public/cake-images/converted_webp/resized_1576596438499.webp,2025-02-05 16:20:21+00,2026-05-07 15:22:01.841635+00,5.0,
227ac1ab-4f34-4681-954a-8cbd651c3b78,cake-806,Cake 806,Title,-,flavours,"[{""name"":""Pineapple"",""price"":""700.0"",""customName"":""""},{""name"":""Butter Scotch"",""price"":""700.0"",""customName"":""""},{""name"":""Strawberry"",""price"":""700.0"",""customName"":""""}]",,,,Moti bakery,,0,0,0,0,0,,Cake 806,General,700.0,,3,active,https://jygsbebawnkvyaqohxes.supabase.co/storage/v1/object/public/cake-images/converted_webp/resized_371.webp,2025-02-05 14:09:37+00,2026-05-07 15:23:39.040822+00,2.5,
227c0831-dbd0-475e-a17e-6bd5967eb142,cake-544,Cake 544,Title,-,flavours,"[{""name"":""Pineapple"",""price"":""675.0"",""customName"":""""},{""name"":""Butter Scotch"",""price"":""675.0"",""customName"":""""},{""name"":""Strawberry"",""price"":""675.0"",""customName"":""""},{""name"":""Almond Honey"",""price"":""675.0"",""customName"":""""},{""name"":""Caramel Crunch"",""price"":""675.0"",""customName"":""""},{""name"":""Redvelvet"",""price"":""675.0"",""customName"":""""}]",,,,Moti bakery,,0,0,0,0,0,,Cake 544,General,675.0,,6,active,https://jygsbebawnkvyaqohxes.supabase.co/storage/v1/object/public/cake-images/converted_webp/resized_IMG20201002WA0062.webp,2025-02-05 16:26:23+00,2026-05-07 15:22:22.995031+00,6.0,
22f90ef5-6fef-4f1e-93e8-8691c81a45e4,cake-816,Cake 816,Title,-,flavours,"[{""name"":""Pineapple"",""price"":""700.0"",""customName"":""""},{""name"":""Butter Scotch"",""price"":""700.0"",""customName"":""""},{""name"":""Strawberry"",""price"":""700.0"",""customName"":""""}]",,,,Moti bakery,,0,0,0,0,0,,Cake 816,General,700.0,,3,active,https://jygsbebawnkvyaqohxes.supabase.co/storage/v1/object/public/cake-images/converted_webp/resized_381.webp,2025-02-05 14:09:37+00,2026-05-07 15:23:44.123547+00,3.0,
242919d9-48a8-47af-94f3-5c1b88f51723,cake-1104,Cake 1104,Title,-,flavours,"[{""name"":""Pineapple"",""price"":""1200.0"",""customName"":""""},{""name"":""Btter Scotch"",""price"":""1200.0"",""customName"":""""},{""name"":""Strawberry"",""price"":""1200.0"",""customName"":""""}]",,,,Moti bakery,,0,0,0,0,0,,Cake 1104,General,1200.0,,3,active,https://jygsbebawnkvyaqohxes.supabase.co/storage/v1/object/public/cake-images/converted_webp/resized_FBIMG1600073153623.webp,2025-02-05 14:47:46+00,2026-05-07 15:26:02.831221+00,2.0,
244cc448-4f37-4227-be27-8cf1fbc2132d,cake-1067,Cake 1067,Title,-,flavours,"[{""name"":""Pineapple"",""price"":""1200.0"",""customName"":""""},{""name"":""Butterscotch"",""price"":""1200.0"",""customName"":""""},{""name"":""Stawberry"",""price"":""1200.0"",""customName"":""""},{""name"":""Caramel Crunch"",""price"":""1200.0"",""customName"":""""},{""name"":""Almond Honey"",""price"":""1200.0"",""customName"":""""},{""name"":""Redvelvet"",""price"":""1200.0"",""customName"":""""}]",,,,Moti bakery,,0,0,0,0,0,,Cake 1067,General,1200.0,,6,active,https://jygsbebawnkvyaqohxes.supabase.co/storage/v1/object/public/cake-images/converted_webp/resized_172231.webp,2025-02-05 14:48:44+00,2026-05-07 15:25:41.318503+00,3.0,
24842d94-4cb5-4cfc-ba2f-b41044ca34c5,cake-637,Cake 637,Title,-,flavours,"[{""name"":""Chocolate Cream Cake"",""price"":""825.0"",""customName"":""""}]",,,,Moti bakery,,0,0,0,0,0,,Cake 637,General,825.0,,1,active,https://jygsbebawnkvyaqohxes.supabase.co/storage/v1/object/public/cake-images/converted_webp/resized_277.webp,2025-02-05 14:09:37+00,2026-05-07 15:22:31.528571+00,2.0,
24a6e90b-1855-4a36-b037-604537ea3821,cake-975,Cake 975,Title,-,flavours,"[{""name"":""Pineapple"",""price"":""1000.0"",""customName"":""""},{""name"":""Butter Scotch"",""price"":""1000.0"",""customName"":""""},{""name"":""Strawberry"",""price"":""1000.0"",""customName"":""""}]",,,,Moti bakery,,0,0,0,0,0,,Cake 975,General,1000.0,,3,active,https://jygsbebawnkvyaqohxes.supabase.co/storage/v1/object/public/cake-images/converted_webp/00483.webp,2022-06-03 11:28:10+00,2026-05-07 15:24:49.518136+00,3.0,
24c2236f-db2f-4f9e-93c0-f14c70804668,cake-1034,Cake 1034,Title,-,flavours,"[{""name"":""Pineapple"",""price"":""1200.0"",""customName"":""""},{""name"":""Butter Scotch"",""price"":""1200.0"",""customName"":""""},{""name"":""Strawberry"",""price"":""1200.0"",""customName"":""""}]",,,,Moti bakery,,0,0,0,0,0,,Cake 1034,General,1200.0,,3,active,https://jygsbebawnkvyaqohxes.supabase.co/storage/v1/object/public/cake-images/converted_webp/resized_00542.webp,2025-02-05 14:47:46+00,2026-05-07 15:25:24.113322+00,3.0,
24d4016d-a50c-48ca-aa12-cabf55946598,cake-760,Cake 760,Title,-,flavours,"[{""name"":""Pineapple"",""price"":""725.0"",""customName"":""""},{""name"":""Butter Scotch"",""price"":""725.0"",""customName"":""""},{""name"":""Strawberry"",""price"":""725.0"",""customName"":""""}]",,,,Moti bakery,,0,0,0,0,0,,Cake 760,General,725.0,,3,active,https://jygsbebawnkvyaqohxes.supabase.co/storage/v1/object/public/cake-images/converted_webp/resized_346.webp,2025-02-05 14:09:37+00,2026-05-07 15:23:16.067077+00,3.0,
24da5824-7a66-4158-8da8-2c3d5de65583,cake-1249,Cake 1249,Title,-,flavours,"[{""name"":""Choco Crunch"",""price"":""750.0"",""customName"":""""},{""name"":""Choco Vanilla"",""price"":""750.0"",""customName"":""""},{""name"":""Chocolate Truffle"",""price"":""750.0"",""customName"":""""}]",,,,Moti bakery,,0,0,0,0,0,,Cake 1249,General,750.0,,3,active,https://jygsbebawnkvyaqohxes.supabase.co/storage/v1/object/public/cake-images/converted_webp/resized_1652702000.webp,2025-02-05 14:09:37+00,2026-05-07 15:27:47.783766+00,2.0,
2561b291-dd25-4334-9a9c-e7bb7d0deefe,cake-1318,Cake 1318,Title,-,flavours,"[{""name"":""Butterscotch"",""price"":""1200.0"",""customName"":""""},{""name"":""Strawberry"",""price"":""1200.0"",""customName"":""""},{""name"":""Pineapple"",""price"":""1200.0"",""customName"":""""},{""name"":""Black Forest"",""price"":""1200.0"",""customName"":""""},{""name"":""Mix Fruit"",""price"":""1200.0"",""customName"":""""},{""name"":""Almond Honey"",""price"":""1200.0"",""customName"":""""},{""name"":""Choco Crunch"",""price"":""1200.0"",""customName"":""""},{""name"":""Rainbow"",""price"":""1200.0"",""customName"":""""},{""name"":""Choco Vanilla"",""price"":""1200.0"",""customName"":""""},{""name"":""White Forest"",""price"":""1200.0"",""customName"":""""}]",,,,Moti bakery,,0,0,0,0,0,,Cake 1318,General,1200.0,,10,active,https://jygsbebawnkvyaqohxes.supabase.co/storage/v1/object/public/cake-images/converted_webp/resized_1652709286.webp,2025-02-05 14:47:46+00,2026-05-07 15:28:19.94977+00,5.0,
2566ee0f-43a5-46d4-9159-2c1ae1458065,cake-1316,Cake 1316,Title,-,flavours,"[{""name"":""Butterscotch"",""price"":""1200.0"",""customName"":""""},{""name"":""Strawberry"",""price"":""1200.0"",""customName"":""""},{""name"":""Pineapple"",""price"":""1200.0"",""customName"":""""},{""name"":""Black Forest"",""price"":""1200.0"",""customName"":""""},{""name"":""Mix Fruit"",""price"":""1200.0"",""customName"":""""},{""name"":""Almond Honey"",""price"":""1200.0"",""customName"":""""},{""name"":""Choco Crunch"",""price"":""1200.0"",""customName"":""""},{""name"":""Rainbow"",""price"":""1200.0"",""customName"":""""},{""name"":""Choco Vanilla"",""price"":""1200.0"",""customName"":""""},{""name"":""White Forest"",""price"":""1200.0"",""customName"":""""}]",,,,Moti bakery,,0,0,0,0,0,,Cake 1316,General,1200.0,,10,active,https://jygsbebawnkvyaqohxes.supabase.co/storage/v1/object/public/cake-images/converted_webp/resized_1652709204.webp,2025-02-05 14:47:46+00,2026-05-07 15:28:18.707956+00,3.0,
259ff3d5-a6a9-440e-8e91-f00103162bc1,cake-627,Cake 627,Title,-,flavours,"[{""name"":""Chocolate Truffle"",""price"":""1075.0"",""customName"":""""}]",,,,Moti bakery,,0,0,0,0,0,,Cake 627,General,1075.0,,1,active,https://jygsbebawnkvyaqohxes.supabase.co/storage/v1/object/public/cake-images/converted_webp/resized_267.webp,2025-02-05 14:09:37+00,2026-05-07 15:22:26.621976+00,2.0,
25a76b9e-c1bc-4e42-97e8-56ed205eb6be,cake-1311,Cake 1311,Title,-,flavours,"[{""name"":""Butterscotch"",""price"":""1200.0"",""customName"":""""},{""name"":""Strawberry"",""price"":""1200.0"",""customName"":""""},{""name"":""Pineapple"",""price"":""1200.0"",""customName"":""""},{""name"":""Black Forest"",""price"":""1200.0"",""customName"":""""},{""name"":""Mix Fruit"",""price"":""1200.0"",""customName"":""""},{""name"":""Almond Honey"",""price"":""1200.0"",""customName"":""""},{""name"":""Choco Crunch"",""price"":""1200.0"",""customName"":""""},{""name"":""Rainbow"",""price"":""1200.0"",""customName"":""""},{""name"":""Choco Vanilla"",""price"":""1200.0"",""customName"":""""},{""name"":""White Forest"",""price"":""1200.0"",""customName"":""""}]",,,,Moti bakery,,0,0,0,0,0,,Cake 1311,General,1200.0,,10,active,https://jygsbebawnkvyaqohxes.supabase.co/storage/v1/object/public/cake-images/converted_webp/resized_1652708972.webp,2025-02-05 14:47:46+00,2026-05-07 15:28:15.941677+00,5.0,
25bc9104-4ffc-4620-9314-26e36bb73429,cake-808,Cake 808,Title,-,flavours,"[{""name"":""Pineapple"",""price"":""700.0"",""customName"":""""},{""name"":""Butter Scotch"",""price"":""700.0"",""customName"":""""},{""name"":""Strawberry"",""price"":""700.0"",""customName"":""""}]",,,,Moti bakery,,0,0,0,0,0,,Cake 808,General,700.0,,3,active,https://jygsbebawnkvyaqohxes.supabase.co/storage/v1/object/public/cake-images/converted_webp/resized_373.webp,2025-02-05 14:09:37+00,2026-05-07 15:23:40.081507+00,2.5,
25d45b95-a41f-4676-a3fd-2f36d819aa95,cake-1158,Cake 1158,Title,-,flavours,"[{""name"":""Butterscotch"",""price"":""825.0"",""customName"":""""},{""name"":""Strawberry"",""price"":""825.0"",""customName"":""""},{""name"":""Pineapple"",""price"":""825.0"",""customName"":""""},{""name"":""Black Forest"",""price"":""825.0"",""customName"":""""},{""name"":""Mix Fruit"",""price"":""825.0"",""customName"":""""},{""name"":""Almond Honey"",""price"":""825.0"",""customName"":""""},{""name"":""Choco Crunch"",""price"":""825.0"",""customName"":""""},{""name"":""Rainbow"",""price"":""825.0"",""customName"":""""},{""name"":""Choco Vanilla"",""price"":""825.0"",""customName"":""""},{""name"":""White Forest"",""price"":""825.0"",""customName"":""""}]",,,,Moti bakery,,0,0,0,0,0,,Cake 1158,General,825.0,,10,active,https://jygsbebawnkvyaqohxes.supabase.co/storage/v1/object/public/cake-images/converted_webp/resized_1652688237.webp,2025-02-05 14:09:37+00,2026-05-07 15:26:55.758187+00,3.0,
25dea9c3-103d-4b23-b89d-9b3383a681f7,cake-1200,Cake 1200,Title,-,flavours,"[{""name"":""Butterscotch"",""price"":""700.0"",""customName"":""""},{""name"":""Strawberry"",""price"":""700.0"",""customName"":""""},{""name"":""Pineapple"",""price"":""700.0"",""customName"":""""},{""name"":""Black Forest"",""price"":""700.0"",""customName"":""""},{""name"":""Mix Fruit"",""price"":""700.0"",""customName"":""""},{""name"":""Almond Honey"",""price"":""700.0"",""customName"":""""},{""name"":""Choco Crunch"",""price"":""700.0"",""customName"":""""},{""name"":""Rainbow"",""price"":""700.0"",""customName"":""""},{""name"":""Choco Vanilla"",""price"":""700.0"",""customName"":""""},{""name"":""White Forest"",""price"":""700.0"",""customName"":""""}]",,,,Moti bakery,,0,0,0,0,0,,Cake 1200,General,700.0,,10,active,https://jygsbebawnkvyaqohxes.supabase.co/storage/v1/object/public/cake-images/converted_webp/resized_1652696476.webp,2025-02-05 14:51:13+00,2026-05-07 15:27:19.111389+00,5.0,
261afb3d-30f8-4b05-b4ba-d44e78bd9404,cake-90,Cake 90,Title,-,flavours,"[{""name"":""Pineapple"",""price"":""650.0"",""customName"":""""},{""name"":""Butter Scotch"",""price"":""650.0"",""customName"":""""},{""name"":""Strawberry"",""price"":""650.0"",""customName"":""""}]",,,,Moti bakery,,0,0,0,0,0,,Cake 90,General,650.0,,3,active,https://jygsbebawnkvyaqohxes.supabase.co/storage/v1/object/public/cake-images/converted_webp/00090.webp,2025-02-05 14:09:37+00,2026-05-07 15:19:47.936495+00,1.5,
268846e0-fb44-43db-9690-ae50a48dd6fd,cake-790,Cake 790,Title,-,flavours,"[{""name"":""Pineapple"",""price"":""675.0"",""customName"":""""},{""name"":""Butter Scotch"",""price"":""675.0"",""customName"":""""},{""name"":""Strawberry"",""price"":""675.0"",""customName"":""""}]",,,,Moti bakery,,0,0,0,0,0,,Cake 790,General,675.0,,3,active,https://jygsbebawnkvyaqohxes.supabase.co/storage/v1/object/public/cake-images/converted_webp/resized_FBIMG1573189265039.webp,2025-02-05 16:32:28+00,2026-05-07 15:23:31.875224+00,6.0,
26ac47bc-b7e8-4a22-a875-263f94d2766b,cake-752,Cake 752,Title,-,flavours,"[{""name"":""Pineapple"",""price"":""725.0"",""customName"":""""},{""name"":""Butter Scotch"",""price"":""725.0"",""customName"":""""},{""name"":""Strawberry"",""price"":""725.0"",""customName"":""""}]",,,,Moti bakery,,0,0,0,0,0,,Cake 752,General,725.0,,3,active,https://jygsbebawnkvyaqohxes.supabase.co/storage/v1/object/public/cake-images/converted_webp/resized_365.webp,2025-02-05 14:09:37+00,2026-05-07 15:23:11.923245+00,4.0,
26b2400f-f954-47a4-99b9-27cc9d7c548d,cake-226,Cake 226,Title,-,flavours,"[{""name"":""Butterscotch"",""price"":""700.0"",""customName"":""""},{""name"":""Black Forest"",""price"":""700.0"",""customName"":""""},{""name"":""Almond Honey"",""price"":""700.0"",""customName"":""""},{""name"":""Choco Crunch"",""price"":""700.0"",""customName"":""""},{""name"":""Choco Vanilla"",""price"":""700.0"",""customName"":""""},{""name"":""White Forest"",""price"":""700.0"",""customName"":""""}]",,,,Moti bakery,,0,0,0,0,0,,Cake 226,General,700.0,,6,active,https://jygsbebawnkvyaqohxes.supabase.co/storage/v1/object/public/cake-images/converted_webp/resized_1652704847.webp,2025-02-05 14:09:37+00,2026-05-07 15:21:02.159632+00,2.0,
2734bbb7-cfc0-4587-b25b-cf01075f2562,cake-193,Cake 193,Title,-,flavours,"[{""name"":""Pineapple"",""price"":""700.0"",""customName"":""""},{""name"":""Butter Scotch"",""price"":""700.0"",""customName"":""""},{""name"":""Strawberry"",""price"":""700.0"",""customName"":""""},{""name"":""Almond Honey"",""price"":""700.0"",""customName"":""""},{""name"":""Caramel Crunch"",""price"":""700.0"",""customName"":""""},{""name"":""Redvelvet"",""price"":""700.0"",""customName"":""""}]",,,,Moti bakery,,0,0,0,0,0,,Cake 193,General,700.0,,6,active,https://jygsbebawnkvyaqohxes.supabase.co/storage/v1/object/public/cake-images/converted_webp/resized_FBIMG1562518157609.webp,2025-02-05 15:47:29+00,2026-05-07 15:20:42.847316+00,2.5,
27a2e265-701f-4f24-8028-7d8a380d64d2,cake-644,Cake 644,Title,-,flavours,"[{""name"":""Chocolate Truffle"",""price"":""925.0"",""customName"":""""}]",,,,Moti bakery,,0,0,0,0,0,,Cake 644,General,925.0,,1,active,https://jygsbebawnkvyaqohxes.supabase.co/storage/v1/object/public/cake-images/converted_webp/resized_284.webp,2025-02-05 14:09:37+00,2026-05-07 15:22:35.363712+00,2.0,
280584a0-f606-45c6-aa85-48f44f1b4a93,cake-1157,Cake 1157,Title,-,flavours,"[{""name"":""Butterscotch"",""price"":""850.0"",""customName"":""""},{""name"":""Strawberry"",""price"":""850.0"",""customName"":""""},{""name"":""Pineapple"",""price"":""850.0"",""customName"":""""},{""name"":""Black Forest"",""price"":""850.0"",""customName"":""""},{""name"":""Mix Fruit"",""price"":""850.0"",""customName"":""""},{""name"":""Almond Honey"",""price"":""850.0"",""customName"":""""},{""name"":""Choco Crunch"",""price"":""850.0"",""customName"":""""},{""name"":""Rainbow"",""price"":""850.0"",""customName"":""""},{""name"":""Choco Vanilla"",""price"":""850.0"",""customName"":""""},{""name"":""White Forest"",""price"":""850.0"",""customName"":""""}]",,,,Moti bakery,,0,0,0,0,0,,Cake 1157,General,850.0,,10,active,https://jygsbebawnkvyaqohxes.supabase.co/storage/v1/object/public/cake-images/converted_webp/resized_1652688159.webp,2025-02-05 14:50:22+00,2026-05-07 15:26:55.144527+00,3.0,
2818ab2d-2c67-4283-b68b-ea51e3d830ef,cake-1096,Cake 1096,Title,-,flavours,"[{""name"":""Pineapple"",""price"":""1200.0"",""customName"":""""},{""name"":""Btter Scotch"",""price"":""1200.0"",""customName"":""""},{""name"":""Strawberry"",""price"":""1200.0"",""customName"":""""}]",,,,Moti bakery,,0,0,0,0,0,,Cake 1096,General,1200.0,,3,active,https://jygsbebawnkvyaqohxes.supabase.co/storage/v1/object/public/cake-images/converted_webp/resized_FBIMG1580650988017.webp,2025-02-05 14:47:46+00,2026-05-07 15:25:58.620663+00,2.0,
28af30ea-9b02-4f10-81bf-f035bd00a98e,cake-842,Cake 842,Title,-,flavours,"[{""name"":""Pineapple"",""price"":""1200.0"",""customName"":""""},{""name"":""Butter Scotch"",""price"":""1200.0"",""customName"":""""},{""name"":""Strawberry"",""price"":""1200.0"",""customName"":""""}]",,,,Moti bakery,,0,0,0,0,0,,Cake 842,General,1200.0,,3,active,https://jygsbebawnkvyaqohxes.supabase.co/storage/v1/object/public/cake-images/converted_webp/resized_00516.webp,2025-02-05 14:23:35+00,2026-05-07 15:23:57.275162+00,4.0,
29501d4f-35ca-4a6c-a3cf-fb0bb838d2c6,cake-504,Cake 504,Title,-,flavours,"[{""name"":""Pineapple"",""price"":""800.0"",""customName"":""""},{""name"":""Butter Scotch"",""price"":""800.0"",""customName"":""""},{""name"":""Strawberry"",""price"":""800.0"",""customName"":""""},{""name"":""Almond Honey"",""price"":""800.0"",""customName"":""""},{""name"":""Caramel Crunch"",""price"":""800.0"",""customName"":""""},{""name"":""Redvelvet"",""price"":""800.0"",""customName"":""""}]",,,,Moti bakery,,0,0,0,0,0,,Cake 504,General,800.0,,6,active,https://jygsbebawnkvyaqohxes.supabase.co/storage/v1/object/public/cake-images/converted_webp/resized_FBIMG1562560506933.webp,2025-02-05 16:19:59+00,2026-05-07 15:22:00.189912+00,10.0,
29daf213-4090-4ada-9221-6a9814b2c517,cake-844,Cake 844,Title,-,flavours,"[{""name"":""Pineapple"",""price"":""700.0"",""customName"":""""},{""name"":""Butterscotch"",""price"":""700.0"",""customName"":""""},{""name"":""Strawberry"",""price"":""700.0"",""customName"":""""},{""name"":""Caramel Crunch"",""price"":""700.0"",""customName"":""""},{""name"":""Red Velvet"",""price"":""700.0"",""customName"":""""},{""name"":""Almond Honey"",""price"":""700.0"",""customName"":""""}]",,,,Moti bakery,,0,0,0,0,0,,Cake 844,General,700.0,,6,active,https://jygsbebawnkvyaqohxes.supabase.co/storage/v1/object/public/cake-images/converted_webp/resized_FBIMG1563544575590.webp,2025-02-05 16:36:42+00,2026-05-07 15:23:58.224823+00,2.5,
2b015429-0bd8-4c9e-ab4a-5cbda210c7f9,cake-1039,Cake 1039,Title,-,flavours,"[{""name"":""Pineapple"",""price"":""1200.0"",""customName"":""""},{""name"":""Butter Scotch"",""price"":""1200.0"",""customName"":""""},{""name"":""Strawberry"",""price"":""1200.0"",""customName"":""""}]",,,,Moti bakery,,0,0,0,0,0,,Cake 1039,General,1200.0,,3,active,https://jygsbebawnkvyaqohxes.supabase.co/storage/v1/object/public/cake-images/converted_webp/resized_00547.webp,2025-02-05 14:47:46+00,2026-05-07 15:25:26.619481+00,4.0,
2b154193-02a5-4843-b54e-75c347587d54,cake-410,Cake 410,Title,-,flavours,"[{""name"":""Pineapple"",""price"":""675.0"",""customName"":""""},{""name"":""Butter Scotch"",""price"":""675.0"",""customName"":""""},{""name"":""Strawberry"",""price"":""675.0"",""customName"":""""}]",,,,Moti bakery,,0,0,0,0,0,,Cake 410,General,675.0,,3,active,https://jygsbebawnkvyaqohxes.supabase.co/storage/v1/object/public/cake-images/converted_webp/resized_196.webp,2025-02-05 14:09:37+00,2026-05-07 15:21:08.544528+00,3.0,
2b19016a-5922-4981-b843-36405798ccbe,cake-424,Cake 424,Title,-,flavours,"[{""name"":""Pineapple"",""price"":""725.0"",""customName"":""""},{""name"":""Butter Scotch"",""price"":""725.0"",""customName"":""""},{""name"":""Strawberry"",""price"":""725.0"",""customName"":""""}]",,,,Moti bakery,,0,0,0,0,0,,Cake 424,General,725.0,,3,active,https://jygsbebawnkvyaqohxes.supabase.co/storage/v1/object/public/cake-images/converted_webp/resized_212.webp,2025-02-05 14:09:37+00,2026-05-07 15:21:15.900141+00,6.0,
2b23a4b4-d090-4277-975c-f7942f5767f3,cake-484,Cake 484,Title,-,flavours,"[{""name"":""Pineapple"",""price"":""700.0"",""customName"":""""},{""name"":""Butter Scotch"",""price"":""700.0"",""customName"":""""},{""name"":""Strawberry"",""price"":""700.0"",""customName"":""""},{""name"":""Almond Honey"",""price"":""700.0"",""customName"":""""},{""name"":""Caramel Crunch"",""price"":""700.0"",""customName"":""""},{""name"":""Redvelvet"",""price"":""700.0"",""customName"":""""}]",,,,Moti bakery,,0,0,0,0,0,,Cake 484,General,700.0,,6,active,https://jygsbebawnkvyaqohxes.supabase.co/storage/v1/object/public/cake-images/converted_webp/resized_172244.webp,2025-02-05 16:16:30+00,2026-05-07 15:21:48.889323+00,6.0,
2b512adc-7e99-4fd0-b924-04a4c9463618,cake-27,Cake 27,Title,-,flavours,"[{""name"":""Pineapple"",""price"":""725.00"",""customName"":""""},{""name"":""Butterscotch"",""price"":""700.00"",""customName"":""""},{""name"":""Strawberry"",""price"":""700.00"",""customName"":""""}]",,,,Moti bakery,,0,0,0,0,0,,Cake 27,General,700.00,,3,active,https://jygsbebawnkvyaqohxes.supabase.co/storage/v1/object/public/cake-images/converted_webp/00027.webp,2026-04-01 08:33:40.519523+00,2026-05-07 15:19:10.561846+00,1,
2b6ca4e4-82ac-44f0-90cb-0d8b23b6a736,cake-515,Cake 515,Title,-,flavours,"[{""name"":""Pineapple"",""price"":""675.0"",""customName"":""""},{""name"":""Butter Scotch"",""price"":""675.0"",""customName"":""""},{""name"":""Strawberry"",""price"":""675.0"",""customName"":""""},{""name"":""Almond Honey"",""price"":""675.0"",""customName"":""""},{""name"":""Caramel Crunch"",""price"":""675.0"",""customName"":""""},{""name"":""Redvelvet"",""price"":""675.0"",""customName"":""""}]",,,,Moti bakery,,0,0,0,0,0,,Cake 515,General,675.0,,6,active,https://jygsbebawnkvyaqohxes.supabase.co/storage/v1/object/public/cake-images/converted_webp/resized_IMG20180926WA0060.webp,2025-02-05 16:22:00+00,2026-05-07 15:22:07.607705+00,7.0,
2b6dcea2-ac78-484b-baa4-f53b94aa9f01,cake-1125,Cake 1125,Title,-,flavours,"[{""name"":""Pineapple"",""price"":""1200.0"",""customName"":""""},{""name"":""Butter Scotch"",""price"":""1200.0"",""customName"":""""},{""name"":""Strawberry"",""price"":""1200.0"",""customName"":""""}]",,,,Moti bakery,,0,0,0,0,0,,Cake 1125,General,1200.0,,3,active,https://jygsbebawnkvyaqohxes.supabase.co/storage/v1/object/public/cake-images/converted_webp/resized_IMG20201012WA0045.webp,2025-02-05 14:47:46+00,2026-05-07 15:26:33.946677+00,3.0,
2bd838a4-8587-4581-aed5-e54b61e40e5a,cake-1251,Cake 1251,Title,-,flavours,"[{""name"":""Choco Crunch"",""price"":""1500.0"",""customName"":""""},{""name"":""Choco Vanilla"",""price"":""1500.0"",""customName"":""""},{""name"":""Chocolate Truffle"",""price"":""1500.0"",""customName"":""""}]",,,,Moti bakery,,0,0,0,0,0,,Cake 1251,General,1500.0,,3,active,https://jygsbebawnkvyaqohxes.supabase.co/storage/v1/object/public/cake-images/converted_webp/resized_1652702079.webp,2025-02-05 14:09:37+00,2026-05-07 15:27:48.910217+00,2.0,
2c220b0a-9fd9-4b6f-9230-4cf943a3b72a,cake-1097,Cake 1097,Title,-,flavours,"[{""name"":""Pineapple"",""price"":""1200.0"",""customName"":""""},{""name"":""Btter Scotch"",""price"":""1200.0"",""customName"":""""},{""name"":""Strawberry"",""price"":""1200.0"",""customName"":""""}]",,,,Moti bakery,,0,0,0,0,0,,Cake 1097,General,1200.0,,3,active,https://jygsbebawnkvyaqohxes.supabase.co/storage/v1/object/public/cake-images/converted_webp/resized_FBIMG1580650990963.webp,2025-02-05 14:47:46+00,2026-05-07 15:25:59.148931+00,2.0,
2c436d50-226e-4836-821b-d8df7b970f58,cake-1202,Cake 1202,Title,-,flavours,"[{""name"":""Butterscotch"",""price"":""825.0"",""customName"":""""},{""name"":""Strawberry"",""price"":""825.0"",""customName"":""""},{""name"":""Pineapple"",""price"":""825.0"",""customName"":""""},{""name"":""Black Forest"",""price"":""825.0"",""customName"":""""},{""name"":""Mix Fruit"",""price"":""825.0"",""customName"":""""},{""name"":""Almond Honey"",""price"":""825.0"",""customName"":""""},{""name"":""Choco Crunch"",""price"":""825.0"",""customName"":""""},{""name"":""Rainbow"",""price"":""825.0"",""customName"":""""},{""name"":""Choco Vanilla"",""price"":""825.0"",""customName"":""""},{""name"":""White Forest"",""price"":""825.0"",""customName"":""""}]",,,,Moti bakery,,0,0,0,0,0,,Cake 1202,General,825.0,,10,active,https://jygsbebawnkvyaqohxes.supabase.co/storage/v1/object/public/cake-images/converted_webp/resized_1652696572.webp,2025-02-05 14:09:37+00,2026-05-07 15:27:20.13776+00,3.0,
2c498912-107c-4278-aabc-3892241436ea,cake-1196,Cake 1196,Title,-,flavours,"[{""name"":""Butterscotch"",""price"":""775.0"",""customName"":""""},{""name"":""Strawberry"",""price"":""775.0"",""customName"":""""},{""name"":""Pineapple"",""price"":""775.0"",""customName"":""""},{""name"":""Black Forest"",""price"":""775.0"",""customName"":""""},{""name"":""Mix Fruit"",""price"":""775.0"",""customName"":""""},{""name"":""Almond Honey"",""price"":""775.0"",""customName"":""""},{""name"":""Choco Crunch"",""price"":""775.0"",""customName"":""""},{""name"":""Rainbow"",""price"":""775.0"",""customName"":""""},{""name"":""Choco Vanilla"",""price"":""775.0"",""customName"":""""},{""name"":""White Forest"",""price"":""775.0"",""customName"":""""}]",,,,Moti bakery,,0,0,0,0,0,,Cake 1196,General,775.0,,10,active,https://jygsbebawnkvyaqohxes.supabase.co/storage/v1/object/public/cake-images/converted_webp/resized_1652696301.webp,2025-02-05 14:09:37+00,2026-05-07 15:27:16.446643+00,4.0,
2c635774-6a9e-4201-b075-5e8af065f24d,cake-61,Cake 61,Title,-,flavours,"[{""name"":""Pineapple"",""price"":""650.0"",""customName"":""""},{""name"":""Butter Scotch"",""price"":""650.0"",""customName"":""""},{""name"":""Strawberry"",""price"":""650.0"",""customName"":""""}]",,,,Moti bakery,,0,0,0,0,0,,Cake 61,General,650.0,,3,active,https://jygsbebawnkvyaqohxes.supabase.co/storage/v1/object/public/cake-images/converted_webp/00061.webp,2025-02-05 14:09:37+00,2026-05-07 15:19:31.093593+00,1.0,
2c8defae-224e-47d6-85d8-339cfadcbe67,cake-787,Cake 787,Title,-,flavours,"[{""name"":""Pineapple"",""price"":""675.0"",""customName"":""""},{""name"":""Butter Scotch"",""price"":""675.0"",""customName"":""""},{""name"":""Strawberry"",""price"":""675.0"",""customName"":""""}]",,,,Moti bakery,,0,0,0,0,0,,Cake 787,General,675.0,,3,active,https://jygsbebawnkvyaqohxes.supabase.co/storage/v1/object/public/cake-images/converted_webp/resized_FBIMG1563544607717.webp,2025-02-05 16:31:54+00,2026-05-07 15:23:30.478311+00,,
2ce7f85d-9506-4473-9a03-a7c6cdc03988,cake-1183,Cake 1183,Title,-,flavours,"[{""name"":""Butterscotch"",""price"":""1225.0"",""customName"":""""},{""name"":""Strawberry"",""price"":""1225.0"",""customName"":""""},{""name"":""Pineapple"",""price"":""1225.0"",""customName"":""""},{""name"":""Black Forest"",""price"":""1225.0"",""customName"":""""},{""name"":""Mix Fruit"",""price"":""1225.0"",""customName"":""""},{""name"":""Almond Honey"",""price"":""1225.0"",""customName"":""""},{""name"":""Choco Crunch"",""price"":""1225.0"",""customName"":""""},{""name"":""Rainbow"",""price"":""1225.0"",""customName"":""""},{""name"":""Choco Vanilla"",""price"":""1225.0"",""customName"":""""},{""name"":""White Forest"",""price"":""1225.0"",""customName"":""""}]",,,,Moti bakery,,0,0,0,0,0,,Cake 1183,General,1225.0,,10,active,https://jygsbebawnkvyaqohxes.supabase.co/storage/v1/object/public/cake-images/converted_webp/resized_1652695007.webp,2025-02-05 14:09:37+00,2026-05-07 15:27:09.503303+00,6.0,
2d0dd50d-96a6-46f1-8176-28795fafcf5c,cake-1165,Cake 1165,Title,-,flavours,"[{""name"":""Butterscotch"",""price"":""725.0"",""customName"":""""},{""name"":""Strawberry"",""price"":""725.0"",""customName"":""""},{""name"":""Pineapple"",""price"":""725.0"",""customName"":""""},{""name"":""Black Forest"",""price"":""725.0"",""customName"":""""},{""name"":""Mix Fruit"",""price"":""725.0"",""customName"":""""},{""name"":""Almond Honey"",""price"":""725.0"",""customName"":""""},{""name"":""Choco Crunch"",""price"":""725.0"",""customName"":""""},{""name"":""Rainbow"",""price"":""725.0"",""customName"":""""},{""name"":""Choco Vanilla"",""price"":""725.0"",""customName"":""""},{""name"":""White Forest"",""price"":""725.0"",""customName"":""""}]",,,,Moti bakery,,0,0,0,0,0,,Cake 1165,General,725.0,,10,active,https://jygsbebawnkvyaqohxes.supabase.co/storage/v1/object/public/cake-images/converted_webp/resized_1652692160.webp,2025-02-05 14:09:37+00,2026-05-07 15:26:59.642921+00,3.0,
2db1ff39-1c7f-46b9-874e-4fe04c790932,cake-720,Cake 720,Title,-,flavours,"[{""name"":""Pineapple"",""price"":""725.0"",""customName"":""""},{""name"":""Butter Scotch"",""price"":""725.0"",""customName"":""""},{""name"":""Strawberry"",""price"":""725.0"",""customName"":""""}]",,,,Moti bakery,,0,0,0,0,0,,Cake 720,General,725.0,,3,active,https://jygsbebawnkvyaqohxes.supabase.co/storage/v1/object/public/cake-images/converted_webp/resized_338.webp,2025-02-05 14:09:37+00,2026-05-07 15:22:55.161853+00,4.0,
2de798c2-0ce3-4233-af26-16ee92aefb37,cake-1152,Cake 1152,Title,-,flavours,"[{""name"":""Butterscotch"",""price"":""700.0"",""customName"":""""},{""name"":""Strawberry"",""price"":""700.0"",""customName"":""""},{""name"":""Pineapple"",""price"":""700.0"",""customName"":""""},{""name"":""Black Forest"",""price"":""700.0"",""customName"":""""},{""name"":""Mix Fruit"",""price"":""700.0"",""customName"":""""},{""name"":""Almond Honey"",""price"":""700.0"",""customName"":""""},{""name"":""Choco Crunch"",""price"":""700.0"",""customName"":""""},{""name"":""Rainbow"",""price"":""700.0"",""customName"":""""},{""name"":""Choco Vanilla"",""price"":""700.0"",""customName"":""""},{""name"":""White Forest"",""price"":""700.0"",""customName"":""""}]",,,,Moti bakery,,0,0,0,0,0,,Cake 1152,General,700.0,,10,active,https://jygsbebawnkvyaqohxes.supabase.co/storage/v1/object/public/cake-images/converted_webp/resized_1652687742.webp,2025-02-05 14:09:37+00,2026-05-07 15:26:52.581984+00,3.0,
2e7ddef2-e48b-4efa-a699-339dab350a0b,cake-1330,Cake 1330,Title,-,flavours,"[{""name"":""Butterscotch"",""price"":""1200.0"",""customName"":""""},{""name"":""Strawberry"",""price"":""1200.0"",""customName"":""""},{""name"":""Pineapple"",""price"":""1200.0"",""customName"":""""},{""name"":""Black Forest"",""price"":""1200.0"",""customName"":""""},{""name"":""Mix Fruit"",""price"":""1200.0"",""customName"":""""},{""name"":""Almond Honey"",""price"":""1200.0"",""customName"":""""},{""name"":""Choco Crunch"",""price"":""1200.0"",""customName"":""""},{""name"":""Rainbow"",""price"":""1200.0"",""customName"":""""},{""name"":""Choco Vanilla"",""price"":""1200.0"",""customName"":""""},{""name"":""White Forest"",""price"":""1200.0"",""customName"":""""}]",,,,Moti bakery,,0,0,0,0,0,,Cake 1330,General,1200.0,,10,active,https://jygsbebawnkvyaqohxes.supabase.co/storage/v1/object/public/cake-images/converted_webp/resized_1652710087.webp,2025-02-05 14:47:46+00,2026-05-07 15:28:26.584666+00,5.0,
2e8b23ad-a26d-4475-b681-f254f3ee6866,cake-1020,Cake 1020,Title,-,flavours,"[{""name"":""Pineapple"",""price"":""1200.0"",""customName"":""""},{""name"":""Butters Cotch"",""price"":""1200.0"",""customName"":""""},{""name"":""Strawberry"",""price"":""1200.0"",""customName"":""""}]",,,,Moti bakery,,0,0,0,0,0,,Cake 1020,General,1200.0,,3,active,https://jygsbebawnkvyaqohxes.supabase.co/storage/v1/object/public/cake-images/converted_webp/resized_00527.webp,2025-02-05 14:47:46+00,2026-05-07 15:25:14.580881+00,2.5,
2ed648e7-1c39-4657-bf9e-ae0a730ed599,cake-1186,Cake 1186,Title,-,flavours,"[{""name"":""Butterscotch"",""price"":""1200.0"",""customName"":""""},{""name"":""Strawberry"",""price"":""1200.0"",""customName"":""""},{""name"":""Pineapple"",""price"":""1200.0"",""customName"":""""},{""name"":""Black Forest"",""price"":""1200.0"",""customName"":""""},{""name"":""Mix Fruit"",""price"":""1200.0"",""customName"":""""},{""name"":""Almond Honey"",""price"":""1200.0"",""customName"":""""},{""name"":""Choco Crunch"",""price"":""1200.0"",""customName"":""""},{""name"":""Rainbow"",""price"":""1200.0"",""customName"":""""},{""name"":""Choco Vanilla"",""price"":""1200.0"",""customName"":""""},{""name"":""White Forest"",""price"":""1200.0"",""customName"":""""}]",,,,Moti bakery,,0,0,0,0,0,,Cake 1186,General,1200.0,,10,active,https://jygsbebawnkvyaqohxes.supabase.co/storage/v1/object/public/cake-images/converted_webp/resized_1652695430.webp,2025-02-05 14:47:46+00,2026-05-07 15:27:11.123593+00,4.0,
2f18d6f9-e922-49c4-bcb2-dea6a5baec59,cake-1308,Cake 1308,Title,-,flavours,"[{""name"":""Butterscotch"",""price"":""1200.0"",""customName"":""""},{""name"":""Strawberry"",""price"":""1200.0"",""customName"":""""},{""name"":""Pineapple"",""price"":""1200.0"",""customName"":""""},{""name"":""Black Forest"",""price"":""1200.0"",""customName"":""""},{""name"":""Mix Fruit"",""price"":""1200.0"",""customName"":""""},{""name"":""Almond Honey"",""price"":""1200.0"",""customName"":""""},{""name"":""Choco Crunch"",""price"":""1200.0"",""customName"":""""},{""name"":""Rainbow"",""price"":""1200.0"",""customName"":""""},{""name"":""Choco Vanilla"",""price"":""1200.0"",""customName"":""""},{""name"":""White Forest"",""price"":""1200.0"",""customName"":""""}]",,,,Moti bakery,,0,0,0,0,0,,Cake 1308,General,1200.0,,10,active,https://jygsbebawnkvyaqohxes.supabase.co/storage/v1/object/public/cake-images/converted_webp/resized_1652708254.webp,2025-02-05 14:47:46+00,2026-05-07 15:28:14.251651+00,6.0,
2fab56ec-dd02-4f74-ac19-547b49e9f126,cake-22,Cake 22,Title,-,flavours,"[{""name"":""Pineapple"",""price"":""725.00"",""customName"":""""},{""name"":""Butterscotch"",""price"":""700"",""customName"":""""},{""name"":""Strawberry"",""price"":""700"",""customName"":""""}]",,,,Moti bakery,,0,0,0,0,0,,Cake 22,General,700,,3,active,https://jygsbebawnkvyaqohxes.supabase.co/storage/v1/object/public/cake-images/converted_webp/00022.webp,2026-04-01 08:33:40.519523+00,2026-05-07 15:19:07.127719+00,2,
301bc846-7617-4884-88ab-1902bd91c155,cake-746,Cake 746,Title,-,flavours,"[{""name"":""Pineapple"",""price"":""675.0"",""customName"":""""},{""name"":""Butter Scotch"",""price"":""675.0"",""customName"":""""},{""name"":""Strawberry"",""price"":""675.0"",""customName"":""""}]",,,,Moti bakery,,0,0,0,0,0,,Cake 746,General,675.0,,3,active,https://jygsbebawnkvyaqohxes.supabase.co/storage/v1/object/public/cake-images/converted_webp/resized_359.webp,2025-02-05 14:09:37+00,2026-05-07 15:23:09.014396+00,2.0,
3023b46e-005c-46ff-948f-ee8a8c194064,cake-1329,Cake 1329,Title,-,flavours,"[{""name"":""Butterscotch"",""price"":""1200.0"",""customName"":""""},{""name"":""Strawberry"",""price"":""1200.0"",""customName"":""""},{""name"":""Pineapple"",""price"":""1200.0"",""customName"":""""},{""name"":""Black Forest"",""price"":""1200.0"",""customName"":""""},{""name"":""Mix Fruit"",""price"":""1200.0"",""customName"":""""},{""name"":""Almond Honey"",""price"":""1200.0"",""customName"":""""},{""name"":""Choco Crunch"",""price"":""1200.0"",""customName"":""""},{""name"":""Rainbow"",""price"":""1200.0"",""customName"":""""},{""name"":""Choco Vanilla"",""price"":""1200.0"",""customName"":""""},{""name"":""White Forest"",""price"":""1200.0"",""customName"":""""}]",,,,Moti bakery,,0,0,0,0,0,,Cake 1329,General,1200.0,,10,active,https://jygsbebawnkvyaqohxes.supabase.co/storage/v1/object/public/cake-images/converted_webp/resized_1652710047.webp,2025-02-05 14:47:46+00,2026-05-07 15:28:26.096104+00,5.0,
3027d7f8-7f59-4647-969d-3c3a02738783,cake-195,Cake 195,Title,-,flavours,"[{""name"":""Pineapple"",""price"":""700.0"",""customName"":""""},{""name"":""Butter Scotch"",""price"":""700.0"",""customName"":""""},{""name"":""Strawberry"",""price"":""700.0"",""customName"":""""},{""name"":""Almond Honey"",""price"":""700.0"",""customName"":""""},{""name"":""Caramel Crunch"",""price"":""700.0"",""customName"":""""},{""name"":""Redvelvet"",""price"":""700.0"",""customName"":""""}]",,,,Moti bakery,,0,0,0,0,0,,Cake 195,General,700.0,,6,active,https://jygsbebawnkvyaqohxes.supabase.co/storage/v1/object/public/cake-images/converted_webp/resized_FBIMG1562518162505.webp,2025-02-05 15:48:40+00,2026-05-07 15:20:43.698469+00,2.5,
304e30be-62aa-4787-a374-ee8e614a7c9c,cake-846,Cake 846,Title,-,flavours,"[{""name"":""Pineapple"",""price"":""700.0"",""customName"":""""},{""name"":""Butterscotch"",""price"":""700.0"",""customName"":""""},{""name"":""Strawberry"",""price"":""700.0"",""customName"":""""},{""name"":""Caramel Crunch"",""price"":""700.0"",""customName"":""""},{""name"":""Red Velvet"",""price"":""700.0"",""customName"":""""},{""name"":""Almond Honey"",""price"":""700.0"",""customName"":""""}]",,,,Moti bakery,,0,0,0,0,0,,Cake 846,General,700.0,,6,active,https://jygsbebawnkvyaqohxes.supabase.co/storage/v1/object/public/cake-images/converted_webp/resized_FBIMG1573189506689.webp,2025-02-05 16:36:59+00,2026-05-07 15:23:59.166693+00,2.5,
30c32fb0-981e-430c-8a9e-bc8d786f58a8,cake-1062,Cake 1062,Title,-,flavours,"[{""name"":""Pine Apple"",""price"":""1200.0"",""customName"":""""},{""name"":""Butter Scotch"",""price"":""1200.0"",""customName"":""""},{""name"":""Strawberry"",""price"":""1200.0"",""customName"":""""}]",,,,Moti bakery,,0,0,0,0,0,,Cake 1062,General,1200.0,,3,active,https://jygsbebawnkvyaqohxes.supabase.co/storage/v1/object/public/cake-images/converted_webp/resized_1576596383557.webp,2025-02-05 14:48:44+00,2026-05-07 15:25:38.592168+00,3.0,
31072905-4076-439d-90ec-53c004c9e931,cake-1188,Cake 1188,Title,-,flavours,"[{""name"":""Butterscotch"",""price"":""750.0"",""customName"":""""},{""name"":""Strawberry"",""price"":""750.0"",""customName"":""""},{""name"":""Pineapple"",""price"":""750.0"",""customName"":""""},{""name"":""Black Forest"",""price"":""750.0"",""customName"":""""},{""name"":""Mix Fruit"",""price"":""750.0"",""customName"":""""},{""name"":""Almond Honey"",""price"":""750.0"",""customName"":""""},{""name"":""Choco Crunch"",""price"":""750.0"",""customName"":""""},{""name"":""Rainbow"",""price"":""750.0"",""customName"":""""},{""name"":""Choco Vanilla"",""price"":""750.0"",""customName"":""""},{""name"":""White Forest"",""price"":""750.0"",""customName"":""""}]",,,,Moti bakery,,0,0,0,0,0,,Cake 1188,General,750.0,,10,active,https://jygsbebawnkvyaqohxes.supabase.co/storage/v1/object/public/cake-images/converted_webp/resized_1652695535.webp,2025-02-05 14:09:37+00,2026-05-07 15:27:12.346827+00,3.0,
3147bd80-a51f-4c89-afb5-2e76a001efd3,cake-1168,Cake 1168,Title,-,flavours,"[{""name"":""Butterscotch"",""price"":""700.0"",""customName"":""""},{""name"":""Strawberry"",""price"":""700.0"",""customName"":""""},{""name"":""Pineapple"",""price"":""700.0"",""customName"":""""},{""name"":""Black Forest"",""price"":""700.0"",""customName"":""""},{""name"":""Mix Fruit"",""price"":""700.0"",""customName"":""""},{""name"":""Almond Honey"",""price"":""700.0"",""customName"":""""},{""name"":""Choco Crunch"",""price"":""700.0"",""customName"":""""},{""name"":""Rainbow"",""price"":""700.0"",""customName"":""""},{""name"":""Choco Vanilla"",""price"":""700.0"",""customName"":""""},{""name"":""White Forest"",""price"":""700.0"",""customName"":""""}]",,,,Moti bakery,,0,0,0,0,0,,Cake 1168,General,700.0,,10,active,https://jygsbebawnkvyaqohxes.supabase.co/storage/v1/object/public/cake-images/converted_webp/resized_1652692430.webp,2025-02-05 14:09:37+00,2026-05-07 15:27:01.398203+00,4.0,
31be85e2-ccf6-4062-913d-eb2192408db7,cake-1061,Cake 1061,Title,-,flavours,"[{""name"":""Pineapple"",""price"":""1200.0"",""customName"":""""},{""name"":""Butter Scotch"",""price"":""1200.0"",""customName"":""""},{""name"":""Strawberry"",""price"":""1200.0"",""customName"":""""}]",,,,Moti bakery,,0,0,0,0,0,,Cake 1061,General,1200.0,,3,active,https://jygsbebawnkvyaqohxes.supabase.co/storage/v1/object/public/cake-images/converted_webp/resized_00568.webp,2025-02-05 14:48:44+00,2026-05-07 15:25:37.931424+00,2.5,
31cab80d-b9be-44bb-84de-3a4fb49289b8,cake-218,Cake 218,Title,-,flavours,"[{""name"":""Pineapple"",""price"":""675.0"",""customName"":""""},{""name"":""Butter Scotch"",""price"":""675.0"",""customName"":""""},{""name"":""Strawberry"",""price"":""675.0"",""customName"":""""}]",,,,Moti bakery,,0,0,0,0,0,,Cake 218,General,675.0,,3,active,https://jygsbebawnkvyaqohxes.supabase.co/storage/v1/object/public/cake-images/converted_webp/resized_IMG20200227WA0026.webp,2025-02-05 14:09:37+00,2026-05-07 15:20:57.453058+00,2.0,
31e699b3-1906-4f2b-98b0-89ac0ccf49c1,cake-463,Cake 463,Title,-,flavours,"[{""name"":""Pineapple"",""price"":""700.0"",""customName"":""""},{""name"":""Butter Scotch"",""price"":""700.0"",""customName"":""""},{""name"":""Strawberry"",""price"":""700.0"",""customName"":""""}]",,,,Moti bakery,,0,0,0,0,0,,Cake 463,General,700.0,,3,active,https://jygsbebawnkvyaqohxes.supabase.co/storage/v1/object/public/cake-images/converted_webp/resized_242.webp,2025-02-05 14:09:37+00,2026-05-07 15:21:36.417043+00,5.0,
31f82d5f-bd11-4b35-ba1f-49d72c1bb00b,cake-759,Cake 759,Title,-,flavours,"[{""name"":""Pineapple"",""price"":""725.0"",""customName"":""""},{""name"":""Butter Scotch"",""price"":""725.0"",""customName"":""""},{""name"":""Strawberry"",""price"":""725.0"",""customName"":""""}]",,,,Moti bakery,,0,0,0,0,0,,Cake 759,General,725.0,,3,active,https://jygsbebawnkvyaqohxes.supabase.co/storage/v1/object/public/cake-images/converted_webp/resized_344.webp,2025-02-05 14:09:37+00,2026-05-07 15:23:15.554438+00,3.0,
323b957b-4720-4642-8802-ee3985260342,cake-467,Cake 467,Title,-,flavours,"[{""name"":""Pineapple"",""price"":""675.0"",""customName"":""""},{""name"":""Butter Scotch"",""price"":""675.0"",""customName"":""""},{""name"":""Strawberry"",""price"":""675.0"",""customName"":""""}]",,,,Moti bakery,,0,0,0,0,0,,Cake 467,General,675.0,,3,active,https://jygsbebawnkvyaqohxes.supabase.co/storage/v1/object/public/cake-images/converted_webp/resized_230.webp,2025-02-05 14:09:37+00,2026-05-07 15:21:38.629013+00,3.0,
327c794d-db8d-417b-9eee-e62f07bacef1,cake-999,Cake 999,Title,-,flavours,"[{""name"":""Pineapple"",""price"":""1200.0"",""customName"":""""},{""name"":""Butter Scotch"",""price"":""1200.0"",""customName"":""""},{""name"":""Strawberry"",""price"":""1200.0"",""customName"":""""}]",,,,Moti bakery,,0,0,0,0,0,,Cake 999,General,1200.0,,3,active,https://jygsbebawnkvyaqohxes.supabase.co/storage/v1/object/public/cake-images/converted_webp/resized_00505.webp,2025-02-05 14:47:46+00,2026-05-07 15:25:02.607642+00,3.0,
330d272e-4411-4950-ba94-12e4b81d0ddf,cake-732,Cake 732,Title,-,flavours,"[{""name"":""Pineapple"",""price"":""675.0"",""customName"":""""},{""name"":""Butter Scotch"",""price"":""675.0"",""customName"":""""},{""name"":""Strawberry"",""price"":""675.0"",""customName"":""""}]",,,,Moti bakery,,0,0,0,0,0,,Cake 732,General,675.0,,3,active,https://jygsbebawnkvyaqohxes.supabase.co/storage/v1/object/public/cake-images/converted_webp/resized_333.webp,2025-02-05 14:09:37+00,2026-05-07 15:23:01.469527+00,3.5,
331af397-2cf1-46fc-91ef-4703b2eb9e85,cake-197,Cake 197,Title,-,flavours,"[{""name"":""Pineapple"",""price"":""700.0"",""customName"":""""},{""name"":""Butter Scotch"",""price"":""700.0"",""customName"":""""},{""name"":""Strawberry"",""price"":""700.0"",""customName"":""""},{""name"":""Almond Honey"",""price"":""700.0"",""customName"":""""},{""name"":""Caramel Crunch"",""price"":""700.0"",""customName"":""""},{""name"":""Redvelvet"",""price"":""700.0"",""customName"":""""}]",,,,Moti bakery,,0,0,0,0,0,,Cake 197,General,700.0,,6,active,https://jygsbebawnkvyaqohxes.supabase.co/storage/v1/object/public/cake-images/converted_webp/resized_FBIMG1562518167614.webp,2025-02-05 15:49:15+00,2026-05-07 15:20:44.666405+00,2.5,
336ce15a-67d7-4aa1-ae35-f773c45023ab,cake-754,Cake 754,Title,-,flavours,"[{""name"":""Pineapple"",""price"":""675.0"",""customName"":""""},{""name"":""Butter Scotch"",""price"":""675.0"",""customName"":""""},{""name"":""Strawberry"",""price"":""675.0"",""customName"":""""}]",,,,Moti bakery,,0,0,0,0,0,,Cake 754,General,675.0,,3,active,https://jygsbebawnkvyaqohxes.supabase.co/storage/v1/object/public/cake-images/converted_webp/resized_321.webp,2025-02-05 14:09:37+00,2026-05-07 15:23:12.955099+00,1.0,
337bed4f-df98-4457-8488-5410adbd1c24,cake-468,Cake 468,Title,-,flavours,"[{""name"":""Pineapple"",""price"":""725.0"",""customName"":""""},{""name"":""Butter Scotch"",""price"":""725.0"",""customName"":""""},{""name"":""Strawberry"",""price"":""725.0"",""customName"":""""}]",,,,Moti bakery,,0,0,0,0,0,,Cake 468,General,725.0,,3,active,https://jygsbebawnkvyaqohxes.supabase.co/storage/v1/object/public/cake-images/converted_webp/resized_228.webp,2025-02-05 14:09:37+00,2026-05-07 15:21:39.124963+00,3.0,
33df00b7-3226-4900-8c57-c65f61fd50ef,cake-225,Cake 225,Title,-,flavours,"[{""name"":""Butterscotch"",""price"":""700.0"",""customName"":""""},{""name"":""Strawberry"",""price"":""700.0"",""customName"":""""},{""name"":""Pineapple"",""price"":""700.0"",""customName"":""""},{""name"":""Black Forest"",""price"":""700.0"",""customName"":""""},{""name"":""Mix Fruit"",""price"":""700.0"",""customName"":""""},{""name"":""Rainbow"",""price"":""700.0"",""customName"":""""},{""name"":""White Forest"",""price"":""700.0"",""customName"":""""}]",,,,Moti bakery,,0,0,0,0,0,,Cake 225,General,700.0,,7,active,https://jygsbebawnkvyaqohxes.supabase.co/storage/v1/object/public/cake-images/converted_webp/resized_1652704771.webp,2025-02-05 14:09:37+00,2026-05-07 15:21:01.646171+00,2.0,
34527e91-9e26-44a7-b4f3-889ce5646f12,cake-1253,Cake 1253,Title,-,flavours,"[{""name"":""Choco Crunch"",""price"":""1200.0"",""customName"":""""},{""name"":""Choco Vanilla"",""price"":""1200.0"",""customName"":""""},{""name"":""Chocolate Truffle"",""price"":""1200.0"",""customName"":""""}]",,,,Moti bakery,,0,0,0,0,0,,Cake 1253,General,1200.0,,3,active,https://jygsbebawnkvyaqohxes.supabase.co/storage/v1/object/public/cake-images/converted_webp/resized_1652702167.webp,2025-02-05 14:47:46+00,2026-05-07 15:27:50.964678+00,4.0,
359bb993-5e74-403e-beed-62372aff7291,cake-1265,Cake 1265,Title,-,flavours,"[{""name"":""Choco Crunch"",""price"":""925.0"",""customName"":""""},{""name"":""Choco Vanilla"",""price"":""925.0"",""customName"":""""},{""name"":""Chocolate Truffle"",""price"":""925.0"",""customName"":""""}]",,,,Moti bakery,,0,0,0,0,0,,Cake 1265,General,925.0,,3,active,https://jygsbebawnkvyaqohxes.supabase.co/storage/v1/object/public/cake-images/converted_webp/resized_1652702620.webp,2025-02-05 14:09:37+00,2026-05-07 15:27:58.42509+00,4.0,
35d08660-566b-48ef-8def-07aa170bdff6,cake-452,Cake 452,Title,-,flavours,"[{""name"":""Pineapple"",""price"":""700.0"",""customName"":""""},{""name"":""Butter Scotch"",""price"":""700.0"",""customName"":""""},{""name"":""Strawberry"",""price"":""700.0"",""customName"":""""}]",,,,Moti bakery,,0,0,0,0,0,,Cake 452,General,700.0,,3,active,https://jygsbebawnkvyaqohxes.supabase.co/storage/v1/object/public/cake-images/converted_webp/resized_260.webp,2025-02-05 14:09:37+00,2026-05-07 15:21:30.342884+00,3.0,
35e915c9-49cc-44f9-b077-9f78eaf357c3,cake-744,Cake 744,Title,-,flavours,"[{""name"":""Pineapple"",""price"":""675.0"",""customName"":""""},{""name"":""Butter Scotch"",""price"":""675.0"",""customName"":""""},{""name"":""Strawberry"",""price"":""675.0"",""customName"":""""}]",,,,Moti bakery,,0,0,0,0,0,,Cake 744,General,675.0,,3,active,https://jygsbebawnkvyaqohxes.supabase.co/storage/v1/object/public/cake-images/converted_webp/resized_357.webp,2025-02-05 14:09:37+00,2026-05-07 15:23:07.937567+00,1.5,
3652f5fb-6191-43a4-a138-f7242acdf35e,cake-628,Cake 628,Title,-,flavours,"[{""name"":""Pineapple"",""price"":""875.0"",""customName"":""""},{""name"":""Butterscotch"",""price"":""875.0"",""customName"":""""},{""name"":""Strawberry"",""price"":""875.0"",""customName"":""""}]",,,,Moti bakery,,0,0,0,0,0,,Cake 628,General,875.0,,3,active,https://jygsbebawnkvyaqohxes.supabase.co/storage/v1/object/public/cake-images/converted_webp/resized_268.webp,2025-02-05 14:09:37+00,2026-05-07 15:22:27.052905+00,2.0,
36557f3a-7232-4795-897a-05281879313d,cake-1358,Cake 1358,Title,-,flavours,"[{""name"":""Butterscotch"",""price"":""1200.0"",""customName"":""""},{""name"":""Strawberry"",""price"":""1200.0"",""customName"":""""},{""name"":""Pineapple"",""price"":""1200.0"",""customName"":""""},{""name"":""Black Forest"",""price"":""1200.0"",""customName"":""""},{""name"":""Mix Fruit"",""price"":""1200.0"",""customName"":""""},{""name"":""Almond Honey"",""price"":""1200.0"",""customName"":""""},{""name"":""Choco Crunch"",""price"":""1200.0"",""customName"":""""},{""name"":""Rainbow"",""price"":""1200.0"",""customName"":""""},{""name"":""Choco Vanilla"",""price"":""1200.0"",""customName"":""""},{""name"":""White Forest"",""price"":""1200.0"",""customName"":""""}]",,,,Moti bakery,,0,0,0,0,0,,Cake 1358,General,1200.0,,10,active,https://jygsbebawnkvyaqohxes.supabase.co/storage/v1/object/public/cake-images/converted_webp/resized_1652767559.webp,2025-02-05 14:47:46+00,2026-05-07 15:28:42.252159+00,7.0,
368b9bd4-44b1-4e2f-8a1d-ef9244e2720d,cake-1198,Cake 1198,Title,-,flavours,"[{""name"":""Butterscotch"",""price"":""700.0"",""customName"":""""},{""name"":""Strawberry"",""price"":""700.0"",""customName"":""""},{""name"":""Pineapple"",""price"":""700.0"",""customName"":""""},{""name"":""Black Forest"",""price"":""700.0"",""customName"":""""},{""name"":""Mix Fruit"",""price"":""700.0"",""customName"":""""},{""name"":""Almond Honey"",""price"":""700.0"",""customName"":""""},{""name"":""Choco Crunch"",""price"":""700.0"",""customName"":""""},{""name"":""Rainbow"",""price"":""700.0"",""customName"":""""},{""name"":""Choco Vanilla"",""price"":""700.0"",""customName"":""""},{""name"":""White Forest"",""price"":""700.0"",""customName"":""""}]",,,,Moti bakery,,0,0,0,0,0,,Cake 1198,General,700.0,,10,active,https://jygsbebawnkvyaqohxes.supabase.co/storage/v1/object/public/cake-images/converted_webp/resized_1652696387.webp,2025-02-05 14:09:37+00,2026-05-07 15:27:17.780475+00,3.0,
36c29175-c99d-4aad-93e3-7c402f1d11f7,cake-215,Cake 215,Title,-,flavours,"[{""name"":""Pineapple"",""price"":""700.0"",""customName"":""""},{""name"":""Butter Scotch"",""price"":""700.0"",""customName"":""""},{""name"":""Strawberry"",""price"":""700.0"",""customName"":""""}]",,,,Moti bakery,,0,0,0,0,0,,Cake 215,General,700.0,,3,active,https://jygsbebawnkvyaqohxes.supabase.co/storage/v1/object/public/cake-images/converted_webp/resized_IMG20200120WA0043.webp,2025-02-05 15:52:46+00,2026-05-07 15:20:55.712221+00,2.0,
36fd74b8-ca86-443b-b39f-77788cfe2027,cake-1089,Cake 1089,Title,-,flavours,"[{""name"":""Pineapple"",""price"":""1200.0"",""customName"":""""},{""name"":""Btter Scotch"",""price"":""1200.0"",""customName"":""""},{""name"":""Strawberry"",""price"":""1200.0"",""customName"":""""}]",,,,Moti bakery,,0,0,0,0,0,,Cake 1089,General,1200.0,,3,active,https://jygsbebawnkvyaqohxes.supabase.co/storage/v1/object/public/cake-images/converted_webp/resized_FBIMG1579161860402.webp,2025-02-05 14:48:44+00,2026-05-07 15:25:54.356379+00,2.5,
3703c82c-7492-4b62-987c-b9cc8a100d30,cake-429,Cake 429,Title,-,flavours,"[{""name"":""Pineapple"",""price"":""700.0"",""customName"":""""},{""name"":""Butter Scotch"",""price"":""700.0"",""customName"":""""},{""name"":""Strawberry"",""price"":""700.0"",""customName"":""""}]",,,,Moti bakery,,0,0,0,0,0,,Cake 429,General,700.0,,3,active,https://jygsbebawnkvyaqohxes.supabase.co/storage/v1/object/public/cake-images/converted_webp/resized_217.webp,2025-02-05 14:09:37+00,2026-05-07 15:21:18.442166+00,6.0,
371b9cf0-ec52-4679-817c-26921cb401f5,cake-723,Cake 723,Title,-,flavours,"[{""name"":""Pineapple"",""price"":""675.0"",""customName"":""""},{""name"":""Butter Scotch"",""price"":""675.0"",""customName"":""""},{""name"":""Strawberry"",""price"":""675.0"",""customName"":""""}]",,,,Moti bakery,,0,0,0,0,0,,Cake 723,General,675.0,,3,active,https://jygsbebawnkvyaqohxes.supabase.co/storage/v1/object/public/cake-images/converted_webp/resized_324.webp,2025-02-05 14:09:37+00,2026-05-07 15:22:56.783752+00,1.5,
378c0e88-3bdb-45e1-8637-321743672f0c,cake-1261,Cake 1261,Title,-,flavours,"[{""name"":""Choco Crunch"",""price"":""875.0"",""customName"":""""},{""name"":""Choco Vanilla"",""price"":""875.0"",""customName"":""""},{""name"":""Chocolate Truffle"",""price"":""875.0"",""customName"":""""}]",,,,Moti bakery,,0,0,0,0,0,,Cake 1261,General,875.0,,3,active,https://jygsbebawnkvyaqohxes.supabase.co/storage/v1/object/public/cake-images/converted_webp/resized_1652702456.webp,2025-02-05 14:09:37+00,2026-05-07 15:27:55.86472+00,1.0,
379997bc-27d4-4637-8243-d366fa4a9538,cake-820,Cake 820,Title,-,flavours,"[{""name"":""Pineapple"",""price"":""700.0"",""customName"":""""},{""name"":""Butter Scotch"",""price"":""700.0"",""customName"":""""},{""name"":""Strawberry"",""price"":""700.0"",""customName"":""""}]",,,,Moti bakery,,0,0,0,0,0,,Cake 820,General,700.0,,3,active,https://jygsbebawnkvyaqohxes.supabase.co/storage/v1/object/public/cake-images/converted_webp/resized_385.webp,2025-02-05 14:09:37+00,2026-05-07 15:23:46.026227+00,3.0,
37b15ab4-bea2-4806-b093-47afa25d092b,cake-538,Cake 538,Title,-,flavours,"[{""name"":""Pineapple"",""price"":""675.0"",""customName"":""""},{""name"":""Butter Scotch"",""price"":""675.0"",""customName"":""""},{""name"":""Strawberry"",""price"":""675.0"",""customName"":""""},{""name"":""Almond Honey"",""price"":""675.0"",""customName"":""""},{""name"":""Caramel Crunch"",""price"":""675.0"",""customName"":""""},{""name"":""Redvelvet"",""price"":""675.0"",""customName"":""""}]",,,,Moti bakery,,0,0,0,0,0,,Cake 538,General,675.0,,6,active,https://jygsbebawnkvyaqohxes.supabase.co/storage/v1/object/public/cake-images/converted_webp/resized_FBIMG1601226446049.webp,2025-02-05 16:25:36+00,2026-05-07 15:22:20.203872+00,5.0,
37f0a31e-5090-4895-b8f2-d8a0117e0f08,cake-1212,Cake 1212,Title,-,flavours,"[{""name"":""Butterscotch"",""price"":""725.0"",""customName"":""""},{""name"":""Strawberry"",""price"":""725.0"",""customName"":""""},{""name"":""Pineapple"",""price"":""725.0"",""customName"":""""},{""name"":""Black Forest"",""price"":""725.0"",""customName"":""""},{""name"":""Mix Fruit"",""price"":""725.0"",""customName"":""""},{""name"":""Almond Honey"",""price"":""725.0"",""customName"":""""},{""name"":""Choco Crunch"",""price"":""725.0"",""customName"":""""},{""name"":""Rainbow"",""price"":""725.0"",""customName"":""""},{""name"":""Choco Vanilla"",""price"":""725.0"",""customName"":""""},{""name"":""White Forest"",""price"":""725.0"",""customName"":""""}]",,,,Moti bakery,,0,0,0,0,0,,Cake 1212,General,725.0,,10,active,https://jygsbebawnkvyaqohxes.supabase.co/storage/v1/object/public/cake-images/converted_webp/resized_1652698142.webp,2025-02-05 14:09:37+00,2026-05-07 15:27:25.624267+00,6.0,
37f3f187-9702-4fdd-952f-c9cf7de64b31,cake-947,Cake 947,Title,-,flavours,"[{""name"":""Pineapple"",""price"":""1200.0"",""customName"":""""},{""name"":""Butter Scotch"",""price"":""1200.0"",""customName"":""""},{""name"":""Strawberry"",""price"":""1200.0"",""customName"":""""}]",,,,Moti bakery,,0,0,0,0,0,,Cake 947,General,1200.0,,3,active,https://jygsbebawnkvyaqohxes.supabase.co/storage/v1/object/public/cake-images/converted_webp/00454.webp,2025-02-05 14:33:40+00,2026-05-07 15:24:34.791297+00,3.0,
3860e6df-49b8-40b2-98e1-8f9bf138438f,cake-905,Cake 905,Title,-,flavours,"[{""name"":""Pineapple"",""price"":""1200.0"",""customName"":""""},{""name"":""Butter Scotch"",""price"":""1200.0"",""customName"":""""},{""name"":""Strawberry"",""price"":""1200.0"",""customName"":""""}]",,,,Moti bakery,,0,0,0,0,0,,Cake 905,General,1200.0,,3,active,https://jygsbebawnkvyaqohxes.supabase.co/storage/v1/object/public/cake-images/converted_webp/004112.webp,2025-02-05 14:25:02+00,2026-05-07 15:24:11.096615+00,4.0,
3888ba24-0fa7-4aad-ad9c-5f5886686a20,cake-1341,Cake 1341,Title,-,flavours,"[{""name"":""Butterscotch"",""price"":""1200.0"",""customName"":""""},{""name"":""Strawberry"",""price"":""1200.0"",""customName"":""""},{""name"":""Pineapple"",""price"":""1200.0"",""customName"":""""},{""name"":""Black Forest"",""price"":""1200.0"",""customName"":""""},{""name"":""Mix Fruit"",""price"":""1200.0"",""customName"":""""},{""name"":""Almond Honey"",""price"":""1200.0"",""customName"":""""},{""name"":""Choco Crunch"",""price"":""1200.0"",""customName"":""""},{""name"":""Rainbow"",""price"":""1200.0"",""customName"":""""},{""name"":""Choco Vanilla"",""price"":""1200.0"",""customName"":""""},{""name"":""White Forest"",""price"":""1200.0"",""customName"":""""}]",,,,Moti bakery,,0,0,0,0,0,,Cake 1341,General,1200.0,,10,active,https://jygsbebawnkvyaqohxes.supabase.co/storage/v1/object/public/cake-images/converted_webp/resized_1652766953.webp,2025-02-05 14:47:46+00,2026-05-07 15:28:32.217725+00,8.0,
38a8082a-5135-4743-ba70-9f9b17def6de,cake-971,Cake 971,Title,-,flavours,"[{""name"":""Pineapple"",""price"":""1200.0"",""customName"":""""},{""name"":""Butter Scotch"",""price"":""1200.0"",""customName"":""""},{""name"":""Strawberry"",""price"":""1200.0"",""customName"":""""}]",,,,Moti bakery,,0,0,0,0,0,,Cake 971,General,1200.0,,3,active,https://jygsbebawnkvyaqohxes.supabase.co/storage/v1/object/public/cake-images/converted_webp/00479.webp,2025-02-05 14:47:46+00,2026-05-07 15:24:47.67705+00,3.0,
38f13c03-6e7b-4ed0-9be6-d5f8671583d1,cake-461,Cake 461,Title,-,flavours,"[{""name"":""Pineapple"",""price"":""675.0"",""customName"":""""},{""name"":""Butter Scotch"",""price"":""675.0"",""customName"":""""},{""name"":""Strawberry"",""price"":""675.0"",""customName"":""""}]",,,,Moti bakery,,0,0,0,0,0,,Cake 461,General,675.0,,3,active,https://jygsbebawnkvyaqohxes.supabase.co/storage/v1/object/public/cake-images/converted_webp/resized_240.webp,2025-02-05 14:09:37+00,2026-05-07 15:21:35.463125+00,3.0,
39146f0b-3c24-4f7d-8852-008e24de8f6b,cake-1052,Cake 1052,Title,-,flavours,"[{""name"":""Pineapple"",""price"":""1200.0"",""customName"":""""},{""name"":""Butter Scotch"",""price"":""1200.0"",""customName"":""""},{""name"":""Strawberry"",""price"":""1200.0"",""customName"":""""}]",,,,Moti bakery,,0,0,0,0,0,,Cake 1052,General,1200.0,,3,active,https://jygsbebawnkvyaqohxes.supabase.co/storage/v1/object/public/cake-images/converted_webp/resized_00559.webp,2025-02-05 14:48:44+00,2026-05-07 15:25:33.642424+00,3.0,
3939fc75-6b4a-4510-be66-ac5391530304,cake-1077,Cake 1077,Title,-,flavours,"[{""name"":""Pineapple"",""price"":""1100.0"",""customName"":""""},{""name"":""Butterscotch"",""price"":""1100.0"",""customName"":""""},{""name"":""Stawberry"",""price"":""1100.0"",""customName"":""""},{""name"":""Caramel Crunch"",""price"":""1100.0"",""customName"":""""},{""name"":""Almond Honey"",""price"":""1100.0"",""customName"":""""},{""name"":""Redvelvet"",""price"":""1100.0"",""customName"":""""}]",,,,Moti bakery,,0,0,0,0,0,,Cake 1077,General,1100.0,,6,active,https://jygsbebawnkvyaqohxes.supabase.co/storage/v1/object/public/cake-images/converted_webp/resized_1576596438076.webp,2025-02-05 14:48:44+00,2026-05-07 15:25:47.251436+00,3.0,
3953c297-ccd7-40e6-854c-285922d28017,cake-1176,Cake 1176,Title,-,flavours,"[{""name"":""Butterscotch"",""price"":""700.0"",""customName"":""""},{""name"":""Strawberry"",""price"":""700.0"",""customName"":""""},{""name"":""Pineapple"",""price"":""700.0"",""customName"":""""},{""name"":""Black Forest"",""price"":""700.0"",""customName"":""""},{""name"":""Mix Fruit"",""price"":""700.0"",""customName"":""""},{""name"":""Almond Honey"",""price"":""700.0"",""customName"":""""},{""name"":""Choco Crunch"",""price"":""700.0"",""customName"":""""},{""name"":""Rainbow"",""price"":""700.0"",""customName"":""""},{""name"":""Choco Vanilla"",""price"":""700.0"",""customName"":""""},{""name"":""White Forest"",""price"":""700.0"",""customName"":""""}]",,,,Moti bakery,,0,0,0,0,0,,Cake 1176,General,700.0,,10,active,https://jygsbebawnkvyaqohxes.supabase.co/storage/v1/object/public/cake-images/converted_webp/resized_1652693559.webp,2025-02-05 14:09:37+00,2026-05-07 15:27:05.900323+00,3.0,
39d981c9-711a-4aa5-8a5d-902306ad29e9,cake-950,Cake 950,Title,-,flavours,"[{""name"":""Pineapple"",""price"":""1200.0"",""customName"":""""},{""name"":""Butter Scotch"",""price"":""1200.0"",""customName"":""""},{""name"":""Strawberry"",""price"":""1200.0"",""customName"":""""}]",,,,Moti bakery,,0,0,0,0,0,,Cake 950,General,1200.0,,3,active,https://jygsbebawnkvyaqohxes.supabase.co/storage/v1/object/public/cake-images/converted_webp/00457.webp,2025-02-05 14:34:32+00,2026-05-07 15:24:36.529018+00,2.5,
39f08a08-629e-4abb-96db-962b5b93b406,cake-981,Cake 981,Title,-,flavours,"[{""name"":""Pineapple"",""price"":""1200.0"",""customName"":""""},{""name"":""Butter Scotch"",""price"":""1200.0"",""customName"":""""},{""name"":""Strawberry"",""price"":""1200.0"",""customName"":""""}]",,,,Moti bakery,,0,0,0,0,0,,Cake 981,General,1200.0,,3,active,https://jygsbebawnkvyaqohxes.supabase.co/storage/v1/object/public/cake-images/converted_webp/00489.webp,2025-02-05 14:47:46+00,2026-05-07 15:24:53.227721+00,3.0,
3a31363c-6548-485b-9e2d-17700ecbc113,cake-1048,Cake 1048,Title,-,flavours,"[{""name"":""Pineapple"",""price"":""1200.0"",""customName"":""""},{""name"":""Butter Scotch"",""price"":""1200.0"",""customName"":""""},{""name"":""Strawberry"",""price"":""1200.0"",""customName"":""""}]",,,,Moti bakery,,0,0,0,0,0,,Cake 1048,General,1200.0,,3,active,https://jygsbebawnkvyaqohxes.supabase.co/storage/v1/object/public/cake-images/converted_webp/resized_00507.webp,2025-02-05 14:48:44+00,2026-05-07 15:25:31.68497+00,3.0,
3a6386a5-4a45-439a-bf38-1026e2d19132,cake-1181,Cake 1181,Title,-,flavours,"[{""name"":""Butterscotch"",""price"":""700.0"",""customName"":""""},{""name"":""Strawberry"",""price"":""700.0"",""customName"":""""},{""name"":""Pineapple"",""price"":""700.0"",""customName"":""""},{""name"":""Black Forest"",""price"":""700.0"",""customName"":""""},{""name"":""Mix Fruit"",""price"":""700.0"",""customName"":""""},{""name"":""Almond Honey"",""price"":""700.0"",""customName"":""""},{""name"":""Choco Crunch"",""price"":""700.0"",""customName"":""""},{""name"":""Rainbow"",""price"":""700.0"",""customName"":""""},{""name"":""Choco Vanilla"",""price"":""700.0"",""customName"":""""},{""name"":""White Forest"",""price"":""700.0"",""customName"":""""}]",,,,Moti bakery,,0,0,0,0,0,,Cake 1181,General,700.0,,10,active,https://jygsbebawnkvyaqohxes.supabase.co/storage/v1/object/public/cake-images/converted_webp/resized_1652694917.webp,2025-02-05 14:09:37+00,2026-05-07 15:27:08.56744+00,5.0,
3acfc411-30c6-466a-a4b9-b070dae5d030,cake-822,Cake 822,Title,-,flavours,"[{""name"":""Pineapple"",""price"":""700.0"",""customName"":""""},{""name"":""Butter Scotch"",""price"":""700.0"",""customName"":""""},{""name"":""Strawberry"",""price"":""700.0"",""customName"":""""}]",,,,Moti bakery,,0,0,0,0,0,,Cake 822,General,700.0,,3,active,https://jygsbebawnkvyaqohxes.supabase.co/storage/v1/object/public/cake-images/converted_webp/resized_387.webp,2025-02-05 14:09:37+00,2026-05-07 15:23:46.9398+00,3.0,
3af239f5-06bc-42b7-a2cc-9e0f4b5348b5,cake-851,Cake 851,Title,-,flavours,"[{""name"":""Pineapple"",""price"":""700.0"",""customName"":""""},{""name"":""Butterscotch"",""price"":""700.0"",""customName"":""""},{""name"":""Strawberry"",""price"":""700.0"",""customName"":""""},{""name"":""Caramel Crunch"",""price"":""700.0"",""customName"":""""},{""name"":""Red Velvet"",""price"":""700.0"",""customName"":""""},{""name"":""Almond Honey"",""price"":""700.0"",""customName"":""""}]",,,,Moti bakery,,0,0,0,0,0,,Cake 851,General,700.0,,6,active,https://jygsbebawnkvyaqohxes.supabase.co/storage/v1/object/public/cake-images/converted_webp/resized_IMG20190203WA0006.webp,2025-02-05 16:37:47+00,2026-05-07 15:24:01.705691+00,2.5,
3b009276-0aab-4ced-81df-8cf16f938283,cake-9,Cake 9,Title,-,flavours,"[{""name"":""Pineapple"",""price"":""725.00"",""customName"":""""},{""name"":""Butterscotch"",""price"":""700"",""customName"":""""},{""name"":""Strawberry"",""price"":""700"",""customName"":""""}]",,,,Moti bakery,,0,0,0,0,0,,Cake 9,General,700,,3,active,https://jygsbebawnkvyaqohxes.supabase.co/storage/v1/object/public/cake-images/converted_webp/0009.webp,2026-04-01 08:33:40.519523+00,2026-05-07 15:29:11.545396+00,1,
3b29b22c-ab1b-42bd-b052-1c1acf49baa1,cake-80,Cake 80,Title,-,flavours,"[{""name"":""Pineapple"",""price"":""675.0"",""customName"":""""},{""name"":""Butter Scotch"",""price"":""675.0"",""customName"":""""},{""name"":""Strawberry"",""price"":""675.0"",""customName"":""""}]",,,,Moti bakery,,0,0,0,0,0,,Cake 80,General,675.0,,3,active,https://jygsbebawnkvyaqohxes.supabase.co/storage/v1/object/public/cake-images/converted_webp/00080.webp,2025-02-05 15:19:13+00,2026-05-07 15:19:41.784255+00,2.0,
3b379a9c-d539-419c-a6a7-3da660858a54,cake-168,Cake 168,Title,-,flavours,"[{""name"":""Pineapple"",""price"":""700.0"",""customName"":""""},{""name"":""Butter Scotch"",""price"":""700.0"",""customName"":""""},{""name"":""Strawberry"",""price"":""700.0"",""customName"":""""}]",,,,Moti bakery,,0,0,0,0,0,,Cake 168,General,700.0,,3,active,https://jygsbebawnkvyaqohxes.supabase.co/storage/v1/object/public/cake-images/converted_webp/resized_0168.webp,2025-02-05 14:09:37+00,2026-05-07 15:20:30.274859+00,1.0,
3b3ae408-11b0-413b-9d30-4a2e2dbe51b6,cake-73,Cake 73,Title,-,flavours,"[{""name"":""Pineapple"",""price"":""650.0"",""customName"":""""},{""name"":""Butter Scotch"",""price"":""650.0"",""customName"":""""},{""name"":""Strawberry"",""price"":""650.0"",""customName"":""""}]",,,,Moti bakery,,0,0,0,0,0,,Cake 73,General,650.0,,3,active,https://jygsbebawnkvyaqohxes.supabase.co/storage/v1/object/public/cake-images/converted_webp/00073.webp,2025-02-05 14:09:37+00,2026-05-07 15:19:37.71056+00,2.0,
3b5d6994-d68e-4e11-856e-2d04b13e2af1,cake-1223,Cake 1223,Title,-,flavours,"[{""name"":""Butterscotch"",""price"":""825.0"",""customName"":""""},{""name"":""Strawberry"",""price"":""825.0"",""customName"":""""},{""name"":""Pineapple"",""price"":""825.0"",""customName"":""""},{""name"":""Black Forest"",""price"":""825.0"",""customName"":""""},{""name"":""Mix Fruit"",""price"":""825.0"",""customName"":""""},{""name"":""Almond Honey"",""price"":""825.0"",""customName"":""""},{""name"":""Choco Crunch"",""price"":""825.0"",""customName"":""""},{""name"":""Rainbow"",""price"":""825.0"",""customName"":""""},{""name"":""Choco Vanilla"",""price"":""825.0"",""customName"":""""},{""name"":""White Forest"",""price"":""825.0"",""customName"":""""}]",,,,Moti bakery,,0,0,0,0,0,,Cake 1223,General,825.0,,10,active,https://jygsbebawnkvyaqohxes.supabase.co/storage/v1/object/public/cake-images/converted_webp/resized_1652699001.webp,2025-02-05 14:09:37+00,2026-05-07 15:27:31.903083+00,4.0,
3b7bb0e2-8434-40e5-8201-7c4d220e54e0,cake-1222,Cake 1222,Title,-,flavours,"[{""name"":""Butterscotch"",""price"":""700.0"",""customName"":""""},{""name"":""Strawberry"",""price"":""700.0"",""customName"":""""},{""name"":""Pineapple"",""price"":""700.0"",""customName"":""""},{""name"":""Black Forest"",""price"":""700.0"",""customName"":""""},{""name"":""Mix Fruit"",""price"":""700.0"",""customName"":""""},{""name"":""Almond Honey"",""price"":""700.0"",""customName"":""""},{""name"":""Choco Crunch"",""price"":""700.0"",""customName"":""""},{""name"":""Rainbow"",""price"":""700.0"",""customName"":""""},{""name"":""Choco Vanilla"",""price"":""700.0"",""customName"":""""},{""name"":""White Forest"",""price"":""700.0"",""customName"":""""}]",,,,Moti bakery,,0,0,0,0,0,,Cake 1222,General,700.0,,10,active,https://jygsbebawnkvyaqohxes.supabase.co/storage/v1/object/public/cake-images/converted_webp/resized_1652698958.webp,2025-02-05 14:09:37+00,2026-05-07 15:27:31.403964+00,4.0,
3bb1035a-6b17-4454-8519-611e26f9d5f5,cake-459,Cake 459,Title,-,flavours,"[{""name"":""Pineapple"",""price"":""725.0"",""customName"":""""},{""name"":""Butter Scotch"",""price"":""725.0"",""customName"":""""},{""name"":""Strawberry"",""price"":""725.0"",""customName"":""""}]",,,,Moti bakery,,0,0,0,0,0,,Cake 459,General,725.0,,3,active,https://jygsbebawnkvyaqohxes.supabase.co/storage/v1/object/public/cake-images/converted_webp/resized_238.webp,2025-02-05 14:09:37+00,2026-05-07 15:21:34.209427+00,3.0,
3bcee7ac-a75f-41fd-b890-f26483748682,cake-923,Cake 923,Title,-,flavours,"[{""name"":""Pineapple"",""price"":""1200.0"",""customName"":""""},{""name"":""Butter Scotch"",""price"":""1200.0"",""customName"":""""},{""name"":""Strawberry"",""price"":""1200.0"",""customName"":""""}]",,,,Moti bakery,,0,0,0,0,0,,Cake 923,General,1200.0,,3,active,https://jygsbebawnkvyaqohxes.supabase.co/storage/v1/object/public/cake-images/converted_webp/00430.webp,2025-02-05 14:27:58+00,2026-05-07 15:24:20.52626+00,5.0,
3c083b94-5c20-4563-87e2-7d2d54ff43b4,cake-213,Cake 213,Title,-,flavours,"[{""name"":""Pineapple"",""price"":""675.0"",""customName"":""""},{""name"":""Butter Scotch"",""price"":""675.0"",""customName"":""""},{""name"":""Strawberry"",""price"":""675.0"",""customName"":""""}]",,,,Moti bakery,,0,0,0,0,0,,Cake 213,General,675.0,,3,active,https://jygsbebawnkvyaqohxes.supabase.co/storage/v1/object/public/cake-images/converted_webp/resized_FBIMG1601226414660.webp,2025-02-05 15:52:31+00,2026-05-07 15:20:54.743709+00,1.5,
3c1985ef-dcef-4e04-9e1e-10ec0500f90e,cake-749,Cake 749,Title,-,flavours,"[{""name"":""Pineapple"",""price"":""725.0"",""customName"":""""},{""name"":""Butter Scotch"",""price"":""725.0"",""customName"":""""},{""name"":""Strawberry"",""price"":""725.0"",""customName"":""""}]",,,,Moti bakery,,0,0,0,0,0,,Cake 749,General,725.0,,3,active,https://jygsbebawnkvyaqohxes.supabase.co/storage/v1/object/public/cake-images/converted_webp/resized_362.webp,2025-02-05 14:09:37+00,2026-05-07 15:23:10.387743+00,2.5,
3c2ee8c1-9ee9-4ad4-8624-c6683f692d8e,cake-1042,Cake 1042,Title,-,flavours,"[{""name"":""Pineapple"",""price"":""1200.0"",""customName"":""""},{""name"":""Butter Scotch"",""price"":""1200.0"",""customName"":""""},{""name"":""Strawberry"",""price"":""1200.0"",""customName"":""""}]",,,,Moti bakery,,0,0,0,0,0,,Cake 1042,General,1200.0,,3,active,https://jygsbebawnkvyaqohxes.supabase.co/storage/v1/object/public/cake-images/converted_webp/resized_550.webp,2025-02-05 14:48:44+00,2026-05-07 15:25:28.154472+00,4.0,
3ca8a79c-f3ef-44d0-a215-a121a0722618,cake-187,Cake 187,Title,-,flavours,"[{""name"":""Pineapple"",""price"":""675.0"",""customName"":""""},{""name"":""Butter Scotch"",""price"":""675.0"",""customName"":""""},{""name"":""Strawberry"",""price"":""675.0"",""customName"":""""},{""name"":""Almond Honey"",""price"":""675.0"",""customName"":""""},{""name"":""Caramel Crunch"",""price"":""675.0"",""customName"":""""},{""name"":""Redvelvet"",""price"":""675.0"",""customName"":""""}]",,,,Moti bakery,,0,0,0,0,0,,Cake 187,General,675.0,,6,active,https://jygsbebawnkvyaqohxes.supabase.co/storage/v1/object/public/cake-images/converted_webp/resized_1576605136786.webp,2025-02-05 15:46:01+00,2026-05-07 15:20:39.855138+00,2.0,
3d193e59-7862-47d2-9f9f-ee769a20d99b,cake-1348,Cake 1348,Title,-,flavours,"[{""name"":""Butterscotch"",""price"":""1200.0"",""customName"":""""},{""name"":""Strawberry"",""price"":""1200.0"",""customName"":""""},{""name"":""Pineapple"",""price"":""1200.0"",""customName"":""""},{""name"":""Black Forest"",""price"":""1200.0"",""customName"":""""},{""name"":""Mix Fruit"",""price"":""1200.0"",""customName"":""""},{""name"":""Almond Honey"",""price"":""1200.0"",""customName"":""""},{""name"":""Choco Crunch"",""price"":""1200.0"",""customName"":""""},{""name"":""Rainbow"",""price"":""1200.0"",""customName"":""""},{""name"":""Choco Vanilla"",""price"":""1200.0"",""customName"":""""},{""name"":""White Forest"",""price"":""1200.0"",""customName"":""""}]",,,,Moti bakery,,0,0,0,0,0,,Cake 1348,General,1200.0,,10,active,https://jygsbebawnkvyaqohxes.supabase.co/storage/v1/object/public/cake-images/converted_webp/resized_1652767194.webp,2025-02-05 14:47:46+00,2026-05-07 15:28:36.118018+00,7.0,
3ddea5f6-d4ce-4000-aef8-7a40af523e77,cake-214,Cake 214,Title,-,flavours,"[{""name"":""Pineapple"",""price"":""775.0"",""customName"":""""},{""name"":""Butter Scotch"",""price"":""775.0"",""customName"":""""},{""name"":""Strawberry"",""price"":""775.0"",""customName"":""""}]",,,,Moti bakery,,0,0,0,0,0,,Cake 214,General,775.0,,3,active,https://jygsbebawnkvyaqohxes.supabase.co/storage/v1/object/public/cake-images/converted_webp/resized_IMG20200120WA0042.webp,2025-02-05 15:52:39+00,2026-05-07 15:20:55.210116+00,3.0,
3e0b1866-4c7f-4478-b31c-d9332dbcff0a,cake-995,Cake 995,Title,-,flavours,"[{""name"":""Pineapple"",""price"":""975.0"",""customName"":""""},{""name"":""Butters Cotch"",""price"":""975.0"",""customName"":""""},{""name"":""Strawberry"",""price"":""975.0"",""customName"":""""}]",,,,Moti bakery,,0,0,0,0,0,,Cake 995,General,975.0,,3,active,https://jygsbebawnkvyaqohxes.supabase.co/storage/v1/object/public/cake-images/converted_webp/resized_00501.webp,2025-02-05 14:09:37+00,2026-05-07 15:25:00.660077+00,3.0,
3e1b4cd0-859a-4101-a514-69f83a8ac5e4,cake-523,Cake 523,Title,-,flavours,"[{""name"":""Pineapple"",""price"":""725.0"",""customName"":""""},{""name"":""Butter Scotch"",""price"":""725.0"",""customName"":""""},{""name"":""Strawberry"",""price"":""725.0"",""customName"":""""},{""name"":""Almond Honey"",""price"":""725.0"",""customName"":""""},{""name"":""Caramel Crunch"",""price"":""725.0"",""customName"":""""},{""name"":""Redvelvet"",""price"":""725.0"",""customName"":""""}]",,,,Moti bakery,,0,0,0,0,0,,Cake 523,General,725.0,,6,active,https://jygsbebawnkvyaqohxes.supabase.co/storage/v1/object/public/cake-images/converted_webp/resized_FBIMG1600079361842.webp,2025-02-05 16:23:07+00,2026-05-07 15:22:12.234773+00,5.0,
3e1ca403-484e-41f3-a69d-d4e8d667209c,cake-497,Cake 497,Title,-,flavours,"[{""name"":""Choco Chips Cake"",""price"":""675.0"",""customName"":""""}]",,,,Moti bakery,,0,0,0,0,0,,Cake 497,General,675.0,,1,active,https://jygsbebawnkvyaqohxes.supabase.co/storage/v1/object/public/cake-images/converted_webp/resized_1576604975512.webp,2025-02-05 16:18:09+00,2026-05-07 15:21:56.366003+00,4.0,
3e2c4258-1f71-4759-987d-2c07068a1dac,cake-1044,Cake 1044,Title,-,flavours,"[{""name"":""Pineapple"",""price"":""1200.0"",""customName"":""""},{""name"":""Butter Scotch"",""price"":""1200.0"",""customName"":""""},{""name"":""Strawberry"",""price"":""1200.0"",""customName"":""""}]",,,,Moti bakery,,0,0,0,0,0,,Cake 1044,General,1200.0,,3,active,https://jygsbebawnkvyaqohxes.supabase.co/storage/v1/object/public/cake-images/converted_webp/resized_00552.webp,2025-02-05 14:48:44+00,2026-05-07 15:25:29.036944+00,4.0,
3e2f089b-500d-46b3-a551-d1221d8179fb,cake-1195,Cake 1195,Title,-,flavours,"[{""name"":""Butterscotch"",""price"":""700.0"",""customName"":""""},{""name"":""Strawberry"",""price"":""700.0"",""customName"":""""},{""name"":""Pineapple"",""price"":""700.0"",""customName"":""""},{""name"":""Black Forest"",""price"":""700.0"",""customName"":""""},{""name"":""Mix Fruit"",""price"":""700.0"",""customName"":""""},{""name"":""Almond Honey"",""price"":""700.0"",""customName"":""""},{""name"":""Choco Crunch"",""price"":""700.0"",""customName"":""""},{""name"":""Rainbow"",""price"":""700.0"",""customName"":""""},{""name"":""Choco Vanilla"",""price"":""700.0"",""customName"":""""},{""name"":""White Forest"",""price"":""700.0"",""customName"":""""}]",,,,Moti bakery,,0,0,0,0,0,,Cake 1195,General,700.0,,10,active,https://jygsbebawnkvyaqohxes.supabase.co/storage/v1/object/public/cake-images/converted_webp/resized_1652696259.webp,2025-02-05 14:09:37+00,2026-05-07 15:27:15.925761+00,4.0,
3e6897a6-7eec-4fa7-a3f1-d3ccc04eddfd,cake-713,Cake 713,Title,-,flavours,"[{""name"":""Black Forest"",""price"":""675.0"",""customName"":""""}]",,,,Moti bakery,,0,0,0,0,0,,Cake 713,General,675.0,,1,active,https://jygsbebawnkvyaqohxes.supabase.co/storage/v1/object/public/cake-images/converted_webp/resized_314.webp,2025-02-05 14:09:37+00,2026-05-07 15:22:51.836976+00,3.0,
3e92a9e9-843e-4290-806c-16839b308cf2,cake-916,Cake 916,Title,-,flavours,"[{""name"":""Pineapple"",""price"":""1200.0"",""customName"":""""},{""name"":""Butter Scotch"",""price"":""1200.0"",""customName"":""""},{""name"":""Strawberry"",""price"":""1200.0"",""customName"":""""}]",,,,Moti bakery,,0,0,0,0,0,,Cake 916,General,1200.0,,3,active,https://jygsbebawnkvyaqohxes.supabase.co/storage/v1/object/public/cake-images/converted_webp/00424.webp,2025-02-05 14:26:52+00,2026-05-07 15:24:16.909073+00,10.0,
3f67138a-fc95-474f-ab82-f2f7d7352962,cake-1221,Cake 1221,Title,-,flavours,"[{""name"":""Butterscotch"",""price"":""825.0"",""customName"":""""},{""name"":""Strawberry"",""price"":""825.0"",""customName"":""""},{""name"":""Pineapple"",""price"":""825.0"",""customName"":""""},{""name"":""Black Forest"",""price"":""825.0"",""customName"":""""},{""name"":""Mix Fruit"",""price"":""825.0"",""customName"":""""},{""name"":""Almond Honey"",""price"":""825.0"",""customName"":""""},{""name"":""Choco Crunch"",""price"":""825.0"",""customName"":""""},{""name"":""Rainbow"",""price"":""825.0"",""customName"":""""},{""name"":""Choco Vanilla"",""price"":""825.0"",""customName"":""""},{""name"":""White Forest"",""price"":""825.0"",""customName"":""""}]",,,,Moti bakery,,0,0,0,0,0,,Cake 1221,General,825.0,,10,active,https://jygsbebawnkvyaqohxes.supabase.co/storage/v1/object/public/cake-images/converted_webp/resized_1652698914.webp,2025-02-05 14:09:37+00,2026-05-07 15:27:30.861511+00,4.0,
3fc0bf1e-cdc3-4a07-a364-f0cea99764b3,cake-1191,Cake 1191,Title,-,flavours,"[{""name"":""Butterscotch"",""price"":""750.0"",""customName"":""""},{""name"":""Strawberry"",""price"":""750.0"",""customName"":""""},{""name"":""Pineapple"",""price"":""750.0"",""customName"":""""},{""name"":""Black Forest"",""price"":""750.0"",""customName"":""""},{""name"":""Mix Fruit"",""price"":""750.0"",""customName"":""""},{""name"":""Almond Honey"",""price"":""750.0"",""customName"":""""},{""name"":""Choco Crunch"",""price"":""750.0"",""customName"":""""},{""name"":""Rainbow"",""price"":""750.0"",""customName"":""""},{""name"":""Choco Vanilla"",""price"":""750.0"",""customName"":""""},{""name"":""White Forest"",""price"":""750.0"",""customName"":""""}]",,,,Moti bakery,,0,0,0,0,0,,Cake 1191,General,750.0,,10,active,https://jygsbebawnkvyaqohxes.supabase.co/storage/v1/object/public/cake-images/converted_webp/resized_1652696051.webp,2025-02-05 14:09:37+00,2026-05-07 15:27:13.890965+00,4.0,
3fd96fd7-a34f-4dbd-9c11-bc0bf9011d24,cake-1367,Cake 1367,Title,-,flavours,"[{""name"":""Butterscotch"",""price"":""1200.0"",""customName"":""""},{""name"":""Strawberry"",""price"":""1200.0"",""customName"":""""},{""name"":""Pineapple"",""price"":""1200.0"",""customName"":""""},{""name"":""Black Forest"",""price"":""1200.0"",""customName"":""""},{""name"":""Mix Fruit"",""price"":""1200.0"",""customName"":""""},{""name"":""Almond Honey"",""price"":""1200.0"",""customName"":""""},{""name"":""Choco Crunch"",""price"":""1200.0"",""customName"":""""},{""name"":""Rainbow"",""price"":""1200.0"",""customName"":""""},{""name"":""Choco Vanilla"",""price"":""1200.0"",""customName"":""""},{""name"":""White Forest"",""price"":""1200.0"",""customName"":""""}]",,,,Moti bakery,,0,0,0,0,0,,Cake 1367,General,1200.0,,10,active,https://jygsbebawnkvyaqohxes.supabase.co/storage/v1/object/public/cake-images/converted_webp/resized_1652767905.webp,2025-02-05 14:47:46+00,2026-05-07 15:28:47.167668+00,5.0,
404dd477-a29c-40e2-9801-eb2da7d3f8c0,cake-736,Cake 736,Title,-,flavours,"[{""name"":""Pineapple"",""price"":""725.0"",""customName"":""""},{""name"":""Butter Scotch"",""price"":""725.0"",""customName"":""""},{""name"":""Strawberry"",""price"":""725.0"",""customName"":""""}]",,,,Moti bakery,,0,0,0,0,0,,Cake 736,General,725.0,,3,active,https://jygsbebawnkvyaqohxes.supabase.co/storage/v1/object/public/cake-images/converted_webp/resized_339.webp,2025-02-05 14:09:37+00,2026-05-07 15:23:03.833292+00,4.0,
40a329d9-d2f1-4adf-8cfa-3e788021db7d,cake-624,Cake 624,Title,-,flavours,"[{""name"":""Chocolate Truffle"",""price"":""875.0"",""customName"":""""}]",,,,Moti bakery,,0,0,0,0,0,,Cake 624,General,875.0,,1,active,https://jygsbebawnkvyaqohxes.supabase.co/storage/v1/object/public/cake-images/converted_webp/resized_264.webp,2025-02-05 14:09:37+00,2026-05-07 15:22:25.307852+00,1.0,
40dbe2a1-4814-4a91-828e-020f4726908a,cake-74,Cake 74,Title,-,flavours,"[{""name"":""Pineapple"",""price"":""675.0"",""customName"":""""},{""name"":""Butter Scotch"",""price"":""675.0"",""customName"":""""},{""name"":""Strawberry"",""price"":""675.0"",""customName"":""""}]",,,,Moti bakery,,0,0,0,0,0,,Cake 74,General,675.0,,3,active,https://jygsbebawnkvyaqohxes.supabase.co/storage/v1/object/public/cake-images/converted_webp/00074.webp,2025-02-05 14:09:37+00,2026-05-07 15:19:38.205408+00,2.0,
413822c0-5608-429c-a03a-cdef5dfcc4a4,cake-1250,Cake 1250,Title,-,flavours,"[{""name"":""Choco Crunch"",""price"":""825.0"",""customName"":""""},{""name"":""Choco Vanilla"",""price"":""825.0"",""customName"":""""},{""name"":""Chocolate Truffle"",""price"":""825.0"",""customName"":""""}]",,,,Moti bakery,,0,0,0,0,0,,Cake 1250,General,825.0,,3,active,https://jygsbebawnkvyaqohxes.supabase.co/storage/v1/object/public/cake-images/converted_webp/resized_1652702038.webp,2025-02-05 14:09:37+00,2026-05-07 15:27:48.399559+00,2.0,
413e2073-5b6b-429e-a8fc-4cce1e787b6f,cake-656,Cake 656,Title,-,flavours,"[{""name"":""Black Forest"",""price"":""775.0"",""customName"":""""}]",,,,Moti bakery,,0,0,0,0,0,,Cake 656,General,775.0,,1,active,https://jygsbebawnkvyaqohxes.supabase.co/storage/v1/object/public/cake-images/converted_webp/resized_298.webp,2025-02-05 14:09:37+00,2026-05-07 15:22:42.010859+00,3.0,
414787e6-357c-41cb-9932-352a55889476,cake-1137,Cake 1137,Title,-,flavours,"[{""name"":""Butterscotch"",""price"":""700.0"",""customName"":""""},{""name"":""Strawberry"",""price"":""700.0"",""customName"":""""},{""name"":""Pineapple"",""price"":""700.0"",""customName"":""""},{""name"":""Black Forest"",""price"":""700.0"",""customName"":""""},{""name"":""Mix Fruit"",""price"":""700.0"",""customName"":""""},{""name"":""Almond Honey"",""price"":""700.0"",""customName"":""""},{""name"":""Choco Crunch"",""price"":""700.0"",""customName"":""""},{""name"":""Rainbow"",""price"":""700.0"",""customName"":""""},{""name"":""Choco Vanilla"",""price"":""700.0"",""customName"":""""},{""name"":""White Forest"",""price"":""700.0"",""customName"":""""}]",,,,Moti bakery,,0,0,0,0,0,,Cake 1137,General,700.0,,10,active,https://jygsbebawnkvyaqohxes.supabase.co/storage/v1/object/public/cake-images/converted_webp/resized_1652686241.webp,2025-02-05 14:09:37+00,2026-05-07 15:26:41.86998+00,6.0,
41894e54-4491-41c9-aaf4-ad2b658ab819,cake-911,Cake 911,Title,-,flavours,"[{""name"":""Pineapple"",""price"":""1200.0"",""customName"":""""},{""name"":""Butter Scotch"",""price"":""1200.0"",""customName"":""""},{""name"":""Strawberry"",""price"":""1200.0"",""customName"":""""}]",,,,Moti bakery,,0,0,0,0,0,,Cake 911,General,1200.0,,3,active,https://jygsbebawnkvyaqohxes.supabase.co/storage/v1/object/public/cake-images/converted_webp/004182.webp,2025-02-05 14:25:53+00,2026-05-07 15:24:14.158489+00,4.0,
41bdedd9-335c-430f-939f-e02412103d7e,cake-1124,Cake 1124,Title,-,flavours,"[{""name"":""Pineapple"",""price"":""1200.0"",""customName"":""""},{""name"":""Butter Scotch"",""price"":""1200.0"",""customName"":""""},{""name"":""Strawberry"",""price"":""1200.0"",""customName"":""""}]",,,,Moti bakery,,0,0,0,0,0,,Cake 1124,General,1200.0,,3,active,https://jygsbebawnkvyaqohxes.supabase.co/storage/v1/object/public/cake-images/converted_webp/resized_IMG20200912WA0024.webp,2025-02-05 14:47:46+00,2026-05-07 15:26:33.433045+00,6.0,
41cca873-f818-4cea-913c-6636bdf5b4d9,cake-1236,Cake 1236,Title,-,flavours,"[{""name"":""Butterscotch"",""price"":""775.0"",""customName"":""""},{""name"":""Strawberry"",""price"":""775.0"",""customName"":""""},{""name"":""Pineapple"",""price"":""775.0"",""customName"":""""},{""name"":""Black Forest"",""price"":""775.0"",""customName"":""""},{""name"":""Mix Fruit"",""price"":""775.0"",""customName"":""""},{""name"":""Almond Honey"",""price"":""775.0"",""customName"":""""},{""name"":""Choco Crunch"",""price"":""775.0"",""customName"":""""},{""name"":""Rainbow"",""price"":""775.0"",""customName"":""""},{""name"":""Choco Vanilla"",""price"":""775.0"",""customName"":""""},{""name"":""White Forest"",""price"":""775.0"",""customName"":""""}]",,,,Moti bakery,,0,0,0,0,0,,Cake 1236,General,775.0,,10,active,https://jygsbebawnkvyaqohxes.supabase.co/storage/v1/object/public/cake-images/converted_webp/resized_1652699641.webp,2025-02-05 14:09:37+00,2026-05-07 15:27:39.787525+00,5.0,
42101135-1892-494b-8732-8e46a3ff5bd9,cake-1213,Cake 1213,Title,-,flavours,"[{""name"":""Butterscotch"",""price"":""725.0"",""customName"":""""},{""name"":""Strawberry"",""price"":""725.0"",""customName"":""""},{""name"":""Pineapple"",""price"":""725.0"",""customName"":""""},{""name"":""Black Forest"",""price"":""725.0"",""customName"":""""},{""name"":""Mix Fruit"",""price"":""725.0"",""customName"":""""},{""name"":""Almond Honey"",""price"":""725.0"",""customName"":""""},{""name"":""Choco Crunch"",""price"":""725.0"",""customName"":""""},{""name"":""Rainbow"",""price"":""725.0"",""customName"":""""},{""name"":""Choco Vanilla"",""price"":""725.0"",""customName"":""""},{""name"":""White Forest"",""price"":""725.0"",""customName"":""""}]",,,,Moti bakery,,0,0,0,0,0,,Cake 1213,General,725.0,,10,active,https://jygsbebawnkvyaqohxes.supabase.co/storage/v1/object/public/cake-images/converted_webp/resized_1652698187.webp,2025-02-05 14:09:37+00,2026-05-07 15:27:26.072671+00,4.0,
426a1082-766c-4fe6-9807-c3319d281d12,cake-95,Cake 95,Title,-,flavours,"[{""name"":""Pineapple"",""price"":""650.0"",""customName"":""""},{""name"":""Butter Scotch"",""price"":""650.0"",""customName"":""""},{""name"":""Strawberry"",""price"":""650.0"",""customName"":""""}]",,,,Moti bakery,,0,0,0,0,0,,Cake 95,General,650.0,,3,active,https://jygsbebawnkvyaqohxes.supabase.co/storage/v1/object/public/cake-images/converted_webp/00095.webp,2025-02-05 14:09:37+00,2026-05-07 15:19:50.804213+00,1.5,
42ff4e8f-ffe8-4425-a9f8-ef411bb1899d,cake-69,Cake 69,Title,-,flavours,"[{""name"":""Pineapple"",""price"":""775.0"",""customName"":""""},{""name"":""Butter Scotch"",""price"":""775.0"",""customName"":""""},{""name"":""Strawberry"",""price"":""775.0"",""customName"":""""}]",,,,Moti bakery,,0,0,0,0,0,,Cake 69,General,775.0,,3,active,https://jygsbebawnkvyaqohxes.supabase.co/storage/v1/object/public/cake-images/converted_webp/00069.webp,2025-02-05 14:09:37+00,2026-05-07 15:19:35.347645+00,3.0,
433342a5-11e7-496b-90f4-512d31c7dc5e,cake-980,Cake 980,Title,-,flavours,"[{""name"":""Pineapple"",""price"":""1200.0"",""customName"":""""},{""name"":""Butter Scotch"",""price"":""1200.0"",""customName"":""""},{""name"":""Strawberry"",""price"":""1200.0"",""customName"":""""}]",,,,Moti bakery,,0,0,0,0,0,,Cake 980,General,1200.0,,3,active,https://jygsbebawnkvyaqohxes.supabase.co/storage/v1/object/public/cake-images/converted_webp/00488.webp,2025-02-05 14:47:46+00,2026-05-07 15:24:52.645492+00,3.0,
436132da-7609-4fc1-a40e-57cf24e7bd2b,cake-211,Cake 211,Title,-,flavours,"[{""name"":""Pineapple"",""price"":""750.0"",""customName"":""""},{""name"":""Butter Scotch"",""price"":""750.0"",""customName"":""""},{""name"":""Strawberry"",""price"":""750.0"",""customName"":""""}]",,,,Moti bakery,,0,0,0,0,0,,Cake 211,General,750.0,,3,active,https://jygsbebawnkvyaqohxes.supabase.co/storage/v1/object/public/cake-images/converted_webp/resized_FBIMG1579161862816.webp,2025-02-05 15:52:18+00,2026-05-07 15:20:53.888604+00,2.0,
4384886e-8193-46e1-a07e-ea50a3130324,cake-1227,Cake 1227,Title,-,flavours,"[{""name"":""Butterscotch"",""price"":""825.0"",""customName"":""""},{""name"":""Strawberry"",""price"":""825.0"",""customName"":""""},{""name"":""Pineapple"",""price"":""825.0"",""customName"":""""},{""name"":""Black Forest"",""price"":""825.0"",""customName"":""""},{""name"":""Mix Fruit"",""price"":""825.0"",""customName"":""""},{""name"":""Almond Honey"",""price"":""825.0"",""customName"":""""},{""name"":""Choco Crunch"",""price"":""825.0"",""customName"":""""},{""name"":""Rainbow"",""price"":""825.0"",""customName"":""""},{""name"":""Choco Vanilla"",""price"":""825.0"",""customName"":""""},{""name"":""White Forest"",""price"":""825.0"",""customName"":""""}]",,,,Moti bakery,,0,0,0,0,0,,Cake 1227,General,825.0,,10,active,https://jygsbebawnkvyaqohxes.supabase.co/storage/v1/object/public/cake-images/converted_webp/resized_1652699215.webp,2025-02-05 14:09:37+00,2026-05-07 15:27:33.851737+00,3.0,
43a667e0-de98-42b5-8b76-1c08da8bf1de,cake-434,Cake 434,Title,-,flavours,"[{""name"":""Pineapple"",""price"":""700.0"",""customName"":""""},{""name"":""Butter Scotch"",""price"":""700.0"",""customName"":""""},{""name"":""Strawberry"",""price"":""700.0"",""customName"":""""}]",,,,Moti bakery,,0,0,0,0,0,,Cake 434,General,700.0,,3,active,https://jygsbebawnkvyaqohxes.supabase.co/storage/v1/object/public/cake-images/converted_webp/resized_223.webp,2025-02-05 14:14:52+00,2026-05-07 15:21:21.126228+00,5.0,
43df437f-5e8b-40f8-9dd6-4ab48a1c5990,cake-54,Cake 54,Title,-,flavours,"[{""name"":""Pineapple"",""price"":""700.0"",""customName"":""""},{""name"":""Butter Scotch"",""price"":""700.0"",""customName"":""""},{""name"":""Strawberry"",""price"":""700.0"",""customName"":""""}]",,,,Moti bakery,,0,0,0,0,0,,Cake 54,General,700.0,,3,active,https://jygsbebawnkvyaqohxes.supabase.co/storage/v1/object/public/cake-images/converted_webp/00054.webp,2025-02-05 14:09:37+00,2026-05-07 15:19:27.250475+00,2.0,
449a405a-bf36-4a0f-9c96-3375daf4f944,cake-978,Cake 978,Title,-,flavours,"[{""name"":""Pineapple"",""price"":""1200.0"",""customName"":""""},{""name"":""Butter Scotch"",""price"":""1200.0"",""customName"":""""},{""name"":""Strawberry"",""price"":""1200.0"",""customName"":""""}]",,,,Moti bakery,,0,0,0,0,0,,Cake 978,General,1200.0,,3,active,https://jygsbebawnkvyaqohxes.supabase.co/storage/v1/object/public/cake-images/converted_webp/00486.webp,2025-02-05 14:47:46+00,2026-05-07 15:24:51.619299+00,3.0,
450c1e7b-f4b7-47da-963c-42f4663291af,cake-450,Cake 450,Title,-,flavours,"[{""name"":""Pineapple"",""price"":""700.0"",""customName"":""""},{""name"":""Butter Scotch"",""price"":""700.0"",""customName"":""""},{""name"":""Strawberry"",""price"":""700.0"",""customName"":""""}]",,,,Moti bakery,,0,0,0,0,0,,Cake 450,General,700.0,,3,active,https://jygsbebawnkvyaqohxes.supabase.co/storage/v1/object/public/cake-images/converted_webp/resized_258.webp,2025-02-05 14:09:37+00,2026-05-07 15:21:29.19265+00,6.0,
45ff678c-44f0-4a58-aaec-6c47ad2cffda,cake-15,Cake 15,Title,-,flavours,"[{""name"":""Pineapple"",""price"":""725.00"",""customName"":""""},{""name"":""Butterscotch"",""price"":""700.00"",""customName"":""""},{""name"":""Strawberry"",""price"":""700.00"",""customName"":""""}]",,,,Moti bakery,,0,0,0,0,0,,Cake 15,General,700.00,,3,active,https://jygsbebawnkvyaqohxes.supabase.co/storage/v1/object/public/cake-images/converted_webp/00015.webp,2026-04-01 08:33:40.519523+00,2026-05-07 15:19:02.671869+00,1,
460ae881-12dc-45f1-b531-ae82c3d637d8,cake-1108,Cake 1108,Title,-,flavours,"[{""name"":""Pineapple"",""price"":""1200.0"",""customName"":""""},{""name"":""Btter Scotch"",""price"":""1200.0"",""customName"":""""},{""name"":""Strawberry"",""price"":""1200.0"",""customName"":""""}]",,,,Moti bakery,,0,0,0,0,0,,Cake 1108,General,1200.0,,3,active,https://jygsbebawnkvyaqohxes.supabase.co/storage/v1/object/public/cake-images/converted_webp/resized_FBIMG1600169071562.webp,2025-02-05 14:47:46+00,2026-05-07 15:26:05.178023+00,3.5,
46275985-48f4-41fd-8595-c3783cbad4ff,cake-1375,Cake 1375,Title,-,flavours,"[{""name"":""Butterscotch"",""price"":""1200.0"",""customName"":""""},{""name"":""Strawberry"",""price"":""1200.0"",""customName"":""""},{""name"":""Pineapple"",""price"":""1200.0"",""customName"":""""},{""name"":""Black Forest"",""price"":""1200.0"",""customName"":""""},{""name"":""Mix Fruit"",""price"":""1200.0"",""customName"":""""},{""name"":""Almond Honey"",""price"":""1200.0"",""customName"":""""},{""name"":""Choco Crunch"",""price"":""1200.0"",""customName"":""""},{""name"":""Rainbow"",""price"":""1200.0"",""customName"":""""},{""name"":""Choco Vanilla"",""price"":""1200.0"",""customName"":""""},{""name"":""White Forest"",""price"":""1200.0"",""customName"":""""}]",,,,Moti bakery,,0,0,0,0,0,,Cake 1375,General,1200.0,,10,active,https://jygsbebawnkvyaqohxes.supabase.co/storage/v1/object/public/cake-images/converted_webp/resized_1652768209.webp,2025-02-05 14:47:46+00,2026-05-07 15:28:51.471406+00,2.0,
468b0fde-eb29-4ee1-84fb-78ea9f33819e,cake-986,Cake 986,Title,-,flavours,"[{""name"":""Pineapple"",""price"":""1200.0"",""customName"":""""},{""name"":""Butter Scotch"",""price"":""1200.0"",""customName"":""""},{""name"":""Strawberry"",""price"":""1200.0"",""customName"":""""}]",,,,Moti bakery,,0,0,0,0,0,,Cake 986,General,1200.0,,3,active,https://jygsbebawnkvyaqohxes.supabase.co/storage/v1/object/public/cake-images/converted_webp/00492.webp,2025-02-05 14:47:46+00,2026-05-07 15:24:56.070507+00,3.0,
46a4e70b-ce60-4660-b6bd-aeb905557f13,cake-862,Cake 862,Title,-,flavours,"[{""name"":""Butterscotch"",""price"":""725.0"",""customName"":""""},{""name"":""Strawberry"",""price"":""725.0"",""customName"":""""},{""name"":""Pineapple"",""price"":""725.0"",""customName"":""""},{""name"":""Black Forest"",""price"":""725.0"",""customName"":""""},{""name"":""Mix Fruit"",""price"":""725.0"",""customName"":""""},{""name"":""Almond Honey"",""price"":""725.0"",""customName"":""""},{""name"":""Choco Crunch"",""price"":""725.0"",""customName"":""""},{""name"":""Rainbow"",""price"":""725.0"",""customName"":""""},{""name"":""Choco Vanilla"",""price"":""725.0"",""customName"":""""},{""name"":""White Forest"",""price"":""725.0"",""customName"":""""}]",,,,Moti bakery,,0,0,0,0,0,,Cake 862,General,725.0,,10,active,https://jygsbebawnkvyaqohxes.supabase.co/storage/v1/object/public/cake-images/converted_webp/resized_1652705894.webp,2025-02-05 14:09:37+00,2026-05-07 15:24:07.206981+00,3.0,
471d66fe-adea-4e63-9fbb-596c8c254078,cake-38,Cake 38,Title,-,flavours,"[{""name"":""Pineapple"",""price"":""650.0"",""customName"":""""},{""name"":""Butter Scotch"",""price"":""650.0"",""customName"":""""},{""name"":""Strawberry"",""price"":""650.0"",""customName"":""""}]",,,,Moti bakery,,0,0,0,0,0,,Cake 38,General,650.0,,3,active,https://jygsbebawnkvyaqohxes.supabase.co/storage/v1/object/public/cake-images/converted_webp/00038.webp,2025-02-05 14:09:37+00,2026-05-07 15:19:18.383036+00,1.5,
4772b18a-d7fc-4415-98e6-3aeb187b20a8,cake-715,Cake 715,Title,-,flavours,"[{""name"":""Black Forest"",""price"":""650.0"",""customName"":""""}]",,,,Moti bakery,,0,0,0,0,0,,Cake 715,General,650.0,,1,active,https://jygsbebawnkvyaqohxes.supabase.co/storage/v1/object/public/cake-images/converted_webp/resized_316.webp,2025-02-05 14:16:35+00,2026-05-07 15:22:52.796753+00,2.0,
477a4d9a-2315-4c1a-af2b-0111687fd204,cake-458,Cake 458,Title,-,flavours,"[{""name"":""Pineapple"",""price"":""700.0"",""customName"":""""},{""name"":""Butter Scotch"",""price"":""700.0"",""customName"":""""},{""name"":""Strawberry"",""price"":""700.0"",""customName"":""""}]",,,,Moti bakery,,0,0,0,0,0,,Cake 458,General,700.0,,3,active,https://jygsbebawnkvyaqohxes.supabase.co/storage/v1/object/public/cake-images/converted_webp/resized_227.webp,2025-02-05 14:09:37+00,2026-05-07 15:21:33.711766+00,6.0,
479c097d-a835-46b3-8f65-f303fdaf39ca,cake-403,Cake 403,Title,-,flavours,"[{""name"":""Pineapple"",""price"":""675.0"",""customName"":""""},{""name"":""Butter Scotch"",""price"":""675.0"",""customName"":""""},{""name"":""Strawberry"",""price"":""675.0"",""customName"":""""},{""name"":""Almond Honey"",""price"":""675.0"",""customName"":""""},{""name"":""Caramel Crunch"",""price"":""675.0"",""customName"":""""},{""name"":""Redvelvet"",""price"":""675.0"",""customName"":""""}]",,,,Moti bakery,,0,0,0,0,0,,Cake 403,General,675.0,,6,active,https://jygsbebawnkvyaqohxes.supabase.co/storage/v1/object/public/cake-images/converted_webp/resized_1576604904626.webp,2025-02-05 16:04:51+00,2026-05-07 15:21:04.866857+00,6.0,
47efa969-ee30-45a5-ad9a-7b9c399002b4,cake-98,Cake 98,Title,-,flavours,"[{""name"":""Pineapple"",""price"":""650.0"",""customName"":""""},{""name"":""Butter Scotch"",""price"":""650.0"",""customName"":""""},{""name"":""Strawberry"",""price"":""650.0"",""customName"":""""}]",,,,Moti bakery,,0,0,0,0,0,,Cake 98,General,650.0,,3,active,https://jygsbebawnkvyaqohxes.supabase.co/storage/v1/object/public/cake-images/converted_webp/00098.webp,2025-02-05 14:09:37+00,2026-05-07 15:19:52.536326+00,2.0,
482a99e5-432a-4ec2-9337-c6497126d851,cake-931,Cake 931,Title,-,flavours,"[{""name"":""Pineapple"",""price"":""1200.0"",""customName"":""""},{""name"":""Butters Scotch"",""price"":""1200.0"",""customName"":""""},{""name"":""Strawberry"",""price"":""1200.0"",""customName"":""""}]",,,,Moti bakery,,0,0,0,0,0,,Cake 931,General,1200.0,,3,active,https://jygsbebawnkvyaqohxes.supabase.co/storage/v1/object/public/cake-images/converted_webp/00438.webp,2025-02-05 14:29:35+00,2026-05-07 15:24:25.03405+00,2.0,
4860fbb5-82b7-49c2-b144-0e26575968c3,cake-79,Cake 79,Title,-,flavours,"[{""name"":""Pineapple"",""price"":""650.0"",""customName"":""""},{""name"":""Butter Scotch"",""price"":""650.0"",""customName"":""""},{""name"":""Strawberry"",""price"":""650.0"",""customName"":""""}]",,,,Moti bakery,,0,0,0,0,0,,Cake 79,General,650.0,,3,active,https://jygsbebawnkvyaqohxes.supabase.co/storage/v1/object/public/cake-images/converted_webp/00079.webp,2025-02-05 14:09:37+00,2026-05-07 15:19:41.313055+00,1.0,
48c10b5e-af6b-4414-9874-a1692257b55d,cake-11,Cake 11,Title,-,flavours,"[{""name"":""Pineapple"",""price"":""700.00"",""customName"":""""},{""name"":""Butterscotch"",""price"":""675"",""customName"":""""},{""name"":""Strawberry"",""price"":""675"",""customName"":""""}]",,,,Moti bakery,,0,0,0,0,0,,Cake 11,General,675,,3,active,https://jygsbebawnkvyaqohxes.supabase.co/storage/v1/object/public/cake-images/converted_webp/00011.webp,2026-04-01 08:33:40.519523+00,2026-05-07 15:18:59.288722+00,2,
48dba602-2628-4a38-9aa4-5bb7c5404489,cake-956,Cake 956,Title,-,flavours,"[{""name"":""Pineapple"",""price"":""1200.0"",""customName"":""""},{""name"":""Butter Scotch"",""price"":""1200.0"",""customName"":""""},{""name"":""Strawberry"",""price"":""1200.0"",""customName"":""""}]",,,,Moti bakery,,0,0,0,0,0,,Cake 956,General,1200.0,,3,active,https://jygsbebawnkvyaqohxes.supabase.co/storage/v1/object/public/cake-images/converted_webp/00463.webp,2025-02-05 14:36:25+00,2026-05-07 15:24:39.686453+00,2.5,
48dff1eb-fd7c-4b39-a935-6006a2649508,cake-456,Cake 456,Title,-,flavours,"[{""name"":""Pineapple"",""price"":""675.0"",""customName"":""""},{""name"":""Butter Scotch"",""price"":""675.0"",""customName"":""""},{""name"":""Strawberry"",""price"":""675.0"",""customName"":""""}]",,,,Moti bakery,,0,0,0,0,0,,Cake 456,General,675.0,,3,active,https://jygsbebawnkvyaqohxes.supabase.co/storage/v1/object/public/cake-images/converted_webp/resized_232.webp,2025-02-05 14:09:37+00,2026-05-07 15:21:32.593293+00,3.0,
491c4c47-be51-422b-b8db-4f4ae6f03876,cake-635,Cake 635,Title,-,flavours,"[{""name"":""Chocolate Cream Cake"",""price"":""775.0"",""customName"":""""}]",,,,Moti bakery,,0,0,0,0,0,,Cake 635,General,775.0,,1,active,https://jygsbebawnkvyaqohxes.supabase.co/storage/v1/object/public/cake-images/converted_webp/resized_275.webp,2025-02-05 14:09:37+00,2026-05-07 15:22:30.538685+00,2.0,
493b252d-4a62-4fe1-8222-08b14b855a97,cake-649,Cake 649,Title,-,flavours,"[{""name"":""Chocolate Cream Cake"",""price"":""825.0"",""customName"":""""}]",,,,Moti bakery,,0,0,0,0,0,,Cake 649,General,825.0,,1,active,https://jygsbebawnkvyaqohxes.supabase.co/storage/v1/object/public/cake-images/converted_webp/resized_290.webp,2025-02-05 14:09:37+00,2026-05-07 15:22:37.791698+00,1.5,
49b76888-e972-4803-9587-c6fed2ac191a,cake-182,Cake 182,Title,-,flavours,"[{""name"":""Pineapple"",""price"":""700.0"",""customName"":""""},{""name"":""Butter Scotch"",""price"":""700.0"",""customName"":""""},{""name"":""Strawberry"",""price"":""700.0"",""customName"":""""},{""name"":""Almond Honey"",""price"":""700.0"",""customName"":""""},{""name"":""Caramel Crunch"",""price"":""700.0"",""customName"":""""},{""name"":""Redvelvet"",""price"":""700.0"",""customName"":""""}]",,,,Moti bakery,,0,0,0,0,0,,Cake 182,General,700.0,,6,active,https://jygsbebawnkvyaqohxes.supabase.co/storage/v1/object/public/cake-images/converted_webp/resized_1576604975545.webp,2025-02-05 16:02:49+00,2026-05-07 15:20:37.513695+00,6.0,
49fee51a-3f40-465e-9efe-fc6ec3db7328,cake-425,Cake 425,Title,-,flavours,"[{""name"":""Pineapple"",""price"":""700.0"",""customName"":""""},{""name"":""Butter Scotch"",""price"":""700.0"",""customName"":""""},{""name"":""Strawberry"",""price"":""700.0"",""customName"":""""}]",,,,Moti bakery,,0,0,0,0,0,,Cake 425,General,700.0,,3,active,https://jygsbebawnkvyaqohxes.supabase.co/storage/v1/object/public/cake-images/converted_webp/resized_213.webp,2025-02-05 14:14:38+00,2026-05-07 15:21:16.524083+00,5.0,
4a147527-183e-4292-a511-830c47f84413,cake-958,Cake 958,Title,-,flavours,"[{""name"":""Pineapple"",""price"":""1200.0"",""customName"":""""},{""name"":""Butter Scotch"",""price"":""1200.0"",""customName"":""""},{""name"":""Strawberry"",""price"":""1200.0"",""customName"":""""}]",,,,Moti bakery,,0,0,0,0,0,,Cake 958,General,1200.0,,3,active,https://jygsbebawnkvyaqohxes.supabase.co/storage/v1/object/public/cake-images/converted_webp/00465.webp,2025-02-05 14:36:44+00,2026-05-07 15:24:40.928236+00,3.0,
4a4d2142-ad88-4680-a394-fc60e1020cbd,cake-739,Cake 739,Title,-,flavours,"[{""name"":""Pineapple"",""price"":""25.0"",""customName"":""""},{""name"":""Butter Scotch"",""price"":""25.0"",""customName"":""""},{""name"":""Strawberry"",""price"":""25.0"",""customName"":""""}]",,,,Moti bakery,,0,0,0,0,0,,Cake 739,General,25.0,,3,active,https://jygsbebawnkvyaqohxes.supabase.co/storage/v1/object/public/cake-images/converted_webp/resized_352.webp,2025-02-05 14:09:37+00,2026-05-07 15:23:05.384029+00,3.0,
4b01d09c-9d59-4f9f-9c06-790360fa6ca4,cake-1013,Cake 1013,Title,-,flavours,"[{""name"":""Pineapple"",""price"":""1200.0"",""customName"":""""},{""name"":""Butters Cotch"",""price"":""1200.0"",""customName"":""""},{""name"":""Strawberry"",""price"":""1200.0"",""customName"":""""}]",,,,Moti bakery,,0,0,0,0,0,,Cake 1013,General,1200.0,,3,active,https://jygsbebawnkvyaqohxes.supabase.co/storage/v1/object/public/cake-images/converted_webp/resized_00520.webp,2025-02-05 14:47:46+00,2026-05-07 15:25:09.778303+00,4.0,
4b2c0343-bf38-4501-a5c1-04ead56cedad,cake-128,Cake 128,Title,-,flavours,"[{""name"":""Pineapple"",""price"":""675.0"",""customName"":""""},{""name"":""Butter Scotch"",""price"":""675.0"",""customName"":""""},{""name"":""Strawberry"",""price"":""675.0"",""customName"":""""}]",,,,Moti bakery,,0,0,0,0,0,,Cake 128,General,675.0,,3,active,https://jygsbebawnkvyaqohxes.supabase.co/storage/v1/object/public/cake-images/converted_webp/resized_0128.webp,2025-02-05 15:21:36+00,2026-05-07 15:20:09.762788+00,3.0,
4b3477d8-b0b1-4dd1-8dfc-795729fbd9a9,cake-50,Cake 50,Title,-,flavours,"[{""name"":""Rainbow"",""price"":""725.0"",""customName"":""""}]",,,,Moti bakery,,0,0,0,0,0,,Cake 50,General,725.0,,1,active,https://jygsbebawnkvyaqohxes.supabase.co/storage/v1/object/public/cake-images/converted_webp/00050.webp,2025-02-05 14:09:37+00,2026-05-07 15:19:25.051068+00,1.0,
4c1b8bd2-dbe6-4ccc-ba20-d1ad1d050ed8,cake-909,Cake 909,Title,-,flavours,"[{""name"":""Pineapple"",""price"":""1200.0"",""customName"":""""},{""name"":""Butters Scotch"",""price"":""1200.0"",""customName"":""""},{""name"":""Strawberry"",""price"":""1200.0"",""customName"":""""}]",,,,Moti bakery,,0,0,0,0,0,,Cake 909,General,1200.0,,3,active,https://jygsbebawnkvyaqohxes.supabase.co/storage/v1/object/public/cake-images/converted_webp/004172.webp,2025-02-05 14:48:44+00,2026-05-07 15:24:13.137766+00,12.0,
4c57d30e-f9ba-4715-b327-6df022796a1e,cake-427,Cake 427,Title,-,flavours,"[{""name"":""Pineapple"",""price"":""700.0"",""customName"":""""},{""name"":""Butter Scotch"",""price"":""700.0"",""customName"":""""},{""name"":""Strawberry"",""price"":""700.0"",""customName"":""""}]",,,,Moti bakery,,0,0,0,0,0,,Cake 427,General,700.0,,3,active,https://jygsbebawnkvyaqohxes.supabase.co/storage/v1/object/public/cake-images/converted_webp/resized_215.webp,2025-02-05 14:09:37+00,2026-05-07 15:21:17.462987+00,5.0,
4c691736-d6c9-4d92-a190-2d1c33132602,cake-653,Cake 653,Title,-,flavours,"[{""name"":""Chocolate Truffle"",""price"":""875.0"",""customName"":""""}]",,,,Moti bakery,,0,0,0,0,0,,Cake 653,General,875.0,,1,active,https://jygsbebawnkvyaqohxes.supabase.co/storage/v1/object/public/cake-images/converted_webp/resized_294.webp,2025-02-05 14:09:37+00,2026-05-07 15:22:40.605452+00,1.0,
4c7322f1-9db4-469a-864b-fb519bc3ebea,cake-1259,Cake 1259,Title,-,flavours,"[{""name"":""Choco Crunch"",""price"":""825.0"",""customName"":""""},{""name"":""Choco Vanilla"",""price"":""825.0"",""customName"":""""},{""name"":""Chocolate Truffle"",""price"":""825.0"",""customName"":""""}]",,,,Moti bakery,,0,0,0,0,0,,Cake 1259,General,825.0,,3,active,https://jygsbebawnkvyaqohxes.supabase.co/storage/v1/object/public/cake-images/converted_webp/resized_1652702385.webp,2025-02-05 14:09:37+00,2026-05-07 15:27:54.344528+00,2.0,
4cb514f1-63b4-4608-9d69-555be1b8bfdd,cake-1055,Cake 1055,Title,-,flavours,"[{""name"":""Pineapple"",""price"":""1200.0"",""customName"":""""},{""name"":""Butter Scotch"",""price"":""1200.0"",""customName"":""""},{""name"":""Strawberry"",""price"":""1200.0"",""customName"":""""}]",,,,Moti bakery,,0,0,0,0,0,,Cake 1055,General,1200.0,,3,active,https://jygsbebawnkvyaqohxes.supabase.co/storage/v1/object/public/cake-images/converted_webp/resized_00562.webp,2025-02-05 14:48:44+00,2026-05-07 15:25:35.18434+00,3.0,
4d010c9d-5725-4a62-9e12-ae1c7f4ae1f8,cake-86,Cake 86,Title,-,flavours,"[{""name"":""Pineapple"",""price"":""675.0"",""customName"":""""},{""name"":""Butter Scotch"",""price"":""675.0"",""customName"":""""},{""name"":""Strawberry"",""price"":""675.0"",""customName"":""""}]",,,,Moti bakery,,0,0,0,0,0,,Cake 86,General,675.0,,3,active,https://jygsbebawnkvyaqohxes.supabase.co/storage/v1/object/public/cake-images/converted_webp/00086.webp,2025-02-05 14:09:37+00,2026-05-07 15:19:44.924176+00,2.0,
4d125f3a-f028-4e3f-8537-c3d45980cb2c,cake-964,Cake 964,Title,-,flavours,"[{""name"":""Pineapple"",""price"":""1200.0"",""customName"":""""},{""name"":""Butter Scotch"",""price"":""1200.0"",""customName"":""""},{""name"":""Strawberry"",""price"":""1200.0"",""customName"":""""}]",,,,Moti bakery,,0,0,0,0,0,,Cake 964,General,1200.0,,3,active,https://jygsbebawnkvyaqohxes.supabase.co/storage/v1/object/public/cake-images/converted_webp/00472.webp,2025-02-05 14:37:34+00,2026-05-07 15:24:43.875905+00,2.5,
4d72b390-d652-41da-9e0d-6adfdf990558,cake-224,Cake 224,Title,-,flavours,"[{""name"":""Butterscotch"",""price"":""775.0"",""customName"":""""},{""name"":""Strawberry"",""price"":""775.0"",""customName"":""""},{""name"":""Pineapple"",""price"":""775.0"",""customName"":""""},{""name"":""Black Forest"",""price"":""775.0"",""customName"":""""},{""name"":""Mix Fruit"",""price"":""775.0"",""customName"":""""},{""name"":""Almond Honey"",""price"":""775.0"",""customName"":""""},{""name"":""Choco Crunch"",""price"":""775.0"",""customName"":""""},{""name"":""Rainbow"",""price"":""775.0"",""customName"":""""},{""name"":""Choco Vanilla"",""price"":""775.0"",""customName"":""""},{""name"":""White Forest"",""price"":""775.0"",""customName"":""""}]",,,,Moti bakery,,0,0,0,0,0,,Cake 224,General,775.0,,10,active,https://jygsbebawnkvyaqohxes.supabase.co/storage/v1/object/public/cake-images/converted_webp/resized_1652704556.webp,2025-02-05 14:09:37+00,2026-05-07 15:21:00.846691+00,2.0,
4d77b6f1-d260-451b-8f57-e87722a354c6,cake-1017,Cake 1017,Title,-,flavours,"[{""name"":""Pineapple"",""price"":""1200.0"",""customName"":""""},{""name"":""Butters Cotch"",""price"":""1200.0"",""customName"":""""},{""name"":""Strawberry"",""price"":""1200.0"",""customName"":""""}]",,,,Moti bakery,,0,0,0,0,0,,Cake 1017,General,1200.0,,3,active,https://jygsbebawnkvyaqohxes.supabase.co/storage/v1/object/public/cake-images/converted_webp/resized_00524.webp,2025-02-05 14:47:46+00,2026-05-07 15:25:12.805671+00,4.0,
4d9d260b-38bb-4a9e-be51-cecd463d49c6,cake-943,Cake 943,Title,-,flavours,"[{""name"":""Pineapple"",""price"":""1200.0"",""customName"":""""},{""name"":""Butter Scotch"",""price"":""1200.0"",""customName"":""""},{""name"":""Strawberry"",""price"":""1200.0"",""customName"":""""}]",,,,Moti bakery,,0,0,0,0,0,,Cake 943,General,1200.0,,3,active,https://jygsbebawnkvyaqohxes.supabase.co/storage/v1/object/public/cake-images/converted_webp/00450.webp,2025-02-05 14:31:47+00,2026-05-07 15:24:32.714644+00,2.5,
4de882f7-4194-41bd-ad95-7bf18dd6141e,cake-778,Cake 778,Title,-,flavours,"[{""name"":""Pineapple"",""price"":""675.0"",""customName"":""""},{""name"":""Butter Scotch"",""price"":""675.0"",""customName"":""""},{""name"":""Strawberry"",""price"":""675.0"",""customName"":""""}]",,,,Moti bakery,,0,0,0,0,0,,Cake 778,General,675.0,,3,active,https://jygsbebawnkvyaqohxes.supabase.co/storage/v1/object/public/cake-images/converted_webp/resized_1576596140891.webp,2025-02-05 16:30:47+00,2026-05-07 15:23:25.677301+00,4.0,
4e01eae8-174b-47a1-9745-dbb5663bec60,cake-789,Cake 789,Title,-,flavours,"[{""name"":""Pineapple"",""price"":""675.0"",""customName"":""""},{""name"":""Butter Scotch"",""price"":""675.0"",""customName"":""""},{""name"":""Strawberry"",""price"":""675.0"",""customName"":""""}]",,,,Moti bakery,,0,0,0,0,0,,Cake 789,General,675.0,,3,active,https://jygsbebawnkvyaqohxes.supabase.co/storage/v1/object/public/cake-images/converted_webp/resized_FBIMG1572968533368.webp,2025-02-05 16:32:02+00,2026-05-07 15:23:31.430988+00,6.0,
4e17ac75-a997-4370-88f1-72790838d570,cake-14,Cake 14,Title,-,flavours,"[{""name"":""Pineapple"",""price"":""725.0"",""customName"":""""},{""name"":""Butter Scotch"",""price"":""725.0"",""customName"":""""},{""name"":""Strawberry"",""price"":""725.0"",""customName"":""""}]",,,,Moti bakery,,0,0,0,0,0,,Cake 14,General,725.0,,3,active,https://jygsbebawnkvyaqohxes.supabase.co/storage/v1/object/public/cake-images/converted_webp/00014.webp,2025-02-05 15:05:20+00,2026-05-07 15:19:01.591666+00,2.0,
4e30a318-e86a-422e-b450-7043791451ba,cake-1162,Cake 1162,Title,-,flavours,"[{""name"":""Butterscotch"",""price"":""825.0"",""customName"":""""},{""name"":""Strawberry"",""price"":""825.0"",""customName"":""""},{""name"":""Pineapple"",""price"":""825.0"",""customName"":""""},{""name"":""Black Forest"",""price"":""825.0"",""customName"":""""},{""name"":""Mix Fruit"",""price"":""825.0"",""customName"":""""},{""name"":""Almond Honey"",""price"":""825.0"",""customName"":""""},{""name"":""Choco Crunch"",""price"":""825.0"",""customName"":""""},{""name"":""Rainbow"",""price"":""825.0"",""customName"":""""},{""name"":""Choco Vanilla"",""price"":""825.0"",""customName"":""""},{""name"":""White Forest"",""price"":""825.0"",""customName"":""""}]",,,,Moti bakery,,0,0,0,0,0,,Cake 1162,General,825.0,,10,active,https://jygsbebawnkvyaqohxes.supabase.co/storage/v1/object/public/cake-images/converted_webp/resized_1652691743.webp,2025-02-05 14:09:37+00,2026-05-07 15:26:58.12324+00,5.0,
4e4696ba-bf06-458f-a5eb-f666fc106573,cake-150,Cake 150,Title,-,flavours,"[{""name"":""Pineapple"",""price"":""775.0"",""customName"":""""},{""name"":""Butter Scotch"",""price"":""775.0"",""customName"":""""},{""name"":""Strawberry"",""price"":""775.0"",""customName"":""""}]",,,,Moti bakery,,0,0,0,0,0,,Cake 150,General,775.0,,3,active,https://jygsbebawnkvyaqohxes.supabase.co/storage/v1/object/public/cake-images/converted_webp/resized_0150.webp,2025-02-05 14:09:37+00,2026-05-07 15:20:21.186266+00,1.0,
4e51c948-b998-4d3c-b658-99f905dfbe30,cake-771,Cake 771,Title,-,flavours,"[{""name"":""Pineapple"",""price"":""675.0"",""customName"":""""},{""name"":""Butter Scotch"",""price"":""675.0"",""customName"":""""},{""name"":""Strawberry"",""price"":""675.0"",""customName"":""""},{""name"":""Almond Honey"",""price"":""675.0"",""customName"":""""},{""name"":""Caramel Crunch"",""price"":""675.0"",""customName"":""""},{""name"":""Redvelvet"",""price"":""675.0"",""customName"":""""}]",,,,Moti bakery,,0,0,0,0,0,,Cake 771,General,675.0,,6,active,https://jygsbebawnkvyaqohxes.supabase.co/storage/v1/object/public/cake-images/converted_webp/resized_FBIMG1573189499445.webp,2025-02-05 14:09:37+00,2026-05-07 15:23:22.185636+00,4.0,
4e64acce-a1e5-408c-a491-b82e78cacbb3,cake-130,Cake 130,Title,-,flavours,"[{""name"":""Pineapple"",""price"":""675.0"",""customName"":""""},{""name"":""Butter Scotch"",""price"":""675.0"",""customName"":""""},{""name"":""Strawberry"",""price"":""675.0"",""customName"":""""}]",,,,Moti bakery,,0,0,0,0,0,,Cake 130,General,675.0,,3,active,https://jygsbebawnkvyaqohxes.supabase.co/storage/v1/object/public/cake-images/converted_webp/resized_0180.webp,2025-02-05 14:09:37+00,2026-05-07 15:20:10.700458+00,2.0,
4e9b7229-e590-492a-bf42-ac82b263be2f,cake-773,Cake 773,Title,-,flavours,"[{""name"":""Pineapple"",""price"":""675.0"",""customName"":""""},{""name"":""Butter Scotch"",""price"":""675.0"",""customName"":""""},{""name"":""Strawberry"",""price"":""675.0"",""customName"":""""},{""name"":""Almond Honey"",""price"":""675.0"",""customName"":""""},{""name"":""Caramel Crunch"",""price"":""675.0"",""customName"":""""},{""name"":""Redvelvet"",""price"":""675.0"",""customName"":""""}]",,,,Moti bakery,,0,0,0,0,0,,Cake 773,General,675.0,,6,active,https://jygsbebawnkvyaqohxes.supabase.co/storage/v1/object/public/cake-images/converted_webp/resized_FBIMG1577974361230.webp,2025-02-05 14:09:37+00,2026-05-07 15:23:23.32573+00,2.0,
4eac498f-bc87-4c21-b1d8-2d0acef1b5b7,cake-1150,Cake 1150,Title,-,flavours,"[{""name"":""Butterscotch"",""price"":""825.0"",""customName"":""""},{""name"":""Strawberry"",""price"":""825.0"",""customName"":""""},{""name"":""Pineapple"",""price"":""825.0"",""customName"":""""},{""name"":""Black Forest"",""price"":""825.0"",""customName"":""""},{""name"":""Mix Fruit"",""price"":""825.0"",""customName"":""""},{""name"":""Almond Honey"",""price"":""825.0"",""customName"":""""},{""name"":""Choco Crunch"",""price"":""825.0"",""customName"":""""},{""name"":""Rainbow"",""price"":""825.0"",""customName"":""""},{""name"":""Choco Vanilla"",""price"":""825.0"",""customName"":""""},{""name"":""White Forest"",""price"":""825.0"",""customName"":""""}]",,,,Moti bakery,,0,0,0,0,0,,Cake 1150,General,825.0,,10,active,https://jygsbebawnkvyaqohxes.supabase.co/storage/v1/object/public/cake-images/converted_webp/resized_1652687570.webp,2025-02-05 14:09:37+00,2026-05-07 15:26:51.560531+00,3.0,
4ee2275d-8c83-4a81-89f1-60f1bbe9f9d9,cake-167,Cake 167,Title,-,flavours,"[{""name"":""Pineapple"",""price"":""675.0"",""customName"":""""},{""name"":""Butter Scotch"",""price"":""675.0"",""customName"":""""},{""name"":""Strawberry"",""price"":""675.0"",""customName"":""""}]",,,,Moti bakery,,0,0,0,0,0,,Cake 167,General,675.0,,3,active,https://jygsbebawnkvyaqohxes.supabase.co/storage/v1/object/public/cake-images/converted_webp/resized_0167.webp,2025-02-05 14:09:37+00,2026-05-07 15:20:29.832948+00,2.0,
4f0752fa-a487-4212-a054-806126d413cc,cake-81,Cake 81,Title,-,flavours,"[{""name"":""Pineapple"",""price"":""700.0"",""customName"":""""},{""name"":""Butter Scotch"",""price"":""700.0"",""customName"":""""},{""name"":""Strawberry"",""price"":""700.0"",""customName"":""""}]",,,,Moti bakery,,0,0,0,0,0,,Cake 81,General,700.0,,3,active,https://jygsbebawnkvyaqohxes.supabase.co/storage/v1/object/public/cake-images/converted_webp/00081.webp,2025-02-05 15:19:23+00,2026-05-07 15:19:42.255757+00,2.5,
4f3a039b-f058-4714-a172-759d856c4123,cake-783,Cake 783,Title,-,flavours,"[{""name"":""Pineapple"",""price"":""875.0"",""customName"":""""},{""name"":""Butter Scotch"",""price"":""875.0"",""customName"":""""},{""name"":""Strawberry"",""price"":""875.0"",""customName"":""""}]",,,,Moti bakery,,0,0,0,0,0,,Cake 783,General,875.0,,3,active,https://jygsbebawnkvyaqohxes.supabase.co/storage/v1/object/public/cake-images/converted_webp/resized_1576605136574.webp,2025-02-05 16:31:19+00,2026-05-07 15:23:28.405284+00,5.0,
4f442390-3999-4f84-b0cf-e5128c0c9dc5,cake-104,Cake 104,Title,-,flavours,"[{""name"":""Pineapple"",""price"":""675.0"",""customName"":""""},{""name"":""Butter Scotch"",""price"":""675.0"",""customName"":""""},{""name"":""Strawberry"",""price"":""675.0"",""customName"":""""}]",,,,Moti bakery,,0,0,0,0,0,,Cake 104,General,675.0,,3,active,https://jygsbebawnkvyaqohxes.supabase.co/storage/v1/object/public/cake-images/converted_webp/resized_0104.webp,2025-02-05 14:09:37+00,2026-05-07 15:19:57.676235+00,2.0,
4fb1c5b7-2940-4562-bc2a-c14eadb62398,cake-1144,Cake 1144,Title,-,flavours,"[{""name"":""Butterscotch"",""price"":""700.0"",""customName"":""""},{""name"":""Strawberry"",""price"":""700.0"",""customName"":""""},{""name"":""Pineapple"",""price"":""700.0"",""customName"":""""},{""name"":""Black Forest"",""price"":""700.0"",""customName"":""""},{""name"":""Mix Fruit"",""price"":""700.0"",""customName"":""""},{""name"":""Almond Honey"",""price"":""700.0"",""customName"":""""},{""name"":""Choco Crunch"",""price"":""700.0"",""customName"":""""},{""name"":""Rainbow"",""price"":""700.0"",""customName"":""""},{""name"":""Choco Vanilla"",""price"":""700.0"",""customName"":""""},{""name"":""White Forest"",""price"":""700.0"",""customName"":""""}]",,,,Moti bakery,,0,0,0,0,0,,Cake 1144,General,700.0,,10,active,https://jygsbebawnkvyaqohxes.supabase.co/storage/v1/object/public/cake-images/converted_webp/resized_1652687033.webp,2025-02-05 14:09:37+00,2026-05-07 15:26:46.425515+00,4.0,
502c105f-fc0b-416f-92ad-154d5ae6ec10,cake-1351,Cake 1351,Title,-,flavours,"[{""name"":""Butterscotch"",""price"":""1200.0"",""customName"":""""},{""name"":""Strawberry"",""price"":""1200.0"",""customName"":""""},{""name"":""Pineapple"",""price"":""1200.0"",""customName"":""""},{""name"":""Black Forest"",""price"":""1200.0"",""customName"":""""},{""name"":""Mix Fruit"",""price"":""1200.0"",""customName"":""""},{""name"":""Almond Honey"",""price"":""1200.0"",""customName"":""""},{""name"":""Choco Crunch"",""price"":""1200.0"",""customName"":""""},{""name"":""Rainbow"",""price"":""1200.0"",""customName"":""""},{""name"":""Choco Vanilla"",""price"":""1200.0"",""customName"":""""},{""name"":""White Forest"",""price"":""1200.0"",""customName"":""""}]",,,,Moti bakery,,0,0,0,0,0,,Cake 1351,General,1200.0,,10,active,https://jygsbebawnkvyaqohxes.supabase.co/storage/v1/object/public/cake-images/converted_webp/resized_1652767312.webp,2025-02-05 14:47:46+00,2026-05-07 15:28:38.712841+00,4.0,
5084f2fe-56d7-47fd-8fd3-3398e645b99d,cake-1024,Cake 1024,Title,-,flavours,"[{""name"":""Pineapple"",""price"":""1200.0"",""customName"":""""},{""name"":""Butters Cotch"",""price"":""1200.0"",""customName"":""""},{""name"":""Strawberry"",""price"":""1200.0"",""customName"":""""}]",,,,Moti bakery,,0,0,0,0,0,,Cake 1024,General,1200.0,,3,active,https://jygsbebawnkvyaqohxes.supabase.co/storage/v1/object/public/cake-images/converted_webp/resized_00531.webp,2025-02-05 14:48:44+00,2026-05-07 15:25:16.853183+00,4.0,
50a1f2f2-a1ac-460a-914b-d69409d4b051,cake-119,Cake 119,Title,-,flavours,"[{""name"":""Pineapple"",""price"":""700.0"",""customName"":""""},{""name"":""Butter Scotch"",""price"":""700.0"",""customName"":""""},{""name"":""Strawberry"",""price"":""700.0"",""customName"":""""}]",,,,Moti bakery,,0,0,0,0,0,,Cake 119,General,700.0,,3,active,https://jygsbebawnkvyaqohxes.supabase.co/storage/v1/object/public/cake-images/converted_webp/resized_0119.webp,2025-02-05 14:09:37+00,2026-05-07 15:20:04.937017+00,2.0,
50dd8672-96a0-4c1f-8639-36deb2074bdf,cake-769,Cake 769,Title,-,flavours,"[{""name"":""Pineapple"",""price"":""675.0"",""customName"":""""},{""name"":""Butter Scotch"",""price"":""675.0"",""customName"":""""},{""name"":""Strawberry"",""price"":""675.0"",""customName"":""""}]",,,,Moti bakery,,0,0,0,0,0,,Cake 769,General,675.0,,3,active,https://jygsbebawnkvyaqohxes.supabase.co/storage/v1/object/public/cake-images/converted_webp/resized_BarbieAsRapunzelbarbieprincess316809481024768.webp,2025-02-05 16:30:06+00,2026-05-07 15:23:21.058661+00,,
50ed6c73-e611-47f8-b35f-4dc88a51592f,cake-1161,Cake 1161,Title,-,flavours,"[{""name"":""Butterscotch"",""price"":""700.0"",""customName"":""""},{""name"":""Strawberry"",""price"":""700.0"",""customName"":""""},{""name"":""Pineapple"",""price"":""700.0"",""customName"":""""},{""name"":""Black Forest"",""price"":""700.0"",""customName"":""""},{""name"":""Mix Fruit"",""price"":""700.0"",""customName"":""""},{""name"":""Almond Honey"",""price"":""700.0"",""customName"":""""},{""name"":""Choco Crunch"",""price"":""700.0"",""customName"":""""},{""name"":""Rainbow"",""price"":""700.0"",""customName"":""""},{""name"":""Choco Vanilla"",""price"":""700.0"",""customName"":""""},{""name"":""White Forest"",""price"":""700.0"",""customName"":""""}]",,,,Moti bakery,,0,0,0,0,0,,Cake 1161,General,700.0,,10,active,https://jygsbebawnkvyaqohxes.supabase.co/storage/v1/object/public/cake-images/converted_webp/resized_1652688534.webp,2025-02-05 14:09:37+00,2026-05-07 15:26:57.512482+00,8.0,
5138628e-06eb-47c8-8eaa-a9eb232384b4,cake-1184,Cake 1184,Title,-,flavours,"[{""name"":""Butterscotch"",""price"":""725.0"",""customName"":""""},{""name"":""Strawberry"",""price"":""725.0"",""customName"":""""},{""name"":""Pineapple"",""price"":""725.0"",""customName"":""""},{""name"":""Black Forest"",""price"":""725.0"",""customName"":""""},{""name"":""Mix Fruit"",""price"":""725.0"",""customName"":""""},{""name"":""Almond Honey"",""price"":""725.0"",""customName"":""""},{""name"":""Choco Crunch"",""price"":""725.0"",""customName"":""""},{""name"":""Rainbow"",""price"":""725.0"",""customName"":""""},{""name"":""Choco Vanilla"",""price"":""725.0"",""customName"":""""},{""name"":""White Forest"",""price"":""725.0"",""customName"":""""}]",,,,Moti bakery,,0,0,0,0,0,,Cake 1184,General,725.0,,10,active,https://jygsbebawnkvyaqohxes.supabase.co/storage/v1/object/public/cake-images/converted_webp/resized_1652695053.webp,2025-02-05 14:09:37+00,2026-05-07 15:27:09.997415+00,6.0,
51cafd00-edae-4ea3-90e5-cc335437807b,cake-1355,Cake 1355,Title,-,flavours,"[{""name"":""Butterscotch"",""price"":""1200.0"",""customName"":""""},{""name"":""Strawberry"",""price"":""1200.0"",""customName"":""""},{""name"":""Pineapple"",""price"":""1200.0"",""customName"":""""},{""name"":""Black Forest"",""price"":""1200.0"",""customName"":""""},{""name"":""Mix Fruit"",""price"":""1200.0"",""customName"":""""},{""name"":""Almond Honey"",""price"":""1200.0"",""customName"":""""},{""name"":""Choco Crunch"",""price"":""1200.0"",""customName"":""""},{""name"":""Rainbow"",""price"":""1200.0"",""customName"":""""},{""name"":""Choco Vanilla"",""price"":""1200.0"",""customName"":""""},{""name"":""White Forest"",""price"":""1200.0"",""customName"":""""}]",,,,Moti bakery,,0,0,0,0,0,,Cake 1355,General,1200.0,,10,active,https://jygsbebawnkvyaqohxes.supabase.co/storage/v1/object/public/cake-images/converted_webp/resized_1652767459.webp,2025-02-05 14:47:46+00,2026-05-07 15:28:40.823359+00,4.0,
51f3c2ea-defc-4957-aaa8-c4e0346cdcd8,cake-772,Cake 772,Title,-,flavours,"[{""name"":""Pineapple"",""price"":""700.0"",""customName"":""""},{""name"":""Butter Scotch"",""price"":""700.0"",""customName"":""""},{""name"":""Strawberry"",""price"":""700.0"",""customName"":""""},{""name"":""Almond Honey"",""price"":""700.0"",""customName"":""""},{""name"":""Caramel Crunch"",""price"":""700.0"",""customName"":""""},{""name"":""Redvelvet"",""price"":""700.0"",""customName"":""""}]",,,,Moti bakery,,0,0,0,0,0,,Cake 772,General,700.0,,6,active,https://jygsbebawnkvyaqohxes.supabase.co/storage/v1/object/public/cake-images/converted_webp/resized_FBIMG1563547052280.webp,2025-02-05 14:09:37+00,2026-05-07 15:23:22.707691+00,5.0,
521c7af8-bc9c-4524-92e2-5dff2d26dc7d,cake-920,Cake 920,Title,-,flavours,"[{""name"":""Pineapple"",""price"":""1200.0"",""customName"":""""},{""name"":""Butter Scotch"",""price"":""1200.0"",""customName"":""""},{""name"":""Strawberry"",""price"":""1200.0"",""customName"":""""}]",,,,Moti bakery,,0,0,0,0,0,,Cake 920,General,1200.0,,3,active,https://jygsbebawnkvyaqohxes.supabase.co/storage/v1/object/public/cake-images/converted_webp/00427.webp,2025-02-05 14:27:32+00,2026-05-07 15:24:18.874795+00,4.0,
5245aaa1-cc6b-42bb-9193-b63a2ea7031e,cake-208,Cake 208,Title,-,flavours,"[{""name"":""Pineapple"",""price"":""750.0"",""customName"":""""},{""name"":""Butter Scotch"",""price"":""750.0"",""customName"":""""},{""name"":""Strawberry"",""price"":""750.0"",""customName"":""""}]",,,,Moti bakery,,0,0,0,0,0,,Cake 208,General,750.0,,3,active,https://jygsbebawnkvyaqohxes.supabase.co/storage/v1/object/public/cake-images/converted_webp/resized_FBIMG1573365726461.webp,2025-02-05 15:51:04+00,2026-05-07 15:20:51.842035+00,3.0,
524a6c0b-dce0-423e-a5e7-266fed82e5b6,cake-541,Cake 541,Title,-,flavours,"[{""name"":""Pineapple"",""price"":""675.0"",""customName"":""""},{""name"":""Butter Scotch"",""price"":""675.0"",""customName"":""""},{""name"":""Strawberry"",""price"":""675.0"",""customName"":""""},{""name"":""Almond Honey"",""price"":""675.0"",""customName"":""""},{""name"":""Caramel Crunch"",""price"":""675.0"",""customName"":""""},{""name"":""Redvelvet"",""price"":""675.0"",""customName"":""""}]",,,,Moti bakery,,0,0,0,0,0,,Cake 541,General,675.0,,6,active,https://jygsbebawnkvyaqohxes.supabase.co/storage/v1/object/public/cake-images/converted_webp/resized_IMG20200823WA0205.webp,2025-02-05 16:26:00+00,2026-05-07 15:22:21.556768+00,5.0,
5308c42b-812b-46a2-a0c3-570b1700d358,cake-1098,Cake 1098,Title,-,flavours,"[{""name"":""Pineapple"",""price"":""1200.0"",""customName"":""""},{""name"":""Btter Scotch"",""price"":""1200.0"",""customName"":""""},{""name"":""Strawberry"",""price"":""1200.0"",""customName"":""""}]",,,,Moti bakery,,0,0,0,0,0,,Cake 1098,General,1200.0,,3,active,https://jygsbebawnkvyaqohxes.supabase.co/storage/v1/object/public/cake-images/converted_webp/resized_FBIMG1580651025023.webp,2025-02-05 14:47:46+00,2026-05-07 15:25:59.636406+00,2.0,
53267cda-1959-46db-9b23-1f20f9d3ca99,cake-1121,Cake 1121,Title,-,flavours,"[{""name"":""Pineapple"",""price"":""1200.0"",""customName"":""""},{""name"":""Butter Scotch"",""price"":""1200.0"",""customName"":""""},{""name"":""Strawberry"",""price"":""1200.0"",""customName"":""""}]",,,,Moti bakery,,0,0,0,0,0,,Cake 1121,General,1200.0,,3,active,https://jygsbebawnkvyaqohxes.supabase.co/storage/v1/object/public/cake-images/converted_webp/resized_IMG20200905WA0113.webp,2025-02-05 14:47:46+00,2026-05-07 15:26:32.007846+00,2.5,
53499d28-4f43-4c28-aba0-406c2e472fbf,cake-742,Cake 742,Title,-,flavours,"[{""name"":""Pineapple"",""price"":""675.0"",""customName"":""""},{""name"":""Butters Cotch"",""price"":""675.0"",""customName"":""""},{""name"":""Strawberry"",""price"":""675.0"",""customName"":""""}]",,,,Moti bakery,,0,0,0,0,0,,Cake 742,General,675.0,,3,active,https://jygsbebawnkvyaqohxes.supabase.co/storage/v1/object/public/cake-images/converted_webp/resized_355.webp,2025-02-05 14:09:37+00,2026-05-07 15:23:06.94785+00,3.0,
536f7f48-4f28-4f40-8ea8-6d40e400f76e,cake-82,Cake 82,Title,-,flavours,"[{""name"":""Pineapple"",""price"":""650.0"",""customName"":""""},{""name"":""Butter Scotch"",""price"":""650.0"",""customName"":""""},{""name"":""Strawberry"",""price"":""650.0"",""customName"":""""}]",,,,Moti bakery,,0,0,0,0,0,,Cake 82,General,650.0,,3,active,https://jygsbebawnkvyaqohxes.supabase.co/storage/v1/object/public/cake-images/converted_webp/00082.webp,2025-02-05 14:09:37+00,2026-05-07 15:19:42.832259+00,1.5,
5396fb54-3794-493e-8750-64df2e791f82,cake-1155,Cake 1155,Title,-,flavours,"[{""name"":""Butterscotch"",""price"":""875.0"",""customName"":""""},{""name"":""Strawberry"",""price"":""875.0"",""customName"":""""},{""name"":""Pineapple"",""price"":""875.0"",""customName"":""""},{""name"":""Black Forest"",""price"":""875.0"",""customName"":""""},{""name"":""Mix Fruit"",""price"":""875.0"",""customName"":""""},{""name"":""Almond Honey"",""price"":""875.0"",""customName"":""""},{""name"":""Choco Crunch"",""price"":""875.0"",""customName"":""""},{""name"":""Rainbow"",""price"":""875.0"",""customName"":""""},{""name"":""Choco Vanilla"",""price"":""875.0"",""customName"":""""},{""name"":""White Forest"",""price"":""875.0"",""customName"":""""}]",,,,Moti bakery,,0,0,0,0,0,,Cake 1155,General,875.0,,10,active,https://jygsbebawnkvyaqohxes.supabase.co/storage/v1/object/public/cake-images/converted_webp/resized_1652687964.webp,2025-02-05 14:09:37+00,2026-05-07 15:26:54.117925+00,4.0,
53c44268-39bc-455e-aefa-45936d240eec,cake-1322,Cake 1322,Title,-,flavours,"[{""name"":""Butterscotch"",""price"":""1200.0"",""customName"":""""},{""name"":""Strawberry"",""price"":""1200.0"",""customName"":""""},{""name"":""Pineapple"",""price"":""1200.0"",""customName"":""""},{""name"":""Black Forest"",""price"":""1200.0"",""customName"":""""},{""name"":""Mix Fruit"",""price"":""1200.0"",""customName"":""""},{""name"":""Almond Honey"",""price"":""1200.0"",""customName"":""""},{""name"":""Choco Crunch"",""price"":""1200.0"",""customName"":""""},{""name"":""Rainbow"",""price"":""1200.0"",""customName"":""""},{""name"":""Choco Vanilla"",""price"":""1200.0"",""customName"":""""},{""name"":""White Forest"",""price"":""1200.0"",""customName"":""""}]",,,,Moti bakery,,0,0,0,0,0,,Cake 1322,General,1200.0,,10,active,https://jygsbebawnkvyaqohxes.supabase.co/storage/v1/object/public/cake-images/converted_webp/resized_1652709626.webp,2025-02-05 14:47:46+00,2026-05-07 15:28:21.979366+00,5.0,
53e270e9-d49b-40f9-b542-810c434be7a6,cake-1102,Cake 1102,Title,-,flavours,"[{""name"":""Pineapple"",""price"":""1200.0"",""customName"":""""},{""name"":""Btter Scotch"",""price"":""1200.0"",""customName"":""""},{""name"":""Strawberry"",""price"":""1200.0"",""customName"":""""}]",,,,Moti bakery,,0,0,0,0,0,,Cake 1102,General,1200.0,,3,active,https://jygsbebawnkvyaqohxes.supabase.co/storage/v1/object/public/cake-images/converted_webp/resized_FBIMG1600073149029.webp,2025-02-05 14:47:46+00,2026-05-07 15:26:01.735387+00,2.0,
54036f86-7f52-47f1-ab22-d8f32bb69769,cake-837,Cake 837,Title,-,flavours,"[{""name"":""Pineapple"",""price"":""725.0"",""customName"":""""},{""name"":""Butter Scotch"",""price"":""725.0"",""customName"":""""},{""name"":""Strawberry"",""price"":""725.0"",""customName"":""""}]",,,,Moti bakery,,0,0,0,0,0,,Cake 837,General,725.0,,3,active,https://jygsbebawnkvyaqohxes.supabase.co/storage/v1/object/public/cake-images/converted_webp/resized_403.webp,2025-02-05 14:09:37+00,2026-05-07 15:23:54.81585+00,4.0,
540f2b03-c16a-47c5-bb30-3d21d747f2d2,cake-976,Cake 976,Title,-,flavours,"[{""name"":""Pineapple"",""price"":""1200.0"",""customName"":""""},{""name"":""Butter Scotch"",""price"":""1200.0"",""customName"":""""},{""name"":""Strawberry"",""price"":""1200.0"",""customName"":""""}]",,,,Moti bakery,,0,0,0,0,0,,Cake 976,General,1200.0,,3,active,https://jygsbebawnkvyaqohxes.supabase.co/storage/v1/object/public/cake-images/converted_webp/00484.webp,2025-02-05 14:47:46+00,2026-05-07 15:24:50.317794+00,3.0,
5447b8c2-d87a-4c3f-85fc-e6bb823d3d11,cake-447,Cake 447,Title,-,flavours,"[{""name"":""Pineapple"",""price"":""675.0"",""customName"":""""},{""name"":""Butter Scotch"",""price"":""675.0"",""customName"":""""},{""name"":""Strawberry"",""price"":""675.0"",""customName"":""""}]",,,,Moti bakery,,0,0,0,0,0,,Cake 447,General,675.0,,3,active,https://jygsbebawnkvyaqohxes.supabase.co/storage/v1/object/public/cake-images/converted_webp/resized_255.webp,2025-02-05 14:09:37+00,2026-05-07 15:21:27.700005+00,3.0,
548c04d9-2d71-4d02-a1dd-d44bccf06761,cake-1,Cake 1,Title,-,flavours,"[{""name"":""Pineapple"",""price"":""725.00"",""customName"":""""},{""name"":""Butterscotch"",""price"":""700.00"",""customName"":""""},{""name"":""Strawberry"",""price"":""700.00"",""customName"":""""}]",,,,Moti bakery,,0,0,0,0,0,,Cake 1,General,600.00,,3,active,https://jygsbebawnkvyaqohxes.supabase.co/storage/v1/object/public/cake-images/converted_webp/0001.webp,2026-04-01 08:33:40.519523+00,2026-05-07 15:29:07.710644+00,1.5,
55016523-a7e2-41b1-9f83-cb0fd96d6e5d,cake-216,Cake 216,Title,-,flavours,"[{""name"":""Pineapple"",""price"":""675.0"",""customName"":""""},{""name"":""Butter Scotch"",""price"":""675.0"",""customName"":""""},{""name"":""Strawberry"",""price"":""675.0"",""customName"":""""}]",,,,Moti bakery,,0,0,0,0,0,,Cake 216,General,675.0,,3,active,https://jygsbebawnkvyaqohxes.supabase.co/storage/v1/object/public/cake-images/converted_webp/resized_IMG20200227WA0023.webp,2025-02-05 15:52:55+00,2026-05-07 15:20:56.461229+00,1.5,
551b314d-24e2-4166-9ea3-62050137dc7c,cake-934,Cake 934,Title,-,flavours,"[{""name"":""Pineapple"",""price"":""1200.0"",""customName"":""""},{""name"":""Butter Scotch"",""price"":""1200.0"",""customName"":""""},{""name"":""Strawberry"",""price"":""1200.0"",""customName"":""""}]",,,,Moti bakery,,0,0,0,0,0,,Cake 934,General,1200.0,,3,active,https://jygsbebawnkvyaqohxes.supabase.co/storage/v1/object/public/cake-images/converted_webp/00441.webp,2025-02-05 14:29:59+00,2026-05-07 15:24:27.684425+00,2.0,
55680b37-b499-4838-9864-d7e41aef8266,cake-859,Cake 859,Title,-,flavours,"[{""name"":""Pineapple"",""price"":""1200.0"",""customName"":""""},{""name"":""Butterscotch"",""price"":""1200.0"",""customName"":""""},{""name"":""Strawberry"",""price"":""1200.0"",""customName"":""""},{""name"":""Caramel Crunch"",""price"":""1200.0"",""customName"":""""},{""name"":""Red Velvet"",""price"":""1200.0"",""customName"":""""},{""name"":""Almond Honey"",""price"":""1200.0"",""customName"":""""}]",,,,Moti bakery,,0,0,0,0,0,,Cake 859,General,1200.0,,6,active,https://jygsbebawnkvyaqohxes.supabase.co/storage/v1/object/public/cake-images/converted_webp/resized_859.webp,2025-02-05 14:48:44+00,2026-05-07 15:24:05.667607+00,3.0,
560d3c1d-2018-4af2-b2a0-adad51c0b920,cake-1286,Cake 1286,Title,-,flavours,"[{""name"":""Butterscotch"",""price"":""675.0"",""customName"":""""},{""name"":""Strawberry"",""price"":""675.0"",""customName"":""""},{""name"":""Pineapple"",""price"":""675.0"",""customName"":""""},{""name"":""Black Forest"",""price"":""675.0"",""customName"":""""},{""name"":""Mix Fruit"",""price"":""675.0"",""customName"":""""},{""name"":""Almond Honey"",""price"":""675.0"",""customName"":""""},{""name"":""Choco Crunch"",""price"":""675.0"",""customName"":""""},{""name"":""Rainbow"",""price"":""675.0"",""customName"":""""},{""name"":""Choco Vanilla"",""price"":""675.0"",""customName"":""""},{""name"":""White Forest"",""price"":""675.0"",""customName"":""""}]",,,,Moti bakery,,0,0,0,0,0,,Cake 1286,General,675.0,,10,active,https://jygsbebawnkvyaqohxes.supabase.co/storage/v1/object/public/cake-images/converted_webp/resized_1652705154.webp,2025-02-05 14:09:37+00,2026-05-07 15:28:03.543141+00,1.0,
5659fb3f-d320-4a9f-b007-77443c6e426f,cake-59,Cake 59,Title,-,flavours,"[{""name"":""Pineapple"",""price"":""650.0"",""customName"":""""},{""name"":""Butter Scotch"",""price"":""650.0"",""customName"":""""},{""name"":""Strawberry"",""price"":""650.0"",""customName"":""""}]",,,,Moti bakery,,0,0,0,0,0,,Cake 59,General,650.0,,3,active,https://jygsbebawnkvyaqohxes.supabase.co/storage/v1/object/public/cake-images/converted_webp/00059.webp,2025-02-05 14:09:37+00,2026-05-07 15:19:30.056873+00,1.0,
56c39338-6573-4bc9-8096-cf3b5fabe21c,cake-1087,Cake 1087,Title,-,flavours,"[{""name"":""Pineapple"",""price"":""1100.0"",""customName"":""""},{""name"":""Btter Scotch"",""price"":""1100.0"",""customName"":""""},{""name"":""Strawberry"",""price"":""1100.0"",""customName"":""""}]",,,,Moti bakery,,0,0,0,0,0,,Cake 1087,General,1100.0,,3,active,https://jygsbebawnkvyaqohxes.supabase.co/storage/v1/object/public/cake-images/converted_webp/resized_FBIMG1578902750182.webp,2025-02-05 14:48:44+00,2026-05-07 15:25:53.000699+00,5.0,
5724b030-fc50-4fc5-8b9c-f2394d2862ba,cake-1050,Cake 1050,Title,-,flavours,"[{""name"":""Pineapple"",""price"":""1200.0"",""customName"":""""},{""name"":""Butter Scotch"",""price"":""1200.0"",""customName"":""""},{""name"":""Strawberry"",""price"":""1200.0"",""customName"":""""}]",,,,Moti bakery,,0,0,0,0,0,,Cake 1050,General,1200.0,,3,active,https://jygsbebawnkvyaqohxes.supabase.co/storage/v1/object/public/cake-images/converted_webp/resized_00557.webp,2025-02-05 14:48:44+00,2026-05-07 15:25:32.624681+00,4.0,
57381174-c416-44d7-ac79-4b60858f33c0,cake-646,Cake 646,Title,-,flavours,"[{""name"":""Chocolate Truffle"",""price"":""875.0"",""customName"":""""}]",,,,Moti bakery,,0,0,0,0,0,,Cake 646,General,875.0,,1,active,https://jygsbebawnkvyaqohxes.supabase.co/storage/v1/object/public/cake-images/converted_webp/resized_286.webp,2025-02-05 14:09:37+00,2026-05-07 15:22:36.292254+00,1.0,
573b01a7-db0b-48c7-9a50-f1cbfe64bba8,cake-161,Cake 161,Title,-,flavours,"[{""name"":""Pineapple"",""price"":""700.0"",""customName"":""""},{""name"":""Butter Scotch"",""price"":""700.0"",""customName"":""""},{""name"":""Strawberry"",""price"":""700.0"",""customName"":""""}]",,,,Moti bakery,,0,0,0,0,0,,Cake 161,General,700.0,,3,active,https://jygsbebawnkvyaqohxes.supabase.co/storage/v1/object/public/cake-images/converted_webp/resized_0161.webp,2025-02-05 14:09:37+00,2026-05-07 15:20:26.653862+00,1.0,
57926eb3-26e4-4fd8-b2e0-e7a2090d9dd2,cake-1173,Cake 1173,Title,-,flavours,"[{""name"":""Butterscotch"",""price"":""700.0"",""customName"":""""},{""name"":""Strawberry"",""price"":""700.0"",""customName"":""""},{""name"":""Pineapple"",""price"":""700.0"",""customName"":""""},{""name"":""Black Forest"",""price"":""700.0"",""customName"":""""},{""name"":""Mix Fruit"",""price"":""700.0"",""customName"":""""},{""name"":""Almond Honey"",""price"":""700.0"",""customName"":""""},{""name"":""Choco Crunch"",""price"":""700.0"",""customName"":""""},{""name"":""Rainbow"",""price"":""700.0"",""customName"":""""},{""name"":""Choco Vanilla"",""price"":""700.0"",""customName"":""""},{""name"":""White Forest"",""price"":""700.0"",""customName"":""""}]",,,,Moti bakery,,0,0,0,0,0,,Cake 1173,General,700.0,,10,active,https://jygsbebawnkvyaqohxes.supabase.co/storage/v1/object/public/cake-images/converted_webp/resized_1652693271.webp,2025-02-05 14:09:37+00,2026-05-07 15:27:04.255714+00,7.0,
57f33392-ea7e-4776-aaab-8222e49d5ff4,cake-4,Cake 4,Title,-,flavours,"[{""name"":""Pineapple"",""price"":""700.00"",""customName"":""""},{""name"":""Butterscotch"",""price"":""675"",""customName"":""""},{""name"":""Strawberry"",""price"":""675"",""customName"":""""}]",,,,Moti bakery,,0,0,0,0,0,,Cake 4,General,675,,3,active,https://jygsbebawnkvyaqohxes.supabase.co/storage/v1/object/public/cake-images/converted_webp/0004.webp,2026-04-01 08:33:40.519523+00,2026-05-07 15:29:09.049627+00,1.5,
5804123a-7c88-4332-80af-aad95503f120,cake-1029,Cake 1029,Title,-,flavours,"[{""name"":""Pineapple"",""price"":""1200.0"",""customName"":""""},{""name"":""Butters Cotch"",""price"":""1200.0"",""customName"":""""},{""name"":""Strawberry"",""price"":""1200.0"",""customName"":""""}]",,,,Moti bakery,,0,0,0,0,0,,Cake 1029,General,1200.0,,3,active,https://jygsbebawnkvyaqohxes.supabase.co/storage/v1/object/public/cake-images/converted_webp/resized_00536.webp,2025-02-05 14:47:46+00,2026-05-07 15:25:19.820266+00,3.0,
58157589-de8c-4f7e-9efb-04f852ff3c79,cake-1143,Cake 1143,Title,-,flavours,"[{""name"":""Butterscotch"",""price"":""700.0"",""customName"":""""},{""name"":""Strawberry"",""price"":""700.0"",""customName"":""""},{""name"":""Pineapple"",""price"":""700.0"",""customName"":""""},{""name"":""Black Forest"",""price"":""700.0"",""customName"":""""},{""name"":""Mix Fruit"",""price"":""700.0"",""customName"":""""},{""name"":""Almond Honey"",""price"":""700.0"",""customName"":""""},{""name"":""Choco Crunch"",""price"":""700.0"",""customName"":""""},{""name"":""Rainbow"",""price"":""700.0"",""customName"":""""},{""name"":""Choco Vanilla"",""price"":""700.0"",""customName"":""""},{""name"":""White Forest"",""price"":""700.0"",""customName"":""""}]",,,,Moti bakery,,0,0,0,0,0,,Cake 1143,General,700.0,,10,active,https://jygsbebawnkvyaqohxes.supabase.co/storage/v1/object/public/cake-images/converted_webp/resized_1652686943.webp,2025-02-05 14:09:37+00,2026-05-07 15:26:45.814552+00,3.0,
58a1e57b-1715-4df3-9741-d8565419f31e,cake-40,Cake 40,Title,-,flavours,"[{""name"":""Pineapple"",""price"":""650.0"",""customName"":""""},{""name"":""Butter Scotch"",""price"":""650.0"",""customName"":""""},{""name"":""Strawberry"",""price"":""650.0"",""customName"":""""}]",,,,Moti bakery,,0,0,0,0,0,,Cake 40,General,650.0,,3,active,https://jygsbebawnkvyaqohxes.supabase.co/storage/v1/object/public/cake-images/converted_webp/00040.webp,2025-02-05 14:09:37+00,2026-05-07 15:19:19.624294+00,1.0,
58fa5a02-83dd-4ed2-81a4-96701147f902,cake-132,Cake 132,Title,-,flavours,"[{""name"":""Pineapple"",""price"":""675.0"",""customName"":""""},{""name"":""Butter  Scotch"",""price"":""675.0"",""customName"":""""},{""name"":""Strawberry"",""price"":""675.0"",""customName"":""""}]",,,,Moti bakery,,0,0,0,0,0,,Cake 132,General,675.0,,3,active,https://jygsbebawnkvyaqohxes.supabase.co/storage/v1/object/public/cake-images/converted_webp/resized_IMG20201002WA0011.webp,2025-02-05 14:09:37+00,2026-05-07 15:20:11.732643+00,1.0,
5907c697-0053-49da-8dce-0cb5905ae539,cake-963,Cake 963,Title,-,flavours,"[{""name"":""Pineapple"",""price"":""1200.0"",""customName"":""""},{""name"":""Butter Scotch"",""price"":""1200.0"",""customName"":""""},{""name"":""Strawberry"",""price"":""1200.0"",""customName"":""""}]",,,,Moti bakery,,0,0,0,0,0,,Cake 963,General,1200.0,,3,active,https://jygsbebawnkvyaqohxes.supabase.co/storage/v1/object/public/cake-images/converted_webp/00471.webp,2025-02-05 14:37:29+00,2026-05-07 15:24:43.360567+00,3.0,
596fe2a2-de30-4b70-af00-2712aa431a17,cake-1283,Cake 1283,Title,-,flavours,"[{""name"":""Mix Fruit"",""price"":""700.0"",""customName"":""""},{""name"":""Almond Honey"",""price"":""700.0"",""customName"":""""},{""name"":""Choco Crunch"",""price"":""700.0"",""customName"":""""},{""name"":""Rainbow"",""price"":""700.0"",""customName"":""""},{""name"":""Choco Vanilla"",""price"":""700.0"",""customName"":""""},{""name"":""White Forest"",""price"":""700.0"",""customName"":""""}]",,,,Moti bakery,,0,0,0,0,0,,Cake 1283,General,700.0,,6,active,https://jygsbebawnkvyaqohxes.supabase.co/storage/v1/object/public/cake-images/converted_webp/resized_1652705041.webp,2025-02-05 14:09:37+00,2026-05-07 15:28:01.741009+00,2.0,
598fda83-bb9c-4473-a612-ba07b8f9710b,cake-1217,Cake 1217,Title,-,flavours,"[{""name"":""Butterscotch"",""price"":""750.0"",""customName"":""""},{""name"":""Strawberry"",""price"":""750.0"",""customName"":""""},{""name"":""Pineapple"",""price"":""750.0"",""customName"":""""},{""name"":""Black Forest"",""price"":""750.0"",""customName"":""""},{""name"":""Mix Fruit"",""price"":""750.0"",""customName"":""""},{""name"":""Almond Honey"",""price"":""750.0"",""customName"":""""},{""name"":""Choco Crunch"",""price"":""750.0"",""customName"":""""},{""name"":""Rainbow"",""price"":""750.0"",""customName"":""""},{""name"":""Choco Vanilla"",""price"":""750.0"",""customName"":""""},{""name"":""White Forest"",""price"":""750.0"",""customName"":""""}]",,,,Moti bakery,,0,0,0,0,0,,Cake 1217,General,750.0,,10,active,https://jygsbebawnkvyaqohxes.supabase.co/storage/v1/object/public/cake-images/converted_webp/resized_1652698712.webp,2025-02-05 14:09:37+00,2026-05-07 15:27:28.21669+00,5.0,
59c7b229-5d84-476a-aad8-225d72d2da5e,cake-1038,Cake 1038,Title,-,flavours,"[{""name"":""Pineapple"",""price"":""1200.0"",""customName"":""""},{""name"":""Butter Scotch"",""price"":""1200.0"",""customName"":""""},{""name"":""Strawberry"",""price"":""1200.0"",""customName"":""""}]",,,,Moti bakery,,0,0,0,0,0,,Cake 1038,General,1200.0,,3,active,https://jygsbebawnkvyaqohxes.supabase.co/storage/v1/object/public/cake-images/converted_webp/resized_00546.webp,2025-02-05 14:47:46+00,2026-05-07 15:25:26.16268+00,4.0,
5a68c9a9-f6b2-4e35-87c0-74fccf4eec23,cake-123,Cake 123,Title,-,flavours,"[{""name"":""Pineapple"",""price"":""650.0"",""customName"":""""},{""name"":""Butter Scotch"",""price"":""650.0"",""customName"":""""},{""name"":""Strawberry"",""price"":""650.0"",""customName"":""""}]",,,,Moti bakery,,0,0,0,0,0,,Cake 123,General,650.0,,3,active,https://jygsbebawnkvyaqohxes.supabase.co/storage/v1/object/public/cake-images/converted_webp/resized_0123.webp,2025-02-05 14:09:37+00,2026-05-07 15:20:07.080629+00,1.0,
5aa641a8-7d37-471e-be53-6e947c42b975,cake-1189,Cake 1189,Title,-,flavours,"[{""name"":""Butterscotch"",""price"":""700.0"",""customName"":""""},{""name"":""Strawberry"",""price"":""700.0"",""customName"":""""},{""name"":""Pineapple"",""price"":""700.0"",""customName"":""""},{""name"":""Black Forest"",""price"":""700.0"",""customName"":""""},{""name"":""Mix Fruit"",""price"":""700.0"",""customName"":""""},{""name"":""Almond Honey"",""price"":""700.0"",""customName"":""""},{""name"":""Choco Crunch"",""price"":""700.0"",""customName"":""""},{""name"":""Rainbow"",""price"":""700.0"",""customName"":""""},{""name"":""Choco Vanilla"",""price"":""700.0"",""customName"":""""},{""name"":""White Forest"",""price"":""700.0"",""customName"":""""}]",,,,Moti bakery,,0,0,0,0,0,,Cake 1189,General,700.0,,10,active,https://jygsbebawnkvyaqohxes.supabase.co/storage/v1/object/public/cake-images/converted_webp/resized_1652695931.webp,2025-02-05 14:09:37+00,2026-05-07 15:27:12.858585+00,3.0,
5b62f6f5-6a87-48db-b558-cb52c0d65e2f,cake-171,Cake 171,Title,-,flavours,"[{""name"":""Pineapple"",""price"":""700.0"",""customName"":""""},{""name"":""Butter Scotch"",""price"":""700.0"",""customName"":""""},{""name"":""Strawberry"",""price"":""700.0"",""customName"":""""}]",,,,Moti bakery,,0,0,0,0,0,,Cake 171,General,700.0,,3,active,https://jygsbebawnkvyaqohxes.supabase.co/storage/v1/object/public/cake-images/converted_webp/resized_0171.webp,2025-02-05 14:09:37+00,2026-05-07 15:20:31.931125+00,1.5,
5b6b97d5-6c20-4778-82cb-c74bfba9f7a2,cake-968,Cake 968,Title,-,flavours,"[{""name"":""Pineapple"",""price"":""1200.0"",""customName"":""""},{""name"":""Butter Scotch"",""price"":""1200.0"",""customName"":""""},{""name"":""Strawberry"",""price"":""1200.0"",""customName"":""""}]",,,,Moti bakery,,0,0,0,0,0,,Cake 968,General,1200.0,,3,active,https://jygsbebawnkvyaqohxes.supabase.co/storage/v1/object/public/cake-images/converted_webp/00476.webp,2025-02-05 14:37:57+00,2026-05-07 15:24:46.229731+00,3.0,
5b9957f0-7033-41d5-b2d6-60611233dea5,cake-1214,Cake 1214,Title,-,flavours,"[{""name"":""Butterscotch"",""price"":""700.0"",""customName"":""""},{""name"":""Strawberry"",""price"":""700.0"",""customName"":""""},{""name"":""Pineapple"",""price"":""700.0"",""customName"":""""},{""name"":""Black Forest"",""price"":""700.0"",""customName"":""""},{""name"":""Mix Fruit"",""price"":""700.0"",""customName"":""""},{""name"":""Almond Honey"",""price"":""700.0"",""customName"":""""},{""name"":""Choco Crunch"",""price"":""700.0"",""customName"":""""},{""name"":""Rainbow"",""price"":""700.0"",""customName"":""""},{""name"":""Choco Vanilla"",""price"":""700.0"",""customName"":""""},{""name"":""White Forest"",""price"":""700.0"",""customName"":""""}]",,,,Moti bakery,,0,0,0,0,0,,Cake 1214,General,700.0,,10,active,https://jygsbebawnkvyaqohxes.supabase.co/storage/v1/object/public/cake-images/converted_webp/resized_1652698237.webp,2025-02-05 14:09:37+00,2026-05-07 15:27:26.579338+00,7.0,
5bfacb14-430a-472c-af55-c1fda741cb8c,cake-1166,Cake 1166,Title,-,flavours,"[{""name"":""Butterscotch"",""price"":""1200.0"",""customName"":""""},{""name"":""Strawberry"",""price"":""1200.0"",""customName"":""""},{""name"":""Pineapple"",""price"":""1200.0"",""customName"":""""},{""name"":""Black Forest"",""price"":""1200.0"",""customName"":""""},{""name"":""Mix Fruit"",""price"":""1200.0"",""customName"":""""},{""name"":""Almond Honey"",""price"":""1200.0"",""customName"":""""},{""name"":""Choco Crunch"",""price"":""1200.0"",""customName"":""""},{""name"":""Rainbow"",""price"":""1200.0"",""customName"":""""},{""name"":""Choco Vanilla"",""price"":""1200.0"",""customName"":""""},{""name"":""White Forest"",""price"":""1200.0"",""customName"":""""}]",,,,Moti bakery,,0,0,0,0,0,,Cake 1166,General,1200.0,,10,active,https://jygsbebawnkvyaqohxes.supabase.co/storage/v1/object/public/cake-images/converted_webp/resized_1652692239.webp,2025-02-05 14:47:46+00,2026-05-07 15:27:00.157191+00,6.0,
5c23e403-dbfd-44bd-8711-ec7bf9070f64,cake-135,Cake 135,Title,-,flavours,"[{""name"":""Pineapple"",""price"":""650.0"",""customName"":""""},{""name"":""Butter Scotch"",""price"":""650.0"",""customName"":""""},{""name"":""Strawberry"",""price"":""650.0"",""customName"":""""}]",,,,Moti bakery,,0,0,0,0,0,,Cake 135,General,650.0,,3,active,https://jygsbebawnkvyaqohxes.supabase.co/storage/v1/object/public/cake-images/converted_webp/resized_0135.webp,2025-02-05 14:09:37+00,2026-05-07 15:20:13.321552+00,2.0,
5c252a16-3d19-4896-8cf7-04d49fec1bd2,cake-1074,Cake 1074,Title,-,flavours,"[{""name"":""Pineapple"",""price"":""1200.0"",""customName"":""""},{""name"":""Butterscotch"",""price"":""1200.0"",""customName"":""""},{""name"":""Stawberry"",""price"":""1200.0"",""customName"":""""},{""name"":""Caramel Crunch"",""price"":""1200.0"",""customName"":""""},{""name"":""Almond Honey"",""price"":""1200.0"",""customName"":""""},{""name"":""Redvelvet"",""price"":""1200.0"",""customName"":""""}]",,,,Moti bakery,,0,0,0,0,0,,Cake 1074,General,1200.0,,6,active,https://jygsbebawnkvyaqohxes.supabase.co/storage/v1/object/public/cake-images/converted_webp/resized_1576596365572.webp,2025-02-05 14:47:46+00,2026-05-07 15:25:45.753305+00,4.0,
5c76d4dc-e361-4f11-9ee5-0df818f8cadb,cake-992,Cake 992,Title,-,flavours,"[{""name"":""Pineapple"",""price"":""1200.0"",""customName"":""""},{""name"":""Butter Scotch"",""price"":""1200.0"",""customName"":""""},{""name"":""Strawberry"",""price"":""1200.0"",""customName"":""""}]",,,,Moti bakery,,0,0,0,0,0,,Cake 992,General,1200.0,,3,active,https://jygsbebawnkvyaqohxes.supabase.co/storage/v1/object/public/cake-images/converted_webp/resized_00498.webp,2025-02-05 14:47:46+00,2026-05-07 15:24:59.223642+00,4.0,
5cb23d25-4228-4e40-99a1-c53c2dc45e98,cake-815,Cake 815,Title,-,flavours,"[{""name"":""Pineapple"",""price"":""700.0"",""customName"":""""},{""name"":""Butter Scotch"",""price"":""700.0"",""customName"":""""},{""name"":""Strawberry"",""price"":""700.0"",""customName"":""""}]",,,,Moti bakery,,0,0,0,0,0,,Cake 815,General,700.0,,3,active,https://jygsbebawnkvyaqohxes.supabase.co/storage/v1/object/public/cake-images/converted_webp/resized_380.webp,2025-02-05 14:09:37+00,2026-05-07 15:23:43.662319+00,3.0,
5cd0b4cd-abf0-4c64-9b88-4b39b1a82fdd,cake-1248,Cake 1248,Title,-,flavours,"[{""name"":""Choco Crunch"",""price"":""875.0"",""customName"":""""},{""name"":""Choco Vanilla"",""price"":""875.0"",""customName"":""""},{""name"":""Chocolate Truffle"",""price"":""875.0"",""customName"":""""}]",,,,Moti bakery,,0,0,0,0,0,,Cake 1248,General,875.0,,3,active,https://jygsbebawnkvyaqohxes.supabase.co/storage/v1/object/public/cake-images/converted_webp/resized_1652701960.webp,2025-02-05 14:09:37+00,2026-05-07 15:27:47.260085+00,2.0,
5ce63783-7be7-4734-925a-890a74735d42,cake-536,Cake 536,Title,-,flavours,"[{""name"":""Pineapple"",""price"":""725.0"",""customName"":""""},{""name"":""Butter Scotch"",""price"":""725.0"",""customName"":""""},{""name"":""Strawberry"",""price"":""725.0"",""customName"":""""},{""name"":""Almond Honey"",""price"":""725.0"",""customName"":""""},{""name"":""Caramel Crunch"",""price"":""725.0"",""customName"":""""},{""name"":""Redvelvet"",""price"":""725.0"",""customName"":""""}]",,,,Moti bakery,,0,0,0,0,0,,Cake 536,General,725.0,,6,active,https://jygsbebawnkvyaqohxes.supabase.co/storage/v1/object/public/cake-images/converted_webp/resized_FBIMG1580291581472.webp,2025-02-05 16:25:21+00,2026-05-07 15:22:19.179464+00,5.0,
5d066887-4fdf-443d-a61a-5258f9dbc948,cake-499,Cake 499,Title,-,flavours,"[{""name"":""Pineapple"",""price"":""675.0"",""customName"":""""},{""name"":""Butter Scotch"",""price"":""675.0"",""customName"":""""},{""name"":""Strawberry"",""price"":""675.0"",""customName"":""""},{""name"":""Almond Honey"",""price"":""675.0"",""customName"":""""},{""name"":""Caramel Crunch"",""price"":""675.0"",""customName"":""""},{""name"":""Redvelvet"",""price"":""675.0"",""customName"":""""}]",,,,Moti bakery,,0,0,0,0,0,,Cake 499,General,675.0,,6,active,https://jygsbebawnkvyaqohxes.supabase.co/storage/v1/object/public/cake-images/converted_webp/resized_1576604975806.webp,2025-02-05 16:18:26+00,2026-05-07 15:21:57.58001+00,4.0,
5d275acf-6679-4739-92fb-def005cdd505,cake-946,Cake 946,Title,-,flavours,"[{""name"":""Pineapple"",""price"":""1200.0"",""customName"":""""},{""name"":""Butter Scotch"",""price"":""1200.0"",""customName"":""""},{""name"":""Strawberry"",""price"":""1200.0"",""customName"":""""}]",,,,Moti bakery,,0,0,0,0,0,,Cake 946,General,1200.0,,3,active,https://jygsbebawnkvyaqohxes.supabase.co/storage/v1/object/public/cake-images/converted_webp/00453.webp,2025-02-05 14:33:31+00,2026-05-07 15:24:34.076963+00,2.5,
5ddaab78-beab-4227-8bcf-efe619c0af5d,cake-1369,Cake 1369,Title,-,flavours,"[{""name"":""Butterscotch"",""price"":""1200.0"",""customName"":""""},{""name"":""Strawberry"",""price"":""1200.0"",""customName"":""""},{""name"":""Pineapple"",""price"":""1200.0"",""customName"":""""},{""name"":""Black Forest"",""price"":""1200.0"",""customName"":""""},{""name"":""Mix Fruit"",""price"":""1200.0"",""customName"":""""},{""name"":""Almond Honey"",""price"":""1200.0"",""customName"":""""},{""name"":""Choco Crunch"",""price"":""1200.0"",""customName"":""""},{""name"":""Rainbow"",""price"":""1200.0"",""customName"":""""},{""name"":""Choco Vanilla"",""price"":""1200.0"",""customName"":""""},{""name"":""White Forest"",""price"":""1200.0"",""customName"":""""}]",,,,Moti bakery,,0,0,0,0,0,,Cake 1369,General,1200.0,,10,active,https://jygsbebawnkvyaqohxes.supabase.co/storage/v1/object/public/cake-images/converted_webp/resized_1652767980.webp,2025-02-05 14:47:46+00,2026-05-07 15:28:48.198096+00,5.0,
5e3a2ab2-1863-41be-9809-c6edead6df42,cake-105,Cake 105,Title,-,flavours,"[{""name"":""Pineapple"",""price"":""675.0"",""customName"":""""},{""name"":""Butter Scotch"",""price"":""675.0"",""customName"":""""},{""name"":""Strawberry"",""price"":""675.0"",""customName"":""""}]",,,,Moti bakery,,0,0,0,0,0,,Cake 105,General,675.0,,3,active,https://jygsbebawnkvyaqohxes.supabase.co/storage/v1/object/public/cake-images/converted_webp/resized_0105.webp,2025-02-05 14:09:37+00,2026-05-07 15:19:58.176046+00,2.0,
5e460919-f90b-499f-aeef-42f4b50ed709,cake-1229,Cake 1229,Title,-,flavours,"[{""name"":""Butterscotch"",""price"":""775.0"",""customName"":""""},{""name"":""Strawberry"",""price"":""775.0"",""customName"":""""},{""name"":""Pineapple"",""price"":""775.0"",""customName"":""""},{""name"":""Black Forest"",""price"":""775.0"",""customName"":""""},{""name"":""Mix Fruit"",""price"":""775.0"",""customName"":""""},{""name"":""Almond Honey"",""price"":""775.0"",""customName"":""""},{""name"":""Choco Crunch"",""price"":""775.0"",""customName"":""""},{""name"":""Rainbow"",""price"":""775.0"",""customName"":""""},{""name"":""Choco Vanilla"",""price"":""775.0"",""customName"":""""},{""name"":""White Forest"",""price"":""775.0"",""customName"":""""}]",,,,Moti bakery,,0,0,0,0,0,,Cake 1229,General,775.0,,10,active,https://jygsbebawnkvyaqohxes.supabase.co/storage/v1/object/public/cake-images/converted_webp/resized_1652699341.webp,2025-02-05 14:09:37+00,2026-05-07 15:27:34.877053+00,3.0,
5e74e419-23a2-4f0a-bf40-5afbe9c8ceed,cake-1016,Cake 1016,Title,-,flavours,"[{""name"":""Pineapple"",""price"":""1200.0"",""customName"":""""},{""name"":""Butters Cotch"",""price"":""1200.0"",""customName"":""""},{""name"":""Strawberry"",""price"":""1200.0"",""customName"":""""}]",,,,Moti bakery,,0,0,0,0,0,,Cake 1016,General,1200.0,,3,active,https://jygsbebawnkvyaqohxes.supabase.co/storage/v1/object/public/cake-images/converted_webp/resized_00523.webp,2025-02-05 14:47:46+00,2026-05-07 15:25:12.2136+00,2.5,
5e9c6da0-031e-441a-8bbb-f88ef4bcbcf9,cake-1204,Cake 1204,Title,-,flavours,"[{""name"":""Butterscotch"",""price"":""775.0"",""customName"":""""},{""name"":""Strawberry"",""price"":""775.0"",""customName"":""""},{""name"":""Pineapple"",""price"":""775.0"",""customName"":""""},{""name"":""Black Forest"",""price"":""775.0"",""customName"":""""},{""name"":""Mix Fruit"",""price"":""775.0"",""customName"":""""},{""name"":""Almond Honey"",""price"":""775.0"",""customName"":""""},{""name"":""Choco Crunch"",""price"":""775.0"",""customName"":""""},{""name"":""Rainbow"",""price"":""775.0"",""customName"":""""},{""name"":""Choco Vanilla"",""price"":""775.0"",""customName"":""""},{""name"":""White Forest"",""price"":""775.0"",""customName"":""""}]",,,,Moti bakery,,0,0,0,0,0,,Cake 1204,General,775.0,,10,active,https://jygsbebawnkvyaqohxes.supabase.co/storage/v1/object/public/cake-images/converted_webp/resized_1652697756.webp,2025-02-05 14:09:37+00,2026-05-07 15:27:21.149176+00,3.0,
5ef5c1a2-e0d4-461c-8125-5626022c5544,cake-442,Cake 442,Title,-,flavours,"[{""name"":""Pineapple"",""price"":""700.0"",""customName"":""""},{""name"":""Butter Scotch"",""price"":""700.0"",""customName"":""""},{""name"":""Strawberry"",""price"":""700.0"",""customName"":""""}]",,,,Moti bakery,,0,0,0,0,0,,Cake 442,General,700.0,,3,active,https://jygsbebawnkvyaqohxes.supabase.co/storage/v1/object/public/cake-images/converted_webp/resized_250.webp,2025-02-05 14:09:37+00,2026-05-07 15:21:25.3585+00,3.0,
5f4a628e-7f03-44bf-84e0-61761759fd07,cake-47,Cake 47,Title,-,flavours,"[{""name"":""Pineapple"",""price"":""650.0"",""customName"":""""},{""name"":""Butter Scotch"",""price"":""650.0"",""customName"":""""},{""name"":""Strawberry"",""price"":""650.0"",""customName"":""""}]",,,,Moti bakery,,0,0,0,0,0,,Cake 47,General,650.0,,3,active,https://jygsbebawnkvyaqohxes.supabase.co/storage/v1/object/public/cake-images/converted_webp/00047.webp,2025-02-05 14:09:37+00,2026-05-07 15:19:23.315323+00,1.0,
5f64836f-0c1d-4122-85f4-073b3ae72964,cake-957,Cake 957,Title,-,flavours,"[{""name"":""Pineapple"",""price"":""1200.0"",""customName"":""""},{""name"":""Butter Scotch"",""price"":""1200.0"",""customName"":""""},{""name"":""Strawberry"",""price"":""1200.0"",""customName"":""""}]",,,,Moti bakery,,0,0,0,0,0,,Cake 957,General,1200.0,,3,active,https://jygsbebawnkvyaqohxes.supabase.co/storage/v1/object/public/cake-images/converted_webp/00464.webp,2025-02-05 14:36:30+00,2026-05-07 15:24:40.424858+00,2.5,
5fbd683a-b978-4c7a-92ba-e0cc8a3da5a9,cake-88,Cake 88,Title,-,flavours,"[{""name"":""Pineapple"",""price"":""650.0"",""customName"":""""},{""name"":""Butter Scotch"",""price"":""650.0"",""customName"":""""},{""name"":""Strawberry"",""price"":""650.0"",""customName"":""""}]",,,,Moti bakery,,0,0,0,0,0,,Cake 88,General,650.0,,3,active,https://jygsbebawnkvyaqohxes.supabase.co/storage/v1/object/public/cake-images/converted_webp/00088.webp,2025-02-05 14:09:37+00,2026-05-07 15:19:46.469437+00,1.0,
5fe26846-878d-41f0-9c20-724114b5561f,cake-855,Cake 855,Title,-,flavours,"[{""name"":""Pineapple"",""price"":""725.0"",""customName"":""""},{""name"":""Butterscotch"",""price"":""725.0"",""customName"":""""},{""name"":""Strawberry"",""price"":""725.0"",""customName"":""""},{""name"":""Caramel Crunch"",""price"":""725.0"",""customName"":""""},{""name"":""Red Velvet"",""price"":""725.0"",""customName"":""""},{""name"":""Almond Honey"",""price"":""725.0"",""customName"":""""}]",,,,Moti bakery,,0,0,0,0,0,,Cake 855,General,725.0,,6,active,https://jygsbebawnkvyaqohxes.supabase.co/storage/v1/object/public/cake-images/converted_webp/resized_FBIMG1579161877309.webp,2025-02-05 14:09:37+00,2026-05-07 15:24:03.720895+00,5.0,
60034109-99c4-4fd5-af79-2625d19bb278,cake-163,Cake 163,Title,-,flavours,"[{""name"":""Pineapple"",""price"":""675.0"",""customName"":""""},{""name"":""Butter Scotch"",""price"":""675.0"",""customName"":""""},{""name"":""Strawberry"",""price"":""675.0"",""customName"":""""}]",,,,Moti bakery,,0,0,0,0,0,,Cake 163,General,675.0,,3,active,https://jygsbebawnkvyaqohxes.supabase.co/storage/v1/object/public/cake-images/converted_webp/resized_0163.webp,2025-02-05 14:09:37+00,2026-05-07 15:20:27.777769+00,2.0,
600e74fe-9e43-4c4a-afa5-ddf54266aa97,cake-32,Cake 32,Title,-,flavours,"[{""name"":""Pineapple"",""price"":""700.0"",""customName"":""""},{""name"":""Butter Scotch"",""price"":""700.0"",""customName"":""""},{""name"":""Strawberry"",""price"":""700.0"",""customName"":""""}]",,,,Moti bakery,,0,0,0,0,0,,Cake 32,General,700.0,,3,active,https://jygsbebawnkvyaqohxes.supabase.co/storage/v1/object/public/cake-images/converted_webp/00032.webp,2025-02-05 14:09:37+00,2026-05-07 15:19:13.993976+00,2.0,
601f52cb-dbbc-4ac0-9e79-f8ce58710044,cake-220,Cake 220,Title,-,flavours,"[{""name"":""Pineapple"",""price"":""675.0"",""customName"":""""},{""name"":""Butter Scotch"",""price"":""675.0"",""customName"":""""},{""name"":""Strawberry"",""price"":""675.0"",""customName"":""""}]",,,,Moti bakery,,0,0,0,0,0,,Cake 220,General,675.0,,3,active,https://jygsbebawnkvyaqohxes.supabase.co/storage/v1/object/public/cake-images/converted_webp/resized_IMG20200823WA0079.webp,2025-02-05 14:09:37+00,2026-05-07 15:20:58.600907+00,1.0,
607146e2-ec82-42d8-9117-e79a50c81176,cake-97,Cake 97,Title,-,flavours,"[{""name"":""Pineapple"",""price"":""650.0"",""customName"":""""},{""name"":""Butter Scotch"",""price"":""650.0"",""customName"":""""},{""name"":""Strawberry"",""price"":""650.0"",""customName"":""""}]",,,,Moti bakery,,0,0,0,0,0,,Cake 97,General,650.0,,3,active,https://jygsbebawnkvyaqohxes.supabase.co/storage/v1/object/public/cake-images/converted_webp/00097.webp,2025-02-05 14:09:37+00,2026-05-07 15:19:52.015453+00,2.0,
609efb45-d5f3-4b3f-9d2e-f1ae82b117eb,cake-1333,Cake 1333,Title,-,flavours,"[{""name"":""Butterscotch"",""price"":""1200.0"",""customName"":""""},{""name"":""Strawberry"",""price"":""1200.0"",""customName"":""""},{""name"":""Pineapple"",""price"":""1200.0"",""customName"":""""},{""name"":""Black Forest"",""price"":""1200.0"",""customName"":""""},{""name"":""Mix Fruit"",""price"":""1200.0"",""customName"":""""},{""name"":""Almond Honey"",""price"":""1200.0"",""customName"":""""},{""name"":""Choco Crunch"",""price"":""1200.0"",""customName"":""""},{""name"":""Rainbow"",""price"":""1200.0"",""customName"":""""},{""name"":""Choco Vanilla"",""price"":""1200.0"",""customName"":""""},{""name"":""White Forest"",""price"":""1200.0"",""customName"":""""}]",,,,Moti bakery,,0,0,0,0,0,,Cake 1333,General,1200.0,,10,active,https://jygsbebawnkvyaqohxes.supabase.co/storage/v1/object/public/cake-images/converted_webp/resized_1652710214.webp,2025-02-05 14:47:46+00,2026-05-07 15:28:28.131718+00,6.0,
60e65c38-bef8-4b51-81b7-b3ea458d289f,cake-493,Cake 493,Title,-,flavours,"[{""name"":""Pineapple"",""price"":""700.0"",""customName"":""""},{""name"":""Butter Scotch"",""price"":""700.0"",""customName"":""""},{""name"":""Strawberry"",""price"":""700.0"",""customName"":""""},{""name"":""Almond Honey"",""price"":""700.0"",""customName"":""""},{""name"":""Caramel Crunch"",""price"":""700.0"",""customName"":""""},{""name"":""Redvelvet"",""price"":""700.0"",""customName"":""""}]",,,,Moti bakery,,0,0,0,0,0,,Cake 493,General,700.0,,6,active,https://jygsbebawnkvyaqohxes.supabase.co/storage/v1/object/public/cake-images/converted_webp/resized_1576604904811.webp,2025-02-05 16:17:45+00,2026-05-07 15:21:53.914875+00,6.0,
60f8afec-9956-468d-8c7c-ac69dc936ff1,cake-432,Cake 432,Title,-,flavours,"[{""name"":""Pineapple"",""price"":""700.0"",""customName"":""""},{""name"":""Butter Scotch"",""price"":""700.0"",""customName"":""""},{""name"":""Strawberry"",""price"":""700.0"",""customName"":""""}]",,,,Moti bakery,,0,0,0,0,0,,Cake 432,General,700.0,,3,active,https://jygsbebawnkvyaqohxes.supabase.co/storage/v1/object/public/cake-images/converted_webp/resized_220.webp,2025-02-05 14:09:37+00,2026-05-07 15:21:19.993346+00,3.0,
60fab6d9-716f-43c6-afb9-03352a17cc16,cake-175,Cake 175,Title,-,flavours,"[{""name"":""Pineapple"",""price"":""675.0"",""customName"":""""},{""name"":""Butter Scotch"",""price"":""675.0"",""customName"":""""},{""name"":""Strawberry"",""price"":""675.0"",""customName"":""""}]",,,,Moti bakery,,0,0,0,0,0,,Cake 175,General,675.0,,3,active,https://jygsbebawnkvyaqohxes.supabase.co/storage/v1/object/public/cake-images/converted_webp/resized_0175.webp,2025-02-05 14:09:37+00,2026-05-07 15:20:34.070444+00,2.5,
619cd378-758c-409a-aaa8-26fee0ed9ac4,cake-158,Cake 158,Title,-,flavours,"[{""name"":""Pineapple"",""price"":""675.0"",""customName"":""""},{""name"":""Butters Cotch"",""price"":""675.0"",""customName"":""""},{""name"":""Strawberry"",""price"":""675.0"",""customName"":""""}]",,,,Moti bakery,,0,0,0,0,0,,Cake 158,General,675.0,,3,active,https://jygsbebawnkvyaqohxes.supabase.co/storage/v1/object/public/cake-images/converted_webp/resized_0158.webp,2025-02-05 15:43:56+00,2026-05-07 15:20:25.204259+00,1.5,
621c0649-9618-4919-9736-caa17bd97c44,cake-641,Cake 641,Title,-,flavours,"[{""name"":""Chocolate Truffle"",""price"":""875.0"",""customName"":""""}]",,,,Moti bakery,,0,0,0,0,0,,Cake 641,General,875.0,,1,active,https://jygsbebawnkvyaqohxes.supabase.co/storage/v1/object/public/cake-images/converted_webp/resized_281.webp,2025-02-05 14:09:37+00,2026-05-07 15:22:33.507171+00,1.0,
62457d1b-fcc7-4d9e-97c2-dd8fe9f5cfbd,cake-118,Cake 118,Title,-,flavours,"[{""name"":""Pineapple"",""price"":""650.0"",""customName"":""""},{""name"":""Butter Scotch"",""price"":""650.0"",""customName"":""""},{""name"":""Strawberry"",""price"":""650.0"",""customName"":""""}]",,,,Moti bakery,,0,0,0,0,0,,Cake 118,General,650.0,,3,active,https://jygsbebawnkvyaqohxes.supabase.co/storage/v1/object/public/cake-images/converted_webp/resized_0118.webp,2025-02-05 14:09:37+00,2026-05-07 15:20:04.421297+00,2.0,
62cb2d1a-98c9-4f56-9f9d-960ead600e41,cake-512,Cake 512,Title,-,flavours,"[{""name"":""Pineapple"",""price"":""775.0"",""customName"":""""},{""name"":""Butter Scotch"",""price"":""775.0"",""customName"":""""},{""name"":""Strawberry"",""price"":""775.0"",""customName"":""""},{""name"":""Almond Honey"",""price"":""775.0"",""customName"":""""},{""name"":""Caramel Crunch"",""price"":""775.0"",""customName"":""""},{""name"":""Redvelvet"",""price"":""775.0"",""customName"":""""}]",,,,Moti bakery,,0,0,0,0,0,,Cake 512,General,775.0,,6,active,https://jygsbebawnkvyaqohxes.supabase.co/storage/v1/object/public/cake-images/converted_webp/resized_FBIMG1577765858852.webp,2025-02-05 16:20:58+00,2026-05-07 15:22:05.691557+00,6.0,
634a7ffc-502d-49e3-bfbd-1e32a432cf82,cake-1005,Cake 1005,Title,-,flavours,"[{""name"":""Pineapple"",""price"":""1200.0"",""customName"":""""},{""name"":""Butters Cotch"",""price"":""1200.0"",""customName"":""""},{""name"":""Strawberry"",""price"":""1200.0"",""customName"":""""}]",,,,Moti bakery,,0,0,0,0,0,,Cake 1005,General,1200.0,,3,active,https://jygsbebawnkvyaqohxes.supabase.co/storage/v1/object/public/cake-images/converted_webp/resized_00511.webp,2025-02-05 14:47:46+00,2026-05-07 15:25:05.395464+00,3.0,
63548e2c-e90e-40da-a0cf-60d13da64ebf,cake-991,Cake 991,Title,-,flavours,"[{""name"":""Pineapple"",""price"":""1200.0"",""customName"":""""},{""name"":""Butter Scotch"",""price"":""1200.0"",""customName"":""""},{""name"":""Strawberry"",""price"":""1200.0"",""customName"":""""}]",,,,Moti bakery,,0,0,0,0,0,,Cake 991,General,1200.0,,3,active,https://jygsbebawnkvyaqohxes.supabase.co/storage/v1/object/public/cake-images/converted_webp/00497.webp,2025-02-05 14:47:46+00,2026-05-07 15:24:58.711076+00,2.0,
6392b20d-45bb-4743-a34a-9c7e15987168,cake-1258,Cake 1258,Title,-,flavours,"[{""name"":""Choco Crunch"",""price"":""925.0"",""customName"":""""},{""name"":""Choco Vanilla"",""price"":""925.0"",""customName"":""""},{""name"":""Chocolate Truffle"",""price"":""925.0"",""customName"":""""}]",,,,Moti bakery,,0,0,0,0,0,,Cake 1258,General,925.0,,3,active,https://jygsbebawnkvyaqohxes.supabase.co/storage/v1/object/public/cake-images/converted_webp/resized_1652702349.webp,2025-02-05 14:09:37+00,2026-05-07 15:27:53.531017+00,3.0,
63ce386f-5743-46dd-9e23-3f7a0415ff7e,cake-1105,Cake 1105,Title,-,flavours,"[{""name"":""Pineapple"",""price"":""1200.0"",""customName"":""""},{""name"":""Btter Scotch"",""price"":""1200.0"",""customName"":""""},{""name"":""Strawberry"",""price"":""1200.0"",""customName"":""""}]",,,,Moti bakery,,0,0,0,0,0,,Cake 1105,General,1200.0,,3,active,https://jygsbebawnkvyaqohxes.supabase.co/storage/v1/object/public/cake-images/converted_webp/resized_FBIMG1600073156242.webp,2025-02-05 14:47:46+00,2026-05-07 15:26:03.541059+00,2.0,
63d4648c-c976-4872-9d95-6827d86e9edd,cake-219,Cake 219,Title,-,flavours,"[{""name"":""Pineapple"",""price"":""675.0"",""customName"":""""},{""name"":""Butter Scotch"",""price"":""675.0"",""customName"":""""},{""name"":""Strawberry"",""price"":""675.0"",""customName"":""""}]",,,,Moti bakery,,0,0,0,0,0,,Cake 219,General,675.0,,3,active,https://jygsbebawnkvyaqohxes.supabase.co/storage/v1/object/public/cake-images/converted_webp/resized_IMG20200823WA0018.webp,2025-02-05 14:09:37+00,2026-05-07 15:20:58.081417+00,2.5,
63df94aa-354f-4911-a29f-98a15e5f88b4,cake-1069,Cake 1069,Title,-,flavours,"[{""name"":""Pineapple"",""price"":""1200.0"",""customName"":""""},{""name"":""Butter Scotch"",""price"":""1200.0"",""customName"":""""},{""name"":""Stawberry"",""price"":""1200.0"",""customName"":""""},{""name"":""Caramel Crunch"",""price"":""1200.0"",""customName"":""""},{""name"":""Almond Honey"",""price"":""1200.0"",""customName"":""""},{""name"":""Redvelvet"",""price"":""1200.0"",""customName"":""""}]",,,,Moti bakery,,0,0,0,0,0,,Cake 1069,General,1200.0,,6,active,https://jygsbebawnkvyaqohxes.supabase.co/storage/v1/object/public/cake-images/converted_webp/resized_1576584588790.webp,2025-02-05 14:48:44+00,2026-05-07 15:25:42.463204+00,4.0,
63e7f6ec-345f-4b64-bfa6-4a5e2eed6278,cake-149,Cake 149,Title,-,flavours,"[{""name"":""Pineapple"",""price"":""650.0"",""customName"":""""},{""name"":""Butter Scotch"",""price"":""650.0"",""customName"":""""},{""name"":""Strawberry"",""price"":""650.0"",""customName"":""""}]",,,,Moti bakery,,0,0,0,0,0,,Cake 149,General,650.0,,3,active,https://jygsbebawnkvyaqohxes.supabase.co/storage/v1/object/public/cake-images/converted_webp/resized_0149.webp,2025-02-05 14:09:37+00,2026-05-07 15:20:20.72141+00,1.0,
64181549-cdde-46bd-8f07-ef804600fba7,cake-519,Cake 519,Title,-,flavours,"[{""name"":""Pineapple"",""price"":""725.0"",""customName"":""""},{""name"":""Butter Scotch"",""price"":""725.0"",""customName"":""""},{""name"":""Strawberry"",""price"":""725.0"",""customName"":""""},{""name"":""Almond Honey"",""price"":""725.0"",""customName"":""""},{""name"":""Caramel Crunch"",""price"":""725.0"",""customName"":""""},{""name"":""Redvelvet"",""price"":""725.0"",""customName"":""""}]",,,,Moti bakery,,0,0,0,0,0,,Cake 519,General,725.0,,6,active,https://jygsbebawnkvyaqohxes.supabase.co/storage/v1/object/public/cake-images/converted_webp/resized_IMG20181215WA0010.webp,2025-02-05 16:22:35+00,2026-05-07 15:22:09.87908+00,7.0,
644f4542-b88b-423c-a6a3-e7b5badb34b5,cake-829,Cake 829,Title,-,flavours,"[{""name"":""Pineapple"",""price"":""700.0"",""customName"":""""},{""name"":""Butter Scotch"",""price"":""700.0"",""customName"":""""},{""name"":""Strawberry"",""price"":""700.0"",""customName"":""""}]",,,,Moti bakery,,0,0,0,0,0,,Cake 829,General,700.0,,3,active,https://jygsbebawnkvyaqohxes.supabase.co/storage/v1/object/public/cake-images/converted_webp/resized_395.webp,2025-02-05 14:09:37+00,2026-05-07 15:23:50.307673+00,3.0,
6459da0e-d7e1-4b40-942e-12a575888ecb,cake-767,Cake 767,Title,-,flavours,"[{""name"":""Pineapple"",""price"":""675.0"",""customName"":""""},{""name"":""Butter Scotch"",""price"":""675.0"",""customName"":""""},{""name"":""Strawberry"",""price"":""675.0"",""customName"":""""}]",,,,Moti bakery,,0,0,0,0,0,,Cake 767,General,675.0,,3,active,https://jygsbebawnkvyaqohxes.supabase.co/storage/v1/object/public/cake-images/converted_webp/resized_185.webp,2025-02-05 16:29:52+00,2026-05-07 15:23:19.936018+00,5.0,
64900abd-92fe-4b7d-92f2-7c0cb5aa53e8,cake-1149,Cake 1149,Title,-,flavours,"[{""name"":""Butterscotch"",""price"":""800.0"",""customName"":""""},{""name"":""Strawberry"",""price"":""800.0"",""customName"":""""},{""name"":""Pineapple"",""price"":""800.0"",""customName"":""""},{""name"":""Black Forest"",""price"":""800.0"",""customName"":""""},{""name"":""Mix Fruit"",""price"":""800.0"",""customName"":""""},{""name"":""Almond Honey"",""price"":""800.0"",""customName"":""""},{""name"":""Choco Crunch"",""price"":""800.0"",""customName"":""""},{""name"":""Rainbow"",""price"":""800.0"",""customName"":""""},{""name"":""Choco Vanilla"",""price"":""800.0"",""customName"":""""},{""name"":""White Forest"",""price"":""800.0"",""customName"":""""}]",,,,Moti bakery,,0,0,0,0,0,,Cake 1149,General,800.0,,10,active,https://jygsbebawnkvyaqohxes.supabase.co/storage/v1/object/public/cake-images/converted_webp/resized_1652687476.webp,2025-02-05 14:09:37+00,2026-05-07 15:26:50.732606+00,3.0,
64e9de97-53ad-4789-919a-c6082844dda3,cake-726,Cake 726,Title,-,flavours,"[{""name"":""Pineapple"",""price"":""725.0"",""customName"":""""},{""name"":""Butter Scotch"",""price"":""725.0"",""customName"":""""},{""name"":""Strawberry"",""price"":""725.0"",""customName"":""""}]",,,,Moti bakery,,0,0,0,0,0,,Cake 726,General,725.0,,3,active,https://jygsbebawnkvyaqohxes.supabase.co/storage/v1/object/public/cake-images/converted_webp/resized_327.webp,2025-02-05 14:09:37+00,2026-05-07 15:22:58.388789+00,6.0,
650aaea4-c59d-43cc-ba38-b4a743dcc2f5,cake-94,Cake 94,Title,-,flavours,"[{""name"":""Pineapple"",""price"":""675.0"",""customName"":""""},{""name"":""Butter Scotch"",""price"":""675.0"",""customName"":""""},{""name"":""Strawberry"",""price"":""675.0"",""customName"":""""}]",,,,Moti bakery,,0,0,0,0,0,,Cake 94,General,675.0,,3,active,https://jygsbebawnkvyaqohxes.supabase.co/storage/v1/object/public/cake-images/converted_webp/00094.webp,2025-02-05 14:09:37+00,2026-05-07 15:19:50.300237+00,1.5,
659b4ba7-3f13-45bb-9c68-dbe6d29e72bf,cake-146,Cake 146,Title,-,flavours,"[{""name"":""Royal Chocolate"",""price"":""800.0"",""customName"":""""}]",,,,Moti bakery,,0,0,0,0,0,,Cake 146,General,800.0,,1,active,https://jygsbebawnkvyaqohxes.supabase.co/storage/v1/object/public/cake-images/converted_webp/resized_0146.webp,2025-02-05 14:09:37+00,2026-05-07 15:20:19.067613+00,1.0,
66547d05-f4ea-4e16-8d87-3e1aaaa062cd,cake-431,Cake 431,Title,-,flavours,"[{""name"":""Pineapple"",""price"":""700.0"",""customName"":""""},{""name"":""Butter Scotch"",""price"":""700.0"",""customName"":""""},{""name"":""Strawberry"",""price"":""700.0"",""customName"":""""}]",,,,Moti bakery,,0,0,0,0,0,,Cake 431,General,700.0,,3,active,https://jygsbebawnkvyaqohxes.supabase.co/storage/v1/object/public/cake-images/converted_webp/resized_219.webp,2025-02-05 14:09:37+00,2026-05-07 15:21:19.491377+00,5.0,
66ed7e66-589c-4191-829f-71e3c4b9c413,cake-1345,Cake 1345,Title,-,flavours,"[{""name"":""Butterscotch"",""price"":""1200.0"",""customName"":""""},{""name"":""Strawberry"",""price"":""1200.0"",""customName"":""""},{""name"":""Pineapple"",""price"":""1200.0"",""customName"":""""},{""name"":""Black Forest"",""price"":""1200.0"",""customName"":""""},{""name"":""Mix Fruit"",""price"":""1200.0"",""customName"":""""},{""name"":""Almond Honey"",""price"":""1200.0"",""customName"":""""},{""name"":""Choco Crunch"",""price"":""1200.0"",""customName"":""""},{""name"":""Rainbow"",""price"":""1200.0"",""customName"":""""},{""name"":""Choco Vanilla"",""price"":""1200.0"",""customName"":""""},{""name"":""White Forest"",""price"":""1200.0"",""customName"":""""}]",,,,Moti bakery,,0,0,0,0,0,,Cake 1345,General,1200.0,,10,active,https://jygsbebawnkvyaqohxes.supabase.co/storage/v1/object/public/cake-images/converted_webp/resized_1652767095.webp,2025-02-05 14:47:46+00,2026-05-07 15:28:34.267863+00,5.0,
6770d3b0-ac25-4901-9304-15a13615bcfc,cake-764,Cake 764,Title,-,flavours,"[{""name"":""Pineapple"",""price"":""675.0"",""customName"":""""},{""name"":""Butter Scotch"",""price"":""675.0"",""customName"":""""},{""name"":""Strawberry"",""price"":""675.0"",""customName"":""""}]",,,,Moti bakery,,0,0,0,0,0,,Cake 764,General,675.0,,3,active,https://jygsbebawnkvyaqohxes.supabase.co/storage/v1/object/public/cake-images/converted_webp/resized_350.webp,2025-02-05 14:09:37+00,2026-05-07 15:23:18.39059+00,2.0,
67a3ce43-5e92-4b45-b944-f9f4c5cb5e53,cake-1209,Cake 1209,Title,-,flavours,"[{""name"":""Butterscotch"",""price"":""700.0"",""customName"":""""},{""name"":""Strawberry"",""price"":""700.0"",""customName"":""""},{""name"":""Pineapple"",""price"":""700.0"",""customName"":""""},{""name"":""Black Forest"",""price"":""700.0"",""customName"":""""},{""name"":""Mix Fruit"",""price"":""700.0"",""customName"":""""},{""name"":""Almond Honey"",""price"":""700.0"",""customName"":""""},{""name"":""Choco Crunch"",""price"":""700.0"",""customName"":""""},{""name"":""Rainbow"",""price"":""700.0"",""customName"":""""},{""name"":""Choco Vanilla"",""price"":""700.0"",""customName"":""""},{""name"":""White Forest"",""price"":""700.0"",""customName"":""""}]",,,,Moti bakery,,0,0,0,0,0,,Cake 1209,General,700.0,,10,active,https://jygsbebawnkvyaqohxes.supabase.co/storage/v1/object/public/cake-images/converted_webp/resized_1652697992.webp,2025-02-05 14:09:37+00,2026-05-07 15:27:24.136714+00,3.0,
67a6b3a4-6c7a-4cc5-9f24-dcbbb16ca830,cake-1134,Cake 1134,Title,-,flavours,"[{""name"":""Butterscotch"",""price"":""700.0"",""customName"":""""},{""name"":""Strawberry"",""price"":""700.0"",""customName"":""""},{""name"":""Pineapple"",""price"":""700.0"",""customName"":""""},{""name"":""Black Forest"",""price"":""700.0"",""customName"":""""},{""name"":""Mix Fruit"",""price"":""700.0"",""customName"":""""},{""name"":""Almond Honey"",""price"":""700.0"",""customName"":""""},{""name"":""Choco Crunch"",""price"":""700.0"",""customName"":""""},{""name"":""Rainbow"",""price"":""700.0"",""customName"":""""},{""name"":""Choco Vanilla"",""price"":""700.0"",""customName"":""""},{""name"":""White Forest"",""price"":""700.0"",""customName"":""""}]",,,,Moti bakery,,0,0,0,0,0,,Cake 1134,General,700.0,,10,active,https://jygsbebawnkvyaqohxes.supabase.co/storage/v1/object/public/cake-images/converted_webp/resized_1652685014.webp,2025-02-05 14:09:37+00,2026-05-07 15:26:39.696285+00,6.0,
67bc3f18-caef-43ea-b693-0d029a1d6c4d,cake-1115,Cake 1115,Title,-,flavours,"[{""name"":""Pineapple"",""price"":""1200.0"",""customName"":""""},{""name"":""Btter Scotch"",""price"":""1200.0"",""customName"":""""},{""name"":""Strawberry"",""price"":""1200.0"",""customName"":""""}]",,,,Moti bakery,,0,0,0,0,0,,Cake 1115,General,1200.0,,3,active,https://jygsbebawnkvyaqohxes.supabase.co/storage/v1/object/public/cake-images/converted_webp/resized_IMG20200823WA0235.webp,2025-02-05 14:47:46+00,2026-05-07 15:26:09.264435+00,3.0,
67e03f95-1b2d-480e-9a34-95befddc829c,cake-483,Cake 483,Title,-,flavours,"[{""name"":""Pineapple"",""price"":""675.0"",""customName"":""""},{""name"":""Butterscotch"",""price"":""675.0"",""customName"":""""},{""name"":""Strawberry"",""price"":""675.0"",""customName"":""""},{""name"":""Almond Honey"",""price"":""675.0"",""customName"":""""},{""name"":""Caramel Crunch"",""price"":""675.0"",""customName"":""""},{""name"":""Redvelvet"",""price"":""675.0"",""customName"":""""}]",,,,Moti bakery,,0,0,0,0,0,,Cake 483,General,675.0,,6,active,https://jygsbebawnkvyaqohxes.supabase.co/storage/v1/object/public/cake-images/converted_webp/resized_172000.webp,2025-02-05 16:07:41+00,2026-05-07 15:21:48.395986+00,10.0,
6862fb6f-4834-4a44-9fd1-20903987f9ca,cake-19,Cake 19,Title,-,flavours,"[{""name"":""Pineapple"",""price"":""725.00"",""customName"":""""},{""name"":""Butterscotch"",""price"":""700"",""customName"":""""},{""name"":""Strawberry"",""price"":""700"",""customName"":""""}]",,,,Moti bakery,,0,0,0,0,0,,Cake 19,General,700,,3,active,https://jygsbebawnkvyaqohxes.supabase.co/storage/v1/object/public/cake-images/converted_webp/0019.webp,2026-04-01 08:33:40.519523+00,2026-05-07 15:19:05.078824+00,2,
68a64ef8-ec31-45f8-9500-8f138c661d58,cake-1025,Cake 1025,Title,-,flavours,"[{""name"":""Pineapple"",""price"":""1200.0"",""customName"":""""},{""name"":""Butters Cotch"",""price"":""1200.0"",""customName"":""""},{""name"":""Strawberry"",""price"":""1200.0"",""customName"":""""}]",,,,Moti bakery,,0,0,0,0,0,,Cake 1025,General,1200.0,,3,active,https://jygsbebawnkvyaqohxes.supabase.co/storage/v1/object/public/cake-images/converted_webp/resized_00532.webp,2025-02-05 14:47:46+00,2026-05-07 15:25:17.583906+00,2.5,
6944758e-cd73-4e6e-ab73-db9e6c3f3910,cake-1138,Cake 1138,Title,-,flavours,"[{""name"":""Butterscotch"",""price"":""700.0"",""customName"":""""},{""name"":""Strawberry"",""price"":""700.0"",""customName"":""""},{""name"":""Pineapple"",""price"":""700.0"",""customName"":""""},{""name"":""Black Forest"",""price"":""700.0"",""customName"":""""},{""name"":""Mix Fruit"",""price"":""700.0"",""customName"":""""},{""name"":""Almond Honey"",""price"":""700.0"",""customName"":""""},{""name"":""Choco Crunch"",""price"":""700.0"",""customName"":""""},{""name"":""Rainbow"",""price"":""700.0"",""customName"":""""},{""name"":""Choco Vanilla"",""price"":""700.0"",""customName"":""""},{""name"":""White Forest"",""price"":""700.0"",""customName"":""""}]",,,,Moti bakery,,0,0,0,0,0,,Cake 1138,General,700.0,,10,active,https://jygsbebawnkvyaqohxes.supabase.co/storage/v1/object/public/cake-images/converted_webp/resized_1652686342.webp,2025-02-05 14:09:37+00,2026-05-07 15:26:42.390148+00,6.0,
696a5560-d563-4387-ad2a-bf95d1f51ac2,cake-1340,Cake 1340,Title,-,flavours,"[{""name"":""Butterscotch"",""price"":""1200.0"",""customName"":""""},{""name"":""Strawberry"",""price"":""1200.0"",""customName"":""""},{""name"":""Pineapple"",""price"":""1200.0"",""customName"":""""},{""name"":""Black Forest"",""price"":""1200.0"",""customName"":""""},{""name"":""Mix Fruit"",""price"":""1200.0"",""customName"":""""},{""name"":""Almond Honey"",""price"":""1200.0"",""customName"":""""},{""name"":""Choco Crunch"",""price"":""1200.0"",""customName"":""""},{""name"":""Rainbow"",""price"":""1200.0"",""customName"":""""},{""name"":""Choco Vanilla"",""price"":""1200.0"",""customName"":""""},{""name"":""White Forest"",""price"":""1200.0"",""customName"":""""}]",,,,Moti bakery,,0,0,0,0,0,,Cake 1340,General,1200.0,,10,active,https://jygsbebawnkvyaqohxes.supabase.co/storage/v1/object/public/cake-images/converted_webp/resized_1652766917.webp,2025-02-05 14:47:46+00,2026-05-07 15:28:31.706541+00,5.0,
69846668-8027-40a0-9a7d-bdca8e9ba758,cake-1239,Cake 1239,Title,-,flavours,"[{""name"":""Butterscotch"",""price"":""775.0"",""customName"":""""},{""name"":""Strawberry"",""price"":""775.0"",""customName"":""""},{""name"":""Pineapple"",""price"":""775.0"",""customName"":""""},{""name"":""Black Forest"",""price"":""775.0"",""customName"":""""},{""name"":""Mix Fruit"",""price"":""775.0"",""customName"":""""},{""name"":""Almond Honey"",""price"":""775.0"",""customName"":""""},{""name"":""Choco Crunch"",""price"":""775.0"",""customName"":""""},{""name"":""Rainbow"",""price"":""775.0"",""customName"":""""},{""name"":""Choco Vanilla"",""price"":""775.0"",""customName"":""""},{""name"":""White Forest"",""price"":""775.0"",""customName"":""""}]",,,,Moti bakery,,0,0,0,0,0,,Cake 1239,General,775.0,,10,active,https://jygsbebawnkvyaqohxes.supabase.co/storage/v1/object/public/cake-images/converted_webp/resized_1652699768.webp,2025-02-05 14:09:37+00,2026-05-07 15:27:41.641242+00,3.0,
69e69502-a0b8-4c8a-9503-a23d076a6ec0,cake-654,Cake 654,Title,-,flavours,"[{""name"":""Chocolate Truffle"",""price"":""875.0"",""customName"":""""}]",,,,Moti bakery,,0,0,0,0,0,,Cake 654,General,875.0,,1,active,https://jygsbebawnkvyaqohxes.supabase.co/storage/v1/object/public/cake-images/converted_webp/resized_295.webp,2025-02-05 14:09:37+00,2026-05-07 15:22:41.038122+00,2.0,
6a07caca-a7bf-467b-918f-273939cb690a,cake-1194,Cake 1194,Title,-,flavours,"[{""name"":""Butterscotch"",""price"":""700.0"",""customName"":""""},{""name"":""Strawberry"",""price"":""700.0"",""customName"":""""},{""name"":""Pineapple"",""price"":""700.0"",""customName"":""""},{""name"":""Black Forest"",""price"":""700.0"",""customName"":""""},{""name"":""Mix Fruit"",""price"":""700.0"",""customName"":""""},{""name"":""Almond Honey"",""price"":""700.0"",""customName"":""""},{""name"":""Choco Crunch"",""price"":""700.0"",""customName"":""""},{""name"":""Rainbow"",""price"":""700.0"",""customName"":""""},{""name"":""Choco Vanilla"",""price"":""700.0"",""customName"":""""},{""name"":""White Forest"",""price"":""700.0"",""customName"":""""}]",,,,Moti bakery,,0,0,0,0,0,,Cake 1194,General,700.0,,10,active,https://jygsbebawnkvyaqohxes.supabase.co/storage/v1/object/public/cake-images/converted_webp/resized_1652696216.webp,2025-02-05 14:09:37+00,2026-05-07 15:27:15.42385+00,3.0,
6a62cdac-b7a5-4e17-bba7-93856c2ee87a,cake-818,Cake 818,Title,-,flavours,"[{""name"":""Pineapple"",""price"":""700.0"",""customName"":""""},{""name"":""Butter Scotch"",""price"":""700.0"",""customName"":""""},{""name"":""Strawberry"",""price"":""700.0"",""customName"":""""}]",,,,Moti bakery,,0,0,0,0,0,,Cake 818,General,700.0,,3,active,https://jygsbebawnkvyaqohxes.supabase.co/storage/v1/object/public/cake-images/converted_webp/resized_383.webp,2025-02-05 14:09:37+00,2026-05-07 15:23:45.057046+00,3.0,
6a66ea94-aa6c-4359-a569-297375d973cd,cake-642,Cake 642,Title,-,flavours,"[{""name"":""Chocolate Truffle"",""price"":""875.0"",""customName"":""""}]",,,,Moti bakery,,0,0,0,0,0,,Cake 642,General,875.0,,1,active,https://jygsbebawnkvyaqohxes.supabase.co/storage/v1/object/public/cake-images/converted_webp/resized_282.webp,2025-02-05 14:09:37+00,2026-05-07 15:22:34.019266+00,1.0,
6a8a1082-141f-40d2-a662-dfe734db7267,cake-117,Cake 117,Title,-,flavours,"[{""name"":""Pineapple"",""price"":""650.0"",""customName"":""""},{""name"":""Butter Scotch"",""price"":""650.0"",""customName"":""""},{""name"":""Strawberry"",""price"":""650.0"",""customName"":""""}]",,,,Moti bakery,,0,0,0,0,0,,Cake 117,General,650.0,,3,active,https://jygsbebawnkvyaqohxes.supabase.co/storage/v1/object/public/cake-images/converted_webp/resized_0117.webp,2025-02-05 14:09:37+00,2026-05-07 15:20:03.90673+00,2.0,
6a9ec41b-bbc1-4ee2-a6c2-da9c028cd79c,cake-1064,Cake 1064,Title,-,flavours,"[{""name"":""Pineapple"",""price"":""1200.0"",""customName"":""""},{""name"":""Butter Scotch"",""price"":""1200.0"",""customName"":""""},{""name"":""Strawberry"",""price"":""1200.0"",""customName"":""""}]",,,,Moti bakery,,0,0,0,0,0,,Cake 1064,General,1200.0,,3,active,https://jygsbebawnkvyaqohxes.supabase.co/storage/v1/object/public/cake-images/converted_webp/resized_225.webp,2025-02-05 14:48:44+00,2026-05-07 15:25:39.587919+00,6.0,
6abadfd1-146b-44a8-a3b0-170ea8971f86,cake-1014,Cake 1014,Title,-,flavours,"[{""name"":""Pineapple"",""price"":""1200.0"",""customName"":""""},{""name"":""Butters Cotch"",""price"":""1200.0"",""customName"":""""},{""name"":""Strawberry"",""price"":""1200.0"",""customName"":""""}]",,,,Moti bakery,,0,0,0,0,0,,Cake 1014,General,1200.0,,3,active,https://jygsbebawnkvyaqohxes.supabase.co/storage/v1/object/public/cake-images/converted_webp/resized_00521.webp,2025-02-05 14:47:46+00,2026-05-07 15:25:10.276823+00,3.0,
6ac0355b-fb1c-441a-a197-b03fceb18040,cake-1094,Cake 1094,Title,-,flavours,"[{""name"":""Pineapple"",""price"":""1200.0"",""customName"":""""},{""name"":""Btter Scotch"",""price"":""1200.0"",""customName"":""""},{""name"":""Strawberry"",""price"":""1200.0"",""customName"":""""}]",,,,Moti bakery,,0,0,0,0,0,,Cake 1094,General,1200.0,,3,active,https://jygsbebawnkvyaqohxes.supabase.co/storage/v1/object/public/cake-images/converted_webp/resized_FBIMG1580650976867.webp,2025-02-05 14:47:46+00,2026-05-07 15:25:57.601253+00,5.0,
6ae49fcb-eac9-49bd-ae0c-53581030319c,cake-1036,Cake 1036,Title,-,flavours,"[{""name"":""Pineapple"",""price"":""1200.0"",""customName"":""""},{""name"":""Butter Scotch"",""price"":""1200.0"",""customName"":""""},{""name"":""Strawberry"",""price"":""1200.0"",""customName"":""""}]",,,,Moti bakery,,0,0,0,0,0,,Cake 1036,General,1200.0,,3,active,https://jygsbebawnkvyaqohxes.supabase.co/storage/v1/object/public/cake-images/converted_webp/resized_00544.webp,2025-02-05 14:47:46+00,2026-05-07 15:25:25.148939+00,4.0,
6b30ddc5-de10-4a54-a4e1-e5ad0749cd52,cake-1339,Cake 1339,Title,-,flavours,"[{""name"":""Butterscotch"",""price"":""1200.0"",""customName"":""""},{""name"":""Strawberry"",""price"":""1200.0"",""customName"":""""},{""name"":""Pineapple"",""price"":""1200.0"",""customName"":""""},{""name"":""Black Forest"",""price"":""1200.0"",""customName"":""""},{""name"":""Mix Fruit"",""price"":""1200.0"",""customName"":""""},{""name"":""Almond Honey"",""price"":""1200.0"",""customName"":""""},{""name"":""Choco Crunch"",""price"":""1200.0"",""customName"":""""},{""name"":""Rainbow"",""price"":""1200.0"",""customName"":""""},{""name"":""Choco Vanilla"",""price"":""1200.0"",""customName"":""""},{""name"":""White Forest"",""price"":""1200.0"",""customName"":""""}]",,,,Moti bakery,,0,0,0,0,0,,Cake 1339,General,1200.0,,10,active,https://jygsbebawnkvyaqohxes.supabase.co/storage/v1/object/public/cake-images/converted_webp/resized_1652766803.webp,2025-02-05 14:47:46+00,2026-05-07 15:28:31.193286+00,5.0,
6b462e7c-ec87-4698-8447-43693a972577,cake-1111,Cake 1111,Title,-,flavours,"[{""name"":""Pineapple"",""price"":""1200.0"",""customName"":""""},{""name"":""Btter Scotch"",""price"":""1200.0"",""customName"":""""},{""name"":""Strawberry"",""price"":""1200.0"",""customName"":""""}]",,,,Moti bakery,,0,0,0,0,0,,Cake 1111,General,1200.0,,3,active,https://jygsbebawnkvyaqohxes.supabase.co/storage/v1/object/public/cake-images/converted_webp/resized_FBIMG1601226449128.webp,2025-02-05 14:47:46+00,2026-05-07 15:26:07.080729+00,3.5,
6b663421-45d6-4485-ab83-67f7c214f077,cake-160,Cake 160,Title,-,flavours,"[{""name"":""Pineapple"",""price"":""700.0"",""customName"":""""},{""name"":""Butter Scotch"",""price"":""700.0"",""customName"":""""},{""name"":""Strawberry"",""price"":""700.0"",""customName"":""""}]",,,,Moti bakery,,0,0,0,0,0,,Cake 160,General,700.0,,3,active,https://jygsbebawnkvyaqohxes.supabase.co/storage/v1/object/public/cake-images/converted_webp/resized_0160.webp,2025-02-05 14:09:37+00,2026-05-07 15:20:26.106229+00,2.0,
6b8fac8c-0743-4c27-b09c-add814b937b1,cake-147,Cake 147,Title,-,flavours,"[{""name"":""Pineapple"",""price"":""675.0"",""customName"":""""},{""name"":""Butter Scotch"",""price"":""675.0"",""customName"":""""},{""name"":""Strawberry"",""price"":""675.0"",""customName"":""""}]",,,,Moti bakery,,0,0,0,0,0,,Cake 147,General,675.0,,3,active,https://jygsbebawnkvyaqohxes.supabase.co/storage/v1/object/public/cake-images/converted_webp/resized_0147.webp,2025-02-05 14:09:37+00,2026-05-07 15:20:19.680569+00,1.0,
6ba092cc-f9b1-4499-ae23-e571dde5ae9a,cake-1169,Cake 1169,Title,-,flavours,"[{""name"":""Butterscotch"",""price"":""700.0"",""customName"":""""},{""name"":""Strawberry"",""price"":""700.0"",""customName"":""""},{""name"":""Pineapple"",""price"":""700.0"",""customName"":""""},{""name"":""Black Forest"",""price"":""700.0"",""customName"":""""},{""name"":""Mix Fruit"",""price"":""700.0"",""customName"":""""},{""name"":""Almond Honey"",""price"":""700.0"",""customName"":""""},{""name"":""Choco Crunch"",""price"":""700.0"",""customName"":""""},{""name"":""Rainbow"",""price"":""700.0"",""customName"":""""},{""name"":""Choco Vanilla"",""price"":""700.0"",""customName"":""""},{""name"":""White Forest"",""price"":""700.0"",""customName"":""""}]",,,,Moti bakery,,0,0,0,0,0,,Cake 1169,General,700.0,,10,active,https://jygsbebawnkvyaqohxes.supabase.co/storage/v1/object/public/cake-images/converted_webp/resized_1652692542.webp,2025-02-05 14:09:37+00,2026-05-07 15:27:02.206435+00,3.0,
6bab2d15-4321-4df6-ae88-8da24a01275e,cake-66,Cake 66,Title,-,flavours,"[{""name"":""Pineapple"",""price"":""650.0"",""customName"":""""},{""name"":""Butter Scotch"",""price"":""650.0"",""customName"":""""},{""name"":""Strawberry"",""price"":""650.0"",""customName"":""""}]",,,,Moti bakery,,0,0,0,0,0,,Cake 66,General,650.0,,3,active,https://jygsbebawnkvyaqohxes.supabase.co/storage/v1/object/public/cake-images/converted_webp/00066.webp,2025-02-05 14:09:37+00,2026-05-07 15:19:33.720081+00,1.5,
6bd6479f-1924-4eb8-a150-78ac51bda34d,cake-1264,Cake 1264,Title,-,flavours,"[{""name"":""Choco Crunch"",""price"":""925.0"",""customName"":""""},{""name"":""Choco Vanilla"",""price"":""925.0"",""customName"":""""},{""name"":""Chocolate Truffle"",""price"":""925.0"",""customName"":""""}]",,,,Moti bakery,,0,0,0,0,0,,Cake 1264,General,925.0,,3,active,https://jygsbebawnkvyaqohxes.supabase.co/storage/v1/object/public/cake-images/converted_webp/resized_1652702580.webp,2025-02-05 14:09:37+00,2026-05-07 15:27:57.708396+00,5.0,
6c642f96-e3da-4489-ae32-5839e5938fe7,cake-41,Cake 41,Title,-,flavours,"[{""name"":""Almond Honey"",""price"":""675.0"",""customName"":""""}]",,,,Moti bakery,,0,0,0,0,0,,Cake 41,General,675.0,,1,active,https://jygsbebawnkvyaqohxes.supabase.co/storage/v1/object/public/cake-images/converted_webp/00041.webp,2025-02-05 15:06:25+00,2026-05-07 15:19:20.335827+00,1.0,
6c693f35-4817-4b63-bc33-a9caf427cf1f,cake-454,Cake 454,Title,-,flavours,"[{""name"":""Pineapple"",""price"":""675.0"",""customName"":""""},{""name"":""Butter Scotch"",""price"":""675.0"",""customName"":""""},{""name"":""Strawberry"",""price"":""675.0"",""customName"":""""}]",,,,Moti bakery,,0,0,0,0,0,,Cake 454,General,675.0,,3,active,https://jygsbebawnkvyaqohxes.supabase.co/storage/v1/object/public/cake-images/converted_webp/resized_234.webp,2025-02-05 14:09:37+00,2026-05-07 15:21:31.416131+00,4.0,
6c79978d-d690-4adb-b08c-53ba693c8886,cake-835,Cake 835,Title,-,flavours,"[{""name"":""Pineapple"",""price"":""725.0"",""customName"":""""},{""name"":""Butter Scotch"",""price"":""725.0"",""customName"":""""},{""name"":""Strawberry"",""price"":""725.0"",""customName"":""""}]",,,,Moti bakery,,0,0,0,0,0,,Cake 835,General,725.0,,3,active,https://jygsbebawnkvyaqohxes.supabase.co/storage/v1/object/public/cake-images/converted_webp/resized_401.webp,2025-02-05 14:09:37+00,2026-05-07 15:23:53.798169+00,4.0,
6c9c3f4d-7e1f-42d5-9461-002a9208c63d,cake-1256,Cake 1256,Title,-,flavours,"[{""name"":""Choco Crunch"",""price"":""925.0"",""customName"":""""},{""name"":""Choco Vanilla"",""price"":""925.0"",""customName"":""""},{""name"":""Chocolate Truffle"",""price"":""925.0"",""customName"":""""}]",,,,Moti bakery,,0,0,0,0,0,,Cake 1256,General,925.0,,3,active,https://jygsbebawnkvyaqohxes.supabase.co/storage/v1/object/public/cake-images/converted_webp/resized_1652702278.webp,2025-02-05 14:09:37+00,2026-05-07 15:27:52.463989+00,4.0,
6cc39357-d07f-48c3-8245-d987b779e635,cake-1129,Cake 1129,Title,-,flavours,"[{""name"":""Butterscotch"",""price"":""700.0"",""customName"":""""},{""name"":""Strawberry"",""price"":""700.0"",""customName"":""""},{""name"":""Pineapple"",""price"":""700.0"",""customName"":""""},{""name"":""Black Forest"",""price"":""700.0"",""customName"":""""},{""name"":""Mix Fruit"",""price"":""700.0"",""customName"":""""},{""name"":""Almond Honey"",""price"":""700.0"",""customName"":""""},{""name"":""Choco Crunch"",""price"":""700.0"",""customName"":""""},{""name"":""Rainbow"",""price"":""700.0"",""customName"":""""},{""name"":""Choco Vanilla"",""price"":""700.0"",""customName"":""""},{""name"":""White Forest"",""price"":""700.0"",""customName"":""""}]",,,,Moti bakery,,0,0,0,0,0,,Cake 1129,General,700.0,,10,active,https://jygsbebawnkvyaqohxes.supabase.co/storage/v1/object/public/cake-images/converted_webp/resized_1652684120.webp,2025-02-05 14:09:37+00,2026-05-07 15:26:35.805846+00,5.0,
6cd8c4d3-6e18-44dd-96bb-2831a2f583bf,cake-1063,Cake 1063,Title,-,flavours,"[{""name"":""Pineapple"",""price"":""1200.0"",""customName"":""""},{""name"":""Butters Cotch"",""price"":""1200.0"",""customName"":""""},{""name"":""Strawberry"",""price"":""1200.0"",""customName"":""""}]",,,,Moti bakery,,0,0,0,0,0,,Cake 1063,General,1200.0,,3,active,https://jygsbebawnkvyaqohxes.supabase.co/storage/v1/object/public/cake-images/converted_webp/resized_221.webp,2025-02-05 14:48:44+00,2026-05-07 15:25:39.065191+00,4.0,
6cf78908-deb5-4dc0-8afd-3b5776dff0d8,cake-13,Cake 13,Title,-,flavours,"[{""name"":""Pineapple"",""price"":""750.00"",""customName"":""""},{""name"":""Butterscotch"",""price"":""725"",""customName"":""""},{""name"":""Strawberry"",""price"":""725"",""customName"":""""}]",,,,Moti bakery,,0,0,0,0,0,,Cake 13,General,725,,3,active,https://jygsbebawnkvyaqohxes.supabase.co/storage/v1/object/public/cake-images/converted_webp/00013.webp,2026-04-01 08:33:40.519523+00,2026-05-07 15:19:00.645103+00,5,9.1
6d033fb0-583d-45c7-bcf5-7e8a86fb9c94,cake-72,Cake 72,Title,-,flavours,"[{""name"":""Pineapple"",""price"":""675.0"",""customName"":""""},{""name"":""Butter Scotch"",""price"":""675.0"",""customName"":""""},{""name"":""Strawberry"",""price"":""675.0"",""customName"":""""}]",,,,Moti bakery,,0,0,0,0,0,,Cake 72,General,675.0,,3,active,https://jygsbebawnkvyaqohxes.supabase.co/storage/v1/object/public/cake-images/converted_webp/resized_72.webp,2025-02-05 15:18:49+00,2026-05-07 15:19:37.111744+00,2.0,
6d5045a6-420e-40e1-8f77-ed92d9f89846,cake-1321,Cake 1321,Title,-,flavours,"[{""name"":""Butterscotch"",""price"":""1200.0"",""customName"":""""},{""name"":""Strawberry"",""price"":""1200.0"",""customName"":""""},{""name"":""Pineapple"",""price"":""1200.0"",""customName"":""""},{""name"":""Black Forest"",""price"":""1200.0"",""customName"":""""},{""name"":""Mix Fruit"",""price"":""1200.0"",""customName"":""""},{""name"":""Almond Honey"",""price"":""1200.0"",""customName"":""""},{""name"":""Choco Crunch"",""price"":""1200.0"",""customName"":""""},{""name"":""Rainbow"",""price"":""1200.0"",""customName"":""""},{""name"":""Choco Vanilla"",""price"":""1200.0"",""customName"":""""},{""name"":""White Forest"",""price"":""1200.0"",""customName"":""""}]",,,,Moti bakery,,0,0,0,0,0,,Cake 1321,General,1200.0,,10,active,https://jygsbebawnkvyaqohxes.supabase.co/storage/v1/object/public/cake-images/converted_webp/resized_1652709417.webp,2025-02-05 14:47:46+00,2026-05-07 15:28:21.466518+00,6.0,
6d806a1a-57ce-47f5-a74f-ecbf960986cb,cake-1305,Cake 1305,Title,-,flavours,"[{""name"":""Butterscotch"",""price"":""1200.0"",""customName"":""""},{""name"":""Strawberry"",""price"":""1200.0"",""customName"":""""},{""name"":""Pineapple"",""price"":""1200.0"",""customName"":""""},{""name"":""Black Forest"",""price"":""1200.0"",""customName"":""""},{""name"":""Mix Fruit"",""price"":""1200.0"",""customName"":""""},{""name"":""Almond Honey"",""price"":""1200.0"",""customName"":""""},{""name"":""Choco Crunch"",""price"":""1200.0"",""customName"":""""},{""name"":""Rainbow"",""price"":""1200.0"",""customName"":""""},{""name"":""Choco Vanilla"",""price"":""1200.0"",""customName"":""""},{""name"":""White Forest"",""price"":""1200.0"",""customName"":""""}]",,,,Moti bakery,,0,0,0,0,0,,Cake 1305,General,1200.0,,10,active,https://jygsbebawnkvyaqohxes.supabase.co/storage/v1/object/public/cake-images/converted_webp/resized_1652708105.webp,2025-02-05 14:47:46+00,2026-05-07 15:28:12.54186+00,7.0,
6e2ac79d-47d1-44e3-97d7-630e6d50c04b,cake-198,Cake 198,Title,-,flavours,"[{""name"":""Pineapple"",""price"":""725.0"",""customName"":""""},{""name"":""Butter Scotch"",""price"":""725.0"",""customName"":""""},{""name"":""Strawberry"",""price"":""725.0"",""customName"":""""},{""name"":""Almond Honey"",""price"":""725.0"",""customName"":""""},{""name"":""Caramel Crunch"",""price"":""725.0"",""customName"":""""},{""name"":""Redvelvet"",""price"":""725.0"",""customName"":""""}]",,,,Moti bakery,,0,0,0,0,0,,Cake 198,General,725.0,,6,active,https://jygsbebawnkvyaqohxes.supabase.co/storage/v1/object/public/cake-images/converted_webp/resized_FBIMG1562518172375.webp,2025-02-05 15:49:28+00,2026-05-07 15:20:45.232062+00,2.5,
6e8f1b2d-5b28-4a96-822c-2de0cc206493,cake-710,Cake 710,Title,-,flavours,"[{""name"":""Pineapple"",""price"":""675.0"",""customName"":""""},{""name"":""Butter Scotch"",""price"":""675.0"",""customName"":""""},{""name"":""Strawberry"",""price"":""675.0"",""customName"":""""}]",,,,Moti bakery,,0,0,0,0,0,,Cake 710,General,675.0,,3,active,https://jygsbebawnkvyaqohxes.supabase.co/storage/v1/object/public/cake-images/converted_webp/resized_311.webp,2025-02-05 14:09:37+00,2026-05-07 15:22:50.316858+00,3.0,
6eb33793-2041-40a2-bf5b-d22fe14234c4,cake-35,Cake 35,Title,-,flavours,"[{""name"":""Pineapple"",""price"":""650.0"",""customName"":""""},{""name"":""Butter Scotch"",""price"":""650.0"",""customName"":""""},{""name"":""Strawberry"",""price"":""650.0"",""customName"":""""}]",,,,Moti bakery,,0,0,0,0,0,,Cake 35,General,650.0,,3,active,https://jygsbebawnkvyaqohxes.supabase.co/storage/v1/object/public/cake-images/converted_webp/resized_035.webp,2025-02-05 14:09:37+00,2026-05-07 15:19:16.627169+00,1.5,
6efec14b-3aaf-4f8a-afcc-2f6ad13440b6,cake-1047,Cake 1047,Title,-,flavours,"[{""name"":""Pineapple"",""price"":""1200.0"",""customName"":""""},{""name"":""Butter Scotch"",""price"":""1200.0"",""customName"":""""},{""name"":""Strawberry"",""price"":""1200.0"",""customName"":""""}]",,,,Moti bakery,,0,0,0,0,0,,Cake 1047,General,1200.0,,3,active,https://jygsbebawnkvyaqohxes.supabase.co/storage/v1/object/public/cake-images/converted_webp/resized_00555.webp,2025-02-05 14:48:44+00,2026-05-07 15:25:31.2323+00,3.0,
6f2c574a-c056-4e16-99f3-87573886d446,cake-1066,Cake 1066,Title,-,flavours,"[{""name"":""Pineapple"",""price"":""25.0"",""customName"":""""},{""name"":""Butter Scotch"",""price"":""25.0"",""customName"":""""},{""name"":""Strawberry"",""price"":""25.0"",""customName"":""""}]",,,,Moti bakery,,0,0,0,0,0,,Cake 1066,General,25.0,,3,active,https://jygsbebawnkvyaqohxes.supabase.co/storage/v1/object/public/cake-images/converted_webp/resized_0132.webp,2025-02-05 14:09:37+00,2026-05-07 15:25:40.741131+00,2.0,
6f4dede3-0e35-47ba-8d45-e666c917efa7,cake-1349,Cake 1349,Title,-,flavours,"[{""name"":""Butterscotch"",""price"":""1200.0"",""customName"":""""},{""name"":""Strawberry"",""price"":""1200.0"",""customName"":""""},{""name"":""Pineapple"",""price"":""1200.0"",""customName"":""""},{""name"":""Black Forest"",""price"":""1200.0"",""customName"":""""},{""name"":""Mix Fruit"",""price"":""1200.0"",""customName"":""""},{""name"":""Almond Honey"",""price"":""1200.0"",""customName"":""""},{""name"":""Choco Crunch"",""price"":""1200.0"",""customName"":""""},{""name"":""Rainbow"",""price"":""1200.0"",""customName"":""""},{""name"":""Choco Vanilla"",""price"":""1200.0"",""customName"":""""},{""name"":""White Forest"",""price"":""1200.0"",""customName"":""""}]",,,,Moti bakery,,0,0,0,0,0,,Cake 1349,General,1200.0,,10,active,https://jygsbebawnkvyaqohxes.supabase.co/storage/v1/object/public/cake-images/converted_webp/resized_1652767229.webp,2025-02-05 14:47:46+00,2026-05-07 15:28:36.722761+00,6.0,
6f626934-3d78-4e86-b4c2-848b89c98c04,cake-1163,Cake 1163,Title,-,flavours,"[{""name"":""Butterscotch"",""price"":""800.0"",""customName"":""""},{""name"":""Strawberry"",""price"":""800.0"",""customName"":""""},{""name"":""Pineapple"",""price"":""800.0"",""customName"":""""},{""name"":""Black Forest"",""price"":""800.0"",""customName"":""""},{""name"":""Mix Fruit"",""price"":""800.0"",""customName"":""""},{""name"":""Almond Honey"",""price"":""800.0"",""customName"":""""},{""name"":""Choco Crunch"",""price"":""800.0"",""customName"":""""},{""name"":""Rainbow"",""price"":""800.0"",""customName"":""""},{""name"":""Choco Vanilla"",""price"":""800.0"",""customName"":""""},{""name"":""White Forest"",""price"":""800.0"",""customName"":""""}]",,,,Moti bakery,,0,0,0,0,0,,Cake 1163,General,800.0,,10,active,https://jygsbebawnkvyaqohxes.supabase.co/storage/v1/object/public/cake-images/converted_webp/resized_1652691955.webp,2025-02-05 14:09:37+00,2026-05-07 15:26:58.629341+00,4.0,
6fde891a-0533-4e6c-9868-0d47c6b99aa9,cake-460,Cake 460,Title,-,flavours,"[{""name"":""Pineapple"",""price"":""700.0"",""customName"":""""},{""name"":""Butter Scotch"",""price"":""700.0"",""customName"":""""},{""name"":""Strawberry"",""price"":""700.0"",""customName"":""""}]",,,,Moti bakery,,0,0,0,0,0,,Cake 460,General,700.0,,3,active,https://jygsbebawnkvyaqohxes.supabase.co/storage/v1/object/public/cake-images/converted_webp/resized_239.webp,2025-02-05 14:09:37+00,2026-05-07 15:21:34.772558+00,5.0,
71535d5a-5fb3-4eb9-9d72-e495e8cfb5ec,cake-474,Cake 474,Title,-,flavours,"[{""name"":""Pineapple"",""price"":""675.0"",""customName"":""""},{""name"":""Butterscotch"",""price"":""675.0"",""customName"":""""},{""name"":""Strawberry"",""price"":""675.0"",""customName"":""""},{""name"":""Almond Honey"",""price"":""675.0"",""customName"":""""},{""name"":""Caramel Crunch"",""price"":""675.0"",""customName"":""""},{""name"":""Redvelvet"",""price"":""675.0"",""customName"":""""}]",,,,Moti bakery,,0,0,0,0,0,,Cake 474,General,675.0,,6,active,https://jygsbebawnkvyaqohxes.supabase.co/storage/v1/object/public/cake-images/converted_webp/resized_1576604885328.webp,2025-02-05 16:06:44+00,2026-05-07 15:21:42.108961+00,6.0,
71749e5c-6557-484a-b4bc-d89b15e6c638,cake-100,Cake 100,Title,-,flavours,"[{""name"":""Pineapple"",""price"":""700.0"",""customName"":""""},{""name"":""Butter Scotch"",""price"":""700.0"",""customName"":""""},{""name"":""Strawberry"",""price"":""700.0"",""customName"":""""}]",,,,Moti bakery,,0,0,0,0,0,,Cake 100,General,700.0,,3,active,https://jygsbebawnkvyaqohxes.supabase.co/storage/v1/object/public/cake-images/converted_webp/000100.webp,2025-02-05 14:09:37+00,2026-05-07 15:19:53.775674+00,1.5,
7193e833-12ed-412c-a4f0-c1c7e08874d9,cake-1159,Cake 1159,Title,-,flavours,"[{""name"":""Butterscotch"",""price"":""825.0"",""customName"":""""},{""name"":""Strawberry"",""price"":""825.0"",""customName"":""""},{""name"":""Pineapple"",""price"":""825.0"",""customName"":""""},{""name"":""Black Forest"",""price"":""825.0"",""customName"":""""},{""name"":""Mix Fruit"",""price"":""825.0"",""customName"":""""},{""name"":""Almond Honey"",""price"":""825.0"",""customName"":""""},{""name"":""Choco Crunch"",""price"":""825.0"",""customName"":""""},{""name"":""Rainbow"",""price"":""825.0"",""customName"":""""},{""name"":""Choco Vanilla"",""price"":""825.0"",""customName"":""""},{""name"":""White Forest"",""price"":""825.0"",""customName"":""""}]",,,,Moti bakery,,0,0,0,0,0,,Cake 1159,General,825.0,,10,active,https://jygsbebawnkvyaqohxes.supabase.co/storage/v1/object/public/cake-images/converted_webp/resized_1652688318.webp,2025-02-05 14:09:37+00,2026-05-07 15:26:56.473872+00,3.0,
7195f601-cb4a-436f-8082-0a45cc5db82c,cake-939,Cake 939,Title,-,flavours,"[{""name"":""Pineapple"",""price"":""1200.0"",""customName"":""""},{""name"":""Butter Scotch"",""price"":""1200.0"",""customName"":""""},{""name"":""Strawberry"",""price"":""1200.0"",""customName"":""""}]",,,,Moti bakery,,0,0,0,0,0,,Cake 939,General,1200.0,,3,active,https://jygsbebawnkvyaqohxes.supabase.co/storage/v1/object/public/cake-images/converted_webp/00446.webp,2025-02-05 14:30:58+00,2026-05-07 15:24:30.366648+00,2.0,
71ab29fe-1e91-4562-8ccd-8ef4ca0f6283,cake-539,Cake 539,Title,-,flavours,"[{""name"":""Pineapple"",""price"":""725.0"",""customName"":""""},{""name"":""Butter Scotch"",""price"":""725.0"",""customName"":""""},{""name"":""Strawberry"",""price"":""725.0"",""customName"":""""},{""name"":""Almond Honey"",""price"":""725.0"",""customName"":""""},{""name"":""Caramel Crunch"",""price"":""725.0"",""customName"":""""},{""name"":""Redvelvet"",""price"":""725.0"",""customName"":""""}]",,,,Moti bakery,,0,0,0,0,0,,Cake 539,General,725.0,,6,active,https://jygsbebawnkvyaqohxes.supabase.co/storage/v1/object/public/cake-images/converted_webp/resized_FBIMG1602268695627.webp,2025-02-05 16:25:44+00,2026-05-07 15:22:20.657058+00,5.0,
7204086e-cd18-442b-b711-6445fb779b32,cake-535,Cake 535,Title,-,flavours,"[{""name"":""Pineapple"",""price"":""725.0"",""customName"":""""},{""name"":""Butter Scotch"",""price"":""725.0"",""customName"":""""},{""name"":""Strawberry"",""price"":""725.0"",""customName"":""""},{""name"":""Almond Honey"",""price"":""725.0"",""customName"":""""},{""name"":""Caramel Crunch"",""price"":""725.0"",""customName"":""""},{""name"":""Redvelvet"",""price"":""725.0"",""customName"":""""}]",,,,Moti bakery,,0,0,0,0,0,,Cake 535,General,725.0,,6,active,https://jygsbebawnkvyaqohxes.supabase.co/storage/v1/object/public/cake-images/converted_webp/resized_FBIMG1601226396768.webp,2025-02-05 16:25:11+00,2026-05-07 15:22:18.668591+00,5.0,
72f213a4-1c4b-4069-b1e3-afac30e86a95,cake-860,Cake 860,Title,-,flavours,"[{""name"":""Butterscotch"",""price"":""725.0"",""customName"":""""},{""name"":""Strawberry"",""price"":""725.0"",""customName"":""""},{""name"":""Pineapple"",""price"":""725.0"",""customName"":""""},{""name"":""Black Forest"",""price"":""725.0"",""customName"":""""},{""name"":""Mix Fruit"",""price"":""725.0"",""customName"":""""},{""name"":""Almond Honey"",""price"":""725.0"",""customName"":""""},{""name"":""Choco Crunch"",""price"":""725.0"",""customName"":""""},{""name"":""Rainbow"",""price"":""725.0"",""customName"":""""},{""name"":""Choco Vanilla"",""price"":""725.0"",""customName"":""""},{""name"":""White Forest"",""price"":""725.0"",""customName"":""""}]",,,,Moti bakery,,0,0,0,0,0,,Cake 860,General,725.0,,10,active,https://jygsbebawnkvyaqohxes.supabase.co/storage/v1/object/public/cake-images/converted_webp/resized_1652705810.webp,2025-02-05 14:09:37+00,2026-05-07 15:24:06.189297+00,5.0,
73560253-4a49-47e0-8dbd-40aadc3a25e6,cake-625,Cake 625,Title,-,flavours,"[{""name"":""Choco Cake"",""price"":""700.0"",""customName"":""""}]",,,,Moti bakery,,0,0,0,0,0,,Cake 625,General,700.0,,1,active,https://jygsbebawnkvyaqohxes.supabase.co/storage/v1/object/public/cake-images/converted_webp/resized_1ChocFantasy1Copy.webp,2025-02-05 14:09:37+00,2026-05-07 15:22:25.739763+00,,
73cd723f-b869-4d08-a966-36dba5287180,cake-469,Cake 469,Title,-,flavours,"[{""name"":""Pineapple"",""price"":""825.0"",""customName"":""""},{""name"":""Butter Scotch"",""price"":""825.0"",""customName"":""""},{""name"":""Strawberry"",""price"":""825.0"",""customName"":""""}]",,,,Moti bakery,,0,0,0,0,0,,Cake 469,General,825.0,,3,active,https://jygsbebawnkvyaqohxes.supabase.co/storage/v1/object/public/cake-images/converted_webp/resized_229.webp,2025-02-05 14:09:37+00,2026-05-07 15:21:39.664701+00,4.0,
7427ec61-10d0-4345-a98b-a293cc96e355,cake-781,Cake 781,Title,-,flavours,"[{""name"":""Pineapple"",""price"":""675.0"",""customName"":""""},{""name"":""Butter Scotch"",""price"":""675.0"",""customName"":""""},{""name"":""Strawberry"",""price"":""675.0"",""customName"":""""}]",,,,Moti bakery,,0,0,0,0,0,,Cake 781,General,675.0,,3,active,https://jygsbebawnkvyaqohxes.supabase.co/storage/v1/object/public/cake-images/converted_webp/resized_1576596140975.webp,2025-02-05 16:31:06+00,2026-05-07 15:23:27.341527+00,4.0,
74cc3079-11be-4f40-a6d8-1d67eefebdbb,cake-1299,Cake 1299,Title,-,flavours,"[{""name"":""Butterscotch"",""price"":""725.0"",""customName"":""""},{""name"":""Strawberry"",""price"":""725.0"",""customName"":""""},{""name"":""Pineapple"",""price"":""725.0"",""customName"":""""},{""name"":""Black Forest"",""price"":""725.0"",""customName"":""""},{""name"":""Mix Fruit"",""price"":""725.0"",""customName"":""""},{""name"":""Almond Honey"",""price"":""725.0"",""customName"":""""},{""name"":""Choco Crunch"",""price"":""725.0"",""customName"":""""},{""name"":""Rainbow"",""price"":""725.0"",""customName"":""""},{""name"":""Choco Vanilla"",""price"":""725.0"",""customName"":""""},{""name"":""White Forest"",""price"":""725.0"",""customName"":""""}]",,,,Moti bakery,,0,0,0,0,0,,Cake 1299,General,725.0,,10,active,https://jygsbebawnkvyaqohxes.supabase.co/storage/v1/object/public/cake-images/converted_webp/resized_1652706445.webp,2025-02-05 14:09:37+00,2026-05-07 15:28:09.366368+00,4.0,
75047b02-54ff-4679-9af0-a67290c26854,cake-439,Cake 439,Title,-,flavours,"[{""name"":""Pineapple"",""price"":""675.0"",""customName"":""""},{""name"":""Butter Scotch"",""price"":""675.0"",""customName"":""""},{""name"":""Strawberry"",""price"":""675.0"",""customName"":""""}]",,,,Moti bakery,,0,0,0,0,0,,Cake 439,General,675.0,,3,active,https://jygsbebawnkvyaqohxes.supabase.co/storage/v1/object/public/cake-images/converted_webp/resized_247.webp,2025-02-05 14:09:37+00,2026-05-07 15:21:23.746122+00,5.0,
75081bec-0c43-4041-93ef-4b9a862fcd2c,cake-545,Cake 545,Title,-,flavours,"[{""name"":""Pineapple"",""price"":""725.0"",""customName"":""""},{""name"":""Butter Scotch"",""price"":""725.0"",""customName"":""""},{""name"":""Strawberry"",""price"":""725.0"",""customName"":""""},{""name"":""Almond Honey"",""price"":""725.0"",""customName"":""""},{""name"":""Caramel Crunch"",""price"":""725.0"",""customName"":""""},{""name"":""Redvelvet"",""price"":""725.0"",""customName"":""""}]",,,,Moti bakery,,0,0,0,0,0,,Cake 545,General,725.0,,6,active,https://jygsbebawnkvyaqohxes.supabase.co/storage/v1/object/public/cake-images/converted_webp/resized_545.webp,2025-02-05 14:09:37+00,2026-05-07 15:22:23.428362+00,8.0,
75323447-aad7-4d89-a1bd-665b1e3e8c2d,cake-903,Cake 903,Title,-,flavours,"[{""name"":""Pineapple"",""price"":""1200.0"",""customName"":""""},{""name"":""Butter Scotch"",""price"":""1200.0"",""customName"":""""},{""name"":""Strawberry"",""price"":""1200.0"",""customName"":""""}]",,,,Moti bakery,,0,0,0,0,0,,Cake 903,General,1200.0,,3,active,https://jygsbebawnkvyaqohxes.supabase.co/storage/v1/object/public/cake-images/converted_webp/00409.webp,2025-02-05 14:47:46+00,2026-05-07 15:24:09.896619+00,12.0,
7588a436-a254-4953-824e-46e178bd701a,cake-482,Cake 482,Title,-,flavours,"[{""name"":""Pineapple"",""price"":""675.0"",""customName"":""""},{""name"":""Butter Scotch"",""price"":""675.0"",""customName"":""""},{""name"":""Strawberry"",""price"":""675.0"",""customName"":""""},{""name"":""Almond Honey"",""price"":""675.0"",""customName"":""""},{""name"":""Caramel Crunch"",""price"":""675.0"",""customName"":""""},{""name"":""Redvelvet"",""price"":""675.0"",""customName"":""""}]",,,,Moti bakery,,0,0,0,0,0,,Cake 482,General,675.0,,6,active,https://jygsbebawnkvyaqohxes.supabase.co/storage/v1/object/public/cake-images/converted_webp/resized_1576604904722.webp,2025-02-05 16:07:35+00,2026-05-07 15:21:47.94659+00,6.0,
768aa6e3-c220-4242-8865-09ede08094e6,cake-849,Cake 849,Title,-,flavours,"[{""name"":""Pineapple"",""price"":""725.0"",""customName"":""""},{""name"":""Butterscotch"",""price"":""725.0"",""customName"":""""},{""name"":""Strawberry"",""price"":""725.0"",""customName"":""""},{""name"":""Caramel Crunch"",""price"":""725.0"",""customName"":""""},{""name"":""Red Velvet"",""price"":""725.0"",""customName"":""""},{""name"":""Almond Honey"",""price"":""725.0"",""customName"":""""}]",,,,Moti bakery,,0,0,0,0,0,,Cake 849,General,725.0,,6,active,https://jygsbebawnkvyaqohxes.supabase.co/storage/v1/object/public/cake-images/converted_webp/resized_IMG20180926WA0045.webp,2025-02-05 16:37:30+00,2026-05-07 15:24:00.548656+00,2.5,
76b5ec4e-2422-4c9d-a5a8-6f3d0c425535,cake-102,Cake 102,Title,-,flavours,"[{""name"":""Pineapple"",""price"":""650.0"",""customName"":""""},{""name"":""Butter Scotch"",""price"":""650.0"",""customName"":""""},{""name"":""Strawberry"",""price"":""650.0"",""customName"":""""}]",,,,Moti bakery,,0,0,0,0,0,,Cake 102,General,650.0,,3,active,https://jygsbebawnkvyaqohxes.supabase.co/storage/v1/object/public/cake-images/converted_webp/resized_0102.webp,2025-02-05 14:09:37+00,2026-05-07 15:19:56.573629+00,1.0,
76c46ef4-9e2a-45cb-9718-a543b14b1262,cake-534,Cake 534,Title,-,flavours,"[{""name"":""Pineapple"",""price"":""675.0"",""customName"":""""},{""name"":""Butterscotch"",""price"":""675.0"",""customName"":""""},{""name"":""Strawberry"",""price"":""675.0"",""customName"":""""},{""name"":""Almond Honey"",""price"":""675.0"",""customName"":""""},{""name"":""Caramel Crunch"",""price"":""675.0"",""customName"":""""},{""name"":""Redvelvet"",""price"":""675.0"",""customName"":""""}]",,,,Moti bakery,,0,0,0,0,0,,Cake 534,General,675.0,,6,active,https://jygsbebawnkvyaqohxes.supabase.co/storage/v1/object/public/cake-images/converted_webp/resized_IMG20200823WA0017.webp,2025-02-05 16:24:39+00,2026-05-07 15:22:18.057261+00,6.0,
7723da19-650f-4407-8f47-a9a72f26c766,cake-199,Cake 199,Title,-,flavours,"[{""name"":""Pineapple"",""price"":""700.0"",""customName"":""""},{""name"":""Butter Scotch"",""price"":""700.0"",""customName"":""""},{""name"":""Strawberry"",""price"":""700.0"",""customName"":""""},{""name"":""Almond Honey"",""price"":""700.0"",""customName"":""""},{""name"":""Caramel Crunch"",""price"":""700.0"",""customName"":""""},{""name"":""Redvelvet"",""price"":""700.0"",""customName"":""""}]",,,,Moti bakery,,0,0,0,0,0,,Cake 199,General,700.0,,6,active,https://jygsbebawnkvyaqohxes.supabase.co/storage/v1/object/public/cake-images/converted_webp/resized_FBIMG1562518175688.webp,2025-02-05 15:49:40+00,2026-05-07 15:20:45.795921+00,2.5,
775c3cfa-87f8-41f4-b544-c59c460da29f,cake-1023,Cake 1023,Title,-,flavours,"[{""name"":""Pineapple"",""price"":""1200.0"",""customName"":""""},{""name"":""Butters Cotch"",""price"":""1200.0"",""customName"":""""},{""name"":""Strawberry"",""price"":""1200.0"",""customName"":""""}]",,,,Moti bakery,,0,0,0,0,0,,Cake 1023,General,1200.0,,3,active,https://jygsbebawnkvyaqohxes.supabase.co/storage/v1/object/public/cake-images/converted_webp/resized_00530.webp,2025-02-05 14:47:46+00,2026-05-07 15:25:16.127307+00,2.5,
77dd0d49-6c1c-4165-9b5e-c087d5ff6877,cake-740,Cake 740,Title,-,flavours,"[{""name"":""Pineapple"",""price"":""725.0"",""customName"":""""},{""name"":""Butter Scotch"",""price"":""725.0"",""customName"":""""},{""name"":""Strawberry"",""price"":""725.0"",""customName"":""""}]",,,,Moti bakery,,0,0,0,0,0,,Cake 740,General,725.0,,3,active,https://jygsbebawnkvyaqohxes.supabase.co/storage/v1/object/public/cake-images/converted_webp/resized_353.webp,2025-02-05 14:09:37+00,2026-05-07 15:23:05.914593+00,5.0,
77f6a0d8-aeef-4b27-a729-d847e6614c6c,cake-411,Cake 411,Title,-,flavours,"[{""name"":""Pineapple"",""price"":""1200.0"",""customName"":""""},{""name"":""Butter Scotch"",""price"":""1200.0"",""customName"":""""},{""name"":""Strawberry"",""price"":""1200.0"",""customName"":""""}]",,,,Moti bakery,,0,0,0,0,0,,Cake 411,General,1200.0,,3,active,https://jygsbebawnkvyaqohxes.supabase.co/storage/v1/object/public/cake-images/converted_webp/00410.webp,2025-02-05 14:47:46+00,2026-05-07 15:21:09.033779+00,7.0,
784095e5-d13c-4c7e-a1fe-c778c7e868f4,cake-71,Cake 71,Title,-,flavours,"[{""name"":""Pineapple"",""price"":""675.0"",""customName"":""""},{""name"":""Butter Scotch"",""price"":""675.0"",""customName"":""""},{""name"":""Strawberry"",""price"":""675.0"",""customName"":""""}]",,,,Moti bakery,,0,0,0,0,0,,Cake 71,General,675.0,,3,active,https://jygsbebawnkvyaqohxes.supabase.co/storage/v1/object/public/cake-images/converted_webp/00071.webp,2025-02-05 14:09:37+00,2026-05-07 15:19:36.515828+00,2.0,
7884937d-775f-419e-91f2-a4a50f163aa4,cake-1365,Cake 1365,Title,-,flavours,"[{""name"":""Butterscotch"",""price"":""1200.0"",""customName"":""""},{""name"":""Strawberry"",""price"":""1200.0"",""customName"":""""},{""name"":""Pineapple"",""price"":""1200.0"",""customName"":""""},{""name"":""Black Forest"",""price"":""1200.0"",""customName"":""""},{""name"":""Mix Fruit"",""price"":""1200.0"",""customName"":""""},{""name"":""Almond Honey"",""price"":""1200.0"",""customName"":""""},{""name"":""Choco Crunch"",""price"":""1200.0"",""customName"":""""},{""name"":""Rainbow"",""price"":""1200.0"",""customName"":""""},{""name"":""Choco Vanilla"",""price"":""1200.0"",""customName"":""""},{""name"":""White Forest"",""price"":""1200.0"",""customName"":""""}]",,,,Moti bakery,,0,0,0,0,0,,Cake 1365,General,1200.0,,10,active,https://jygsbebawnkvyaqohxes.supabase.co/storage/v1/object/public/cake-images/converted_webp/resized_1652767827.webp,2025-02-05 14:47:46+00,2026-05-07 15:28:46.161752+00,5.0,
78903e65-fb55-4e94-98b0-01e411475801,cake-733,Cake 733,Title,-,flavours,"[{""name"":""Pineapple"",""price"":""675.0"",""customName"":""""},{""name"":""Butter Scotch"",""price"":""675.0"",""customName"":""""},{""name"":""Strawberry"",""price"":""675.0"",""customName"":""""}]",,,,Moti bakery,,0,0,0,0,0,,Cake 733,General,675.0,,3,active,https://jygsbebawnkvyaqohxes.supabase.co/storage/v1/object/public/cake-images/converted_webp/resized_334.webp,2025-02-05 14:09:37+00,2026-05-07 15:23:02.007553+00,1.0,
79bf8b52-82e1-48e7-aecb-ab612ed10dd2,cake-1073,Cake 1073,Title,-,flavours,"[{""name"":""Pineapple"",""price"":""1100.0"",""customName"":""""},{""name"":""Butter Scotch"",""price"":""1100.0"",""customName"":""""},{""name"":""Stawberry"",""price"":""1100.0"",""customName"":""""},{""name"":""Caramel Crunch"",""price"":""1100.0"",""customName"":""""},{""name"":""Almond Honey"",""price"":""1100.0"",""customName"":""""},{""name"":""Redvelvet"",""price"":""1100.0"",""customName"":""""}]",,,,Moti bakery,,0,0,0,0,0,,Cake 1073,General,1100.0,,6,active,https://jygsbebawnkvyaqohxes.supabase.co/storage/v1/object/public/cake-images/converted_webp/resized_1576596365074.webp,2025-02-05 14:48:44+00,2026-05-07 15:25:45.228266+00,3.0,
7a63b8e2-d4f1-44d2-bfea-85219df22ac4,cake-440,Cake 440,Title,-,flavours,"[{""name"":""Pineapple"",""price"":""675.0"",""customName"":""""},{""name"":""Butter Scotch"",""price"":""675.0"",""customName"":""""},{""name"":""Strawberry"",""price"":""675.0"",""customName"":""""}]",,,,Moti bakery,,0,0,0,0,0,,Cake 440,General,675.0,,3,active,https://jygsbebawnkvyaqohxes.supabase.co/storage/v1/object/public/cake-images/converted_webp/resized_248.webp,2025-02-05 14:09:37+00,2026-05-07 15:21:24.287216+00,5.0,
7a677281-6787-4b89-8b20-401564c8e126,cake-1018,Cake 1018,Title,-,flavours,"[{""name"":""Pineapple"",""price"":""1200.0"",""customName"":""""},{""name"":""Butters Cotch"",""price"":""1200.0"",""customName"":""""},{""name"":""Strawberry"",""price"":""1200.0"",""customName"":""""}]",,,,Moti bakery,,0,0,0,0,0,,Cake 1018,General,1200.0,,3,active,https://jygsbebawnkvyaqohxes.supabase.co/storage/v1/object/public/cake-images/converted_webp/resized_00525.webp,2025-02-05 14:47:46+00,2026-05-07 15:25:13.280259+00,2.5,
7ab0b5e5-20cd-4b86-8a32-258b690016de,cake-25,Cake 25,Title,-,flavours,"[{""name"":""Pineapple"",""price"":""725.00"",""customName"":""""},{""name"":""Butterscotch"",""price"":""700.00"",""customName"":""""},{""name"":""Strawberry"",""price"":""700.00"",""customName"":""""}]",,,,Moti bakery,,0,0,0,0,0,,Cake 25,General,700.00,,3,active,https://jygsbebawnkvyaqohxes.supabase.co/storage/v1/object/public/cake-images/converted_webp/resized_025.webp,2026-04-01 08:33:40.519523+00,2026-05-07 15:19:09.12197+00,,
7ac397a8-8495-4d6a-b3e0-01d965b010af,cake-812,Cake 812,Title,-,flavours,"[{""name"":""Pineapple"",""price"":""700.0"",""customName"":""""},{""name"":""Butter Scotch"",""price"":""700.0"",""customName"":""""},{""name"":""Strawberry"",""price"":""700.0"",""customName"":""""}]",,,,Moti bakery,,0,0,0,0,0,,Cake 812,General,700.0,,3,active,https://jygsbebawnkvyaqohxes.supabase.co/storage/v1/object/public/cake-images/converted_webp/resized_377.webp,2025-02-05 14:09:37+00,2026-05-07 15:23:41.835643+00,4.0,
7ae7514a-12d3-41ac-bee1-99fd68ca23b3,cake-730,Cake 730,Title,-,flavours,"[{""name"":""Pineapple"",""price"":""750.0"",""customName"":""""},{""name"":""Butter Scotch"",""price"":""750.0"",""customName"":""""},{""name"":""Strawberry"",""price"":""750.0"",""customName"":""""}]",,,,Moti bakery,,0,0,0,0,0,,Cake 730,General,750.0,,3,active,https://jygsbebawnkvyaqohxes.supabase.co/storage/v1/object/public/cake-images/converted_webp/resized_331.webp,2025-02-05 14:09:37+00,2026-05-07 15:23:00.342692+00,3.0,
7bade106-0560-49ee-a356-23af54ca1a06,cake-524,Cake 524,Title,-,flavours,"[{""name"":""Pineapple"",""price"":""725.0"",""customName"":""""},{""name"":""Butter Scotch"",""price"":""725.0"",""customName"":""""},{""name"":""Strawberry"",""price"":""725.0"",""customName"":""""},{""name"":""Almond Honey"",""price"":""725.0"",""customName"":""""},{""name"":""Caramel Crunch"",""price"":""725.0"",""customName"":""""},{""name"":""Redvelvet"",""price"":""725.0"",""customName"":""""}]",,,,Moti bakery,,0,0,0,0,0,,Cake 524,General,725.0,,6,active,https://jygsbebawnkvyaqohxes.supabase.co/storage/v1/object/public/cake-images/converted_webp/resized_FBIMG1579161888498.webp,2025-02-05 16:23:15+00,2026-05-07 15:22:12.724494+00,6.0,
7bf9bf4a-a58e-4d66-95d1-68eafa5a60e6,cake-1331,Cake 1331,Title,-,flavours,"[{""name"":""Butterscotch"",""price"":""1200.0"",""customName"":""""},{""name"":""Strawberry"",""price"":""1200.0"",""customName"":""""},{""name"":""Pineapple"",""price"":""1200.0"",""customName"":""""},{""name"":""Black Forest"",""price"":""1200.0"",""customName"":""""},{""name"":""Mix Fruit"",""price"":""1200.0"",""customName"":""""},{""name"":""Almond Honey"",""price"":""1200.0"",""customName"":""""},{""name"":""Choco Crunch"",""price"":""1200.0"",""customName"":""""},{""name"":""Rainbow"",""price"":""1200.0"",""customName"":""""},{""name"":""Choco Vanilla"",""price"":""1200.0"",""customName"":""""},{""name"":""White Forest"",""price"":""1200.0"",""customName"":""""}]",,,,Moti bakery,,0,0,0,0,0,,Cake 1331,General,1200.0,,10,active,https://jygsbebawnkvyaqohxes.supabase.co/storage/v1/object/public/cake-images/converted_webp/resized_1652710122.webp,2025-02-05 14:47:46+00,2026-05-07 15:28:27.097236+00,7.0,
7c2c48dc-d243-432d-b677-c82c427bea61,cake-1065,Cake 1065,Title,-,flavours,"[{""name"":""Pineapple"",""price"":""1200.0"",""customName"":""""},{""name"":""Butterscotch"",""price"":""1200.0"",""customName"":""""},{""name"":""Stawberry"",""price"":""1200.0"",""customName"":""""},{""name"":""Caramel Crunch"",""price"":""1200.0"",""customName"":""""},{""name"":""Almond Honey"",""price"":""1200.0"",""customName"":""""},{""name"":""Redvelvet"",""price"":""1200.0"",""customName"":""""}]",,,,Moti bakery,,0,0,0,0,0,,Cake 1065,General,1200.0,,6,active,https://jygsbebawnkvyaqohxes.supabase.co/storage/v1/object/public/cake-images/converted_webp/00057.webp,2025-02-05 14:48:44+00,2026-05-07 15:25:40.113584+00,1.5,
7c74e368-6116-4981-88e8-8b2f65a7436f,cake-409,Cake 409,Title,-,flavours,"[{""name"":""Pineapple"",""price"":""675.0"",""customName"":""""},{""name"":""Butter Scotch"",""price"":""675.0"",""customName"":""""},{""name"":""Strawberry"",""price"":""675.0"",""customName"":""""}]",,,,Moti bakery,,0,0,0,0,0,,Cake 409,General,675.0,,3,active,https://jygsbebawnkvyaqohxes.supabase.co/storage/v1/object/public/cake-images/converted_webp/resized_195.webp,2025-02-05 14:14:22+00,2026-05-07 15:21:07.926115+00,3.0,
7cd7c6b1-35be-41e1-9300-a7502809e2b3,cake-205,Cake 205,Title,-,flavours,"[{""name"":""Pineapple"",""price"":""700.0"",""customName"":""""},{""name"":""Butter Scotch"",""price"":""700.0"",""customName"":""""},{""name"":""Strawberry"",""price"":""700.0"",""customName"":""""},{""name"":""Almond Honey"",""price"":""700.0"",""customName"":""""},{""name"":""Caramel Crunch"",""price"":""700.0"",""customName"":""""},{""name"":""Redvelvet"",""price"":""700.0"",""customName"":""""}]",,,,Moti bakery,,0,0,0,0,0,,Cake 205,General,700.0,,6,active,https://jygsbebawnkvyaqohxes.supabase.co/storage/v1/object/public/cake-images/converted_webp/resized_FBIMG1577765820213.webp,2025-02-05 15:50:36+00,2026-05-07 15:20:50.307857+00,3.0,
7e3668c7-134e-47f1-8122-c7450229f3c5,cake-763,Cake 763,Title,-,flavours,"[{""name"":""Pineapple"",""price"":""675.0"",""customName"":""""},{""name"":""Butter Scotch"",""price"":""675.0"",""customName"":""""},{""name"":""Strawberry"",""price"":""675.0"",""customName"":""""}]",,,,Moti bakery,,0,0,0,0,0,,Cake 763,General,675.0,,3,active,https://jygsbebawnkvyaqohxes.supabase.co/storage/v1/object/public/cake-images/converted_webp/resized_349.webp,2025-02-05 14:09:37+00,2026-05-07 15:23:17.866008+00,2.0,
7e683ca0-914b-42f5-805f-2d54b84aa397,cake-143,Cake 143,Title,-,flavours,"[{""name"":""Pineapple"",""price"":""650.0"",""customName"":""""},{""name"":""Butter Scotch"",""price"":""650.0"",""customName"":""""},{""name"":""Strawberry"",""price"":""650.0"",""customName"":""""}]",,,,Moti bakery,,0,0,0,0,0,,Cake 143,General,650.0,,3,active,https://jygsbebawnkvyaqohxes.supabase.co/storage/v1/object/public/cake-images/converted_webp/resized_0143.webp,2025-02-05 14:09:37+00,2026-05-07 15:20:17.623118+00,1.0,
7e85346b-8fef-4ca9-b30e-50a25a182204,cake-1232,Cake 1232,Title,-,flavours,"[{""name"":""Butterscotch"",""price"":""825.0"",""customName"":""""},{""name"":""Strawberry"",""price"":""825.0"",""customName"":""""},{""name"":""Pineapple"",""price"":""825.0"",""customName"":""""},{""name"":""Black Forest"",""price"":""825.0"",""customName"":""""},{""name"":""Mix Fruit"",""price"":""825.0"",""customName"":""""},{""name"":""Almond Honey"",""price"":""825.0"",""customName"":""""},{""name"":""Choco Crunch"",""price"":""825.0"",""customName"":""""},{""name"":""Rainbow"",""price"":""825.0"",""customName"":""""},{""name"":""Choco Vanilla"",""price"":""825.0"",""customName"":""""},{""name"":""White Forest"",""price"":""825.0"",""customName"":""""}]",,,,Moti bakery,,0,0,0,0,0,,Cake 1232,General,825.0,,10,active,https://jygsbebawnkvyaqohxes.supabase.co/storage/v1/object/public/cake-images/converted_webp/resized_1652699466.webp,2025-02-05 14:09:37+00,2026-05-07 15:27:36.409364+00,5.0,
7e8ab177-5e99-4178-81bf-f9f02fb28cc6,cake-813,Cake 813,Title,-,flavours,"[{""name"":""Pineapple"",""price"":""700.0"",""customName"":""""},{""name"":""Butter Scotch"",""price"":""700.0"",""customName"":""""},{""name"":""Strawberry"",""price"":""700.0"",""customName"":""""}]",,,,Moti bakery,,0,0,0,0,0,,Cake 813,General,700.0,,3,active,https://jygsbebawnkvyaqohxes.supabase.co/storage/v1/object/public/cake-images/converted_webp/resized_378.webp,2025-02-05 14:09:37+00,2026-05-07 15:23:42.647436+00,3.0,
7f626030-69c0-4096-9faa-1f1b96df0511,cake-962,Cake 962,Title,-,flavours,"[{""name"":""Pineapple"",""price"":""1200.0"",""customName"":""""},{""name"":""Butter Scotch"",""price"":""1200.0"",""customName"":""""},{""name"":""Strawberry"",""price"":""1200.0"",""customName"":""""}]",,,,Moti bakery,,0,0,0,0,0,,Cake 962,General,1200.0,,3,active,https://jygsbebawnkvyaqohxes.supabase.co/storage/v1/object/public/cake-images/converted_webp/00470.webp,2025-02-05 14:37:10+00,2026-05-07 15:24:42.84216+00,3.0,
7f635ae5-8181-4076-9086-709be06960c1,cake-31,Cake 31,Title,-,flavours,"[{""name"":""Pineapple"",""price"":""650.0"",""customName"":""""},{""name"":""Butter Scotch"",""price"":""650.0"",""customName"":""""},{""name"":""Strawberry"",""price"":""650.0"",""customName"":""""}]",,,,Moti bakery,,0,0,0,0,0,,Cake 31,General,650.0,,3,active,https://jygsbebawnkvyaqohxes.supabase.co/storage/v1/object/public/cake-images/converted_webp/00031.webp,2025-02-05 14:09:37+00,2026-05-07 15:19:13.086158+00,2.0,
7fbc3369-9cdb-457c-a8de-c80efbe21c1c,cake-1373,Cake 1373,Title,-,flavours,"[{""name"":""Butterscotch"",""price"":""1200.0"",""customName"":""""},{""name"":""Strawberry"",""price"":""1200.0"",""customName"":""""},{""name"":""Pineapple"",""price"":""1200.0"",""customName"":""""},{""name"":""Black Forest"",""price"":""1200.0"",""customName"":""""},{""name"":""Mix Fruit"",""price"":""1200.0"",""customName"":""""},{""name"":""Almond Honey"",""price"":""1200.0"",""customName"":""""},{""name"":""Choco Crunch"",""price"":""1200.0"",""customName"":""""},{""name"":""Rainbow"",""price"":""1200.0"",""customName"":""""},{""name"":""Choco Vanilla"",""price"":""1200.0"",""customName"":""""},{""name"":""White Forest"",""price"":""1200.0"",""customName"":""""}]",,,,Moti bakery,,0,0,0,0,0,,Cake 1373,General,1200.0,,10,active,https://jygsbebawnkvyaqohxes.supabase.co/storage/v1/object/public/cake-images/converted_webp/resized_1652768134.webp,2025-02-05 14:47:46+00,2026-05-07 15:28:50.242403+00,4.0,
7fc61472-a551-44de-9235-6678f8ad1964,cake-1326,Cake 1326,Title,-,flavours,"[{""name"":""Butterscotch"",""price"":""1200.0"",""customName"":""""},{""name"":""Strawberry"",""price"":""1200.0"",""customName"":""""},{""name"":""Pineapple"",""price"":""1200.0"",""customName"":""""},{""name"":""Black Forest"",""price"":""1200.0"",""customName"":""""},{""name"":""Mix Fruit"",""price"":""1200.0"",""customName"":""""},{""name"":""Almond Honey"",""price"":""1200.0"",""customName"":""""},{""name"":""Choco Crunch"",""price"":""1200.0"",""customName"":""""},{""name"":""Rainbow"",""price"":""1200.0"",""customName"":""""},{""name"":""Choco Vanilla"",""price"":""1200.0"",""customName"":""""},{""name"":""White Forest"",""price"":""1200.0"",""customName"":""""}]",,,,Moti bakery,,0,0,0,0,0,,Cake 1326,General,1200.0,,10,active,https://jygsbebawnkvyaqohxes.supabase.co/storage/v1/object/public/cake-images/converted_webp/resized_1652709810.webp,2025-02-05 14:47:46+00,2026-05-07 15:28:24.448631+00,4.0,
7fee5da6-b87d-46f1-9037-54941dad2a40,cake-1058,Cake 1058,Title,-,flavours,"[{""name"":""Pineapple"",""price"":""1200.0"",""customName"":""""},{""name"":""Butter Scotch"",""price"":""1200.0"",""customName"":""""},{""name"":""Strawberry"",""price"":""1200.0"",""customName"":""""}]",,,,Moti bakery,,0,0,0,0,0,,Cake 1058,General,1200.0,,3,active,https://jygsbebawnkvyaqohxes.supabase.co/storage/v1/object/public/cake-images/converted_webp/resized_208.webp,2025-02-05 14:48:44+00,2026-05-07 15:25:36.537817+00,7.0,
80d5476d-5250-4642-8ce6-4d965d3aae3f,cake-506,Cake 506,Title,-,flavours,"[{""name"":""Pineapple"",""price"":""700.0"",""customName"":""""},{""name"":""Butter Scotch"",""price"":""700.0"",""customName"":""""},{""name"":""Strawberry"",""price"":""700.0"",""customName"":""""},{""name"":""Almond Honey"",""price"":""700.0"",""customName"":""""},{""name"":""Caramel Crunch"",""price"":""700.0"",""customName"":""""},{""name"":""Redvelvet"",""price"":""700.0"",""customName"":""""}]",,,,Moti bakery,,0,0,0,0,0,,Cake 506,General,700.0,,6,active,https://jygsbebawnkvyaqohxes.supabase.co/storage/v1/object/public/cake-images/converted_webp/resized_1576596438369.webp,2025-02-05 16:20:14+00,2026-05-07 15:22:01.344995+00,4.0,
8117b7a2-8263-4d92-a939-41769816b8e0,cake-712,Cake 712,Title,-,flavours,"[{""name"":""Pineapple"",""price"":""725.0"",""customName"":""""},{""name"":""Butter Scotch"",""price"":""725.0"",""customName"":""""},{""name"":""Strawberry"",""price"":""725.0"",""customName"":""""}]",,,,Moti bakery,,0,0,0,0,0,,Cake 712,General,725.0,,3,active,https://jygsbebawnkvyaqohxes.supabase.co/storage/v1/object/public/cake-images/converted_webp/resized_313.webp,2025-02-05 14:09:37+00,2026-05-07 15:22:51.333116+00,1.5,
8144f2ea-ee94-46e8-b0d6-31728e7fcc77,cake-62,Cake 62,Title,-,flavours,"[{""name"":""Pineapple"",""price"":""700.0"",""customName"":""""},{""name"":""Butter Scotch"",""price"":""700.0"",""customName"":""""},{""name"":""Strawberry"",""price"":""700.0"",""customName"":""""}]",,,,Moti bakery,,0,0,0,0,0,,Cake 62,General,700.0,,3,active,https://jygsbebawnkvyaqohxes.supabase.co/storage/v1/object/public/cake-images/converted_webp/00062.webp,2025-02-05 15:06:47+00,2026-05-07 15:19:31.651069+00,2.0,
8191e20a-d01f-47da-bc63-e9114a19d394,cake-136,Cake 136,Title,-,flavours,"[{""name"":""Pineapple"",""price"":""800.0"",""customName"":""""},{""name"":""Butter Scotch"",""price"":""800.0"",""customName"":""""},{""name"":""Strawberry"",""price"":""800.0"",""customName"":""""}]",,,,Moti bakery,,0,0,0,0,0,,Cake 136,General,800.0,,3,active,https://jygsbebawnkvyaqohxes.supabase.co/storage/v1/object/public/cake-images/converted_webp/resized_0136.webp,2025-02-05 14:09:37+00,2026-05-07 15:20:13.78237+00,1.0,
81af8c02-d5d9-4c07-86fe-f5acc6fd68d4,cake-1071,Cake 1071,Title,-,flavours,"[{""name"":""Pineapple"",""price"":""1200.0"",""customName"":""""},{""name"":""Butterscotch"",""price"":""1200.0"",""customName"":""""},{""name"":""Stawberry"",""price"":""1200.0"",""customName"":""""},{""name"":""Caramel Crunch"",""price"":""1200.0"",""customName"":""""},{""name"":""Almond Honey"",""price"":""1200.0"",""customName"":""""},{""name"":""Redvelvet"",""price"":""1200.0"",""customName"":""""}]",,,,Moti bakery,,0,0,0,0,0,,Cake 1071,General,1200.0,,6,active,https://jygsbebawnkvyaqohxes.supabase.co/storage/v1/object/public/cake-images/converted_webp/resized_1576596134569.webp,2025-02-05 14:48:44+00,2026-05-07 15:25:44.204654+00,2.5,
81ea407a-deba-412b-9efd-cbf54d28848e,cake-494,Cake 494,Title,-,flavours,"[{""name"":""Pineapple"",""price"":""675.0"",""customName"":""""},{""name"":""Butter Scotch"",""price"":""675.0"",""customName"":""""},{""name"":""Strawberry"",""price"":""675.0"",""customName"":""""},{""name"":""Almond Honey"",""price"":""675.0"",""customName"":""""},{""name"":""Caramel Crunch"",""price"":""675.0"",""customName"":""""},{""name"":""Redvelvet"",""price"":""675.0"",""customName"":""""}]",,,,Moti bakery,,0,0,0,0,0,,Cake 494,General,675.0,,6,active,https://jygsbebawnkvyaqohxes.supabase.co/storage/v1/object/public/cake-images/converted_webp/resized_1576604961852.webp,2025-02-05 16:17:50+00,2026-05-07 15:21:54.428227+00,6.0,
8227006a-8dfa-49be-a921-5d50aa58a550,cake-503,Cake 503,Title,-,flavours,"[{""name"":""Pineapple"",""price"":""725.0"",""customName"":""""},{""name"":""Butter Scotch"",""price"":""725.0"",""customName"":""""},{""name"":""Strawberry"",""price"":""725.0"",""customName"":""""},{""name"":""Almond Honey"",""price"":""725.0"",""customName"":""""},{""name"":""Caramel Crunch"",""price"":""725.0"",""customName"":""""},{""name"":""Redvelvet"",""price"":""725.0"",""customName"":""""}]",,,,Moti bakery,,0,0,0,0,0,,Cake 503,General,725.0,,6,active,https://jygsbebawnkvyaqohxes.supabase.co/storage/v1/object/public/cake-images/converted_webp/resized_FBIMG1562518280857.webp,2025-02-05 16:19:52+00,2026-05-07 15:21:59.7348+00,7.0,
824ea9bd-4086-4463-8b56-2cc7d7907e49,cake-103,Cake 103,Title,-,flavours,"[{""name"":""Pineapple"",""price"":""700.0"",""customName"":""""},{""name"":""Butter Scotch"",""price"":""700.0"",""customName"":""""},{""name"":""Strawberry"",""price"":""700.0"",""customName"":""""}]",,,,Moti bakery,,0,0,0,0,0,,Cake 103,General,700.0,,3,active,https://jygsbebawnkvyaqohxes.supabase.co/storage/v1/object/public/cake-images/converted_webp/resized_0103.webp,2025-02-05 14:09:37+00,2026-05-07 15:19:57.08451+00,2.0,
8250b730-aeb3-4408-984c-d782a36cac7e,cake-1153,Cake 1153,Title,-,flavours,"[{""name"":""Butterscotch"",""price"":""825.0"",""customName"":""""},{""name"":""Strawberry"",""price"":""825.0"",""customName"":""""},{""name"":""Pineapple"",""price"":""825.0"",""customName"":""""},{""name"":""Black Forest"",""price"":""825.0"",""customName"":""""},{""name"":""Mix Fruit"",""price"":""825.0"",""customName"":""""},{""name"":""Almond Honey"",""price"":""825.0"",""customName"":""""},{""name"":""Choco Crunch"",""price"":""825.0"",""customName"":""""},{""name"":""Rainbow"",""price"":""825.0"",""customName"":""""},{""name"":""Choco Vanilla"",""price"":""825.0"",""customName"":""""},{""name"":""White Forest"",""price"":""825.0"",""customName"":""""}]",,,,Moti bakery,,0,0,0,0,0,,Cake 1153,General,825.0,,10,active,https://jygsbebawnkvyaqohxes.supabase.co/storage/v1/object/public/cake-images/converted_webp/resized_1652687823.webp,2025-02-05 14:09:37+00,2026-05-07 15:26:53.102125+00,3.0,
82a8e2d3-93a0-43a1-9fe9-52327ee05751,cake-1325,Cake 1325,Title,-,flavours,"[{""name"":""Butterscotch"",""price"":""1200.0"",""customName"":""""},{""name"":""Strawberry"",""price"":""1200.0"",""customName"":""""},{""name"":""Pineapple"",""price"":""1200.0"",""customName"":""""},{""name"":""Black Forest"",""price"":""1200.0"",""customName"":""""},{""name"":""Mix Fruit"",""price"":""1200.0"",""customName"":""""},{""name"":""Almond Honey"",""price"":""1200.0"",""customName"":""""},{""name"":""Choco Crunch"",""price"":""1200.0"",""customName"":""""},{""name"":""Rainbow"",""price"":""1200.0"",""customName"":""""},{""name"":""Choco Vanilla"",""price"":""1200.0"",""customName"":""""},{""name"":""White Forest"",""price"":""1200.0"",""customName"":""""}]",,,,Moti bakery,,0,0,0,0,0,,Cake 1325,General,1200.0,,10,active,https://jygsbebawnkvyaqohxes.supabase.co/storage/v1/object/public/cake-images/converted_webp/resized_1652709762.webp,2025-02-05 14:47:46+00,2026-05-07 15:28:23.715376+00,7.0,
831c4d74-d377-411f-abfd-7d79d91126b1,cake-543,Cake 543,Title,-,flavours,"[{""name"":""Pineapple"",""price"":""675.0"",""customName"":""""},{""name"":""Butter Scotch"",""price"":""675.0"",""customName"":""""},{""name"":""Strawberry"",""price"":""675.0"",""customName"":""""},{""name"":""Almond Honey"",""price"":""675.0"",""customName"":""""},{""name"":""Caramel Crunch"",""price"":""675.0"",""customName"":""""},{""name"":""Redvelvet"",""price"":""675.0"",""customName"":""""}]",,,,Moti bakery,,0,0,0,0,0,,Cake 543,General,675.0,,6,active,https://jygsbebawnkvyaqohxes.supabase.co/storage/v1/object/public/cake-images/converted_webp/resized_IMG20200904WA0042.webp,2025-02-05 16:26:16+00,2026-05-07 15:22:22.476862+00,3.0,
8326db24-dee9-4d0c-88c6-daf3472694ae,cake-834,Cake 834,Title,-,flavours,"[{""name"":""Pineapple"",""price"":""725.0"",""customName"":""""},{""name"":""Butter Scotch"",""price"":""725.0"",""customName"":""""},{""name"":""Strawberry"",""price"":""725.0"",""customName"":""""}]",,,,Moti bakery,,0,0,0,0,0,,Cake 834,General,725.0,,3,active,https://jygsbebawnkvyaqohxes.supabase.co/storage/v1/object/public/cake-images/converted_webp/resized_400.webp,2025-02-05 14:09:37+00,2026-05-07 15:23:53.232375+00,4.0,
83957bfe-d609-43e2-9b15-19337ff205be,cake-64,Cake 64,Title,-,flavours,"[{""name"":""Pineapple"",""price"":""650.0"",""customName"":""""},{""name"":""Butter Scotch"",""price"":""650.0"",""customName"":""""},{""name"":""Strawberry"",""price"":""650.0"",""customName"":""""}]",,,,Moti bakery,,0,0,0,0,0,,Cake 64,General,650.0,,3,active,https://jygsbebawnkvyaqohxes.supabase.co/storage/v1/object/public/cake-images/converted_webp/00064.webp,2025-02-05 14:09:37+00,2026-05-07 15:19:32.669485+00,1.0,
83c7b981-a769-4d4c-b8d1-8763d91f8e99,cake-655,Cake 655,Title,-,flavours,"[{""name"":""Black Forest"",""price"":""725.0"",""customName"":""""}]",,,,Moti bakery,,0,0,0,0,0,,Cake 655,General,725.0,,1,active,https://jygsbebawnkvyaqohxes.supabase.co/storage/v1/object/public/cake-images/converted_webp/resized_296.webp,2025-02-05 14:09:37+00,2026-05-07 15:22:41.496277+00,1.5,
8436501f-3640-4d91-a8ea-d791f09468d4,cake-647,Cake 647,Title,-,flavours,"[{""name"":""Chocolate Truffle"",""price"":""1525.0"",""customName"":""""}]",,,,Moti bakery,,0,0,0,0,0,,Cake 647,General,1525.0,,1,active,https://jygsbebawnkvyaqohxes.supabase.co/storage/v1/object/public/cake-images/converted_webp/resized_302.webp,2025-02-05 14:09:37+00,2026-05-07 15:22:36.782093+00,10.0,
8473b999-24a0-47fc-be2c-2531702672d1,cake-1350,Cake 1350,Title,-,flavours,"[{""name"":""Butterscotch"",""price"":""1200.0"",""customName"":""""},{""name"":""Strawberry"",""price"":""1200.0"",""customName"":""""},{""name"":""Pineapple"",""price"":""1200.0"",""customName"":""""},{""name"":""Black Forest"",""price"":""1200.0"",""customName"":""""},{""name"":""Mix Fruit"",""price"":""1200.0"",""customName"":""""},{""name"":""Almond Honey"",""price"":""1200.0"",""customName"":""""},{""name"":""Choco Crunch"",""price"":""1200.0"",""customName"":""""},{""name"":""Rainbow"",""price"":""1200.0"",""customName"":""""},{""name"":""Choco Vanilla"",""price"":""1200.0"",""customName"":""""},{""name"":""White Forest"",""price"":""1200.0"",""customName"":""""}]",,,,Moti bakery,,0,0,0,0,0,,Cake 1350,General,1200.0,,10,active,https://jygsbebawnkvyaqohxes.supabase.co/storage/v1/object/public/cake-images/converted_webp/resized_1652767267.webp,2025-02-05 14:47:46+00,2026-05-07 15:28:37.244675+00,4.0,
8544e632-c654-44e0-a582-31d769b4c526,cake-845,Cake 845,Title,-,flavours,"[{""name"":""Pineapple"",""price"":""700.0"",""customName"":""""},{""name"":""Butterscotch"",""price"":""700.0"",""customName"":""""},{""name"":""Strawberry"",""price"":""700.0"",""customName"":""""},{""name"":""Caramel Crunch"",""price"":""700.0"",""customName"":""""},{""name"":""Red Velvet"",""price"":""700.0"",""customName"":""""},{""name"":""Almond Honey"",""price"":""700.0"",""customName"":""""}]",,,,Moti bakery,,0,0,0,0,0,,Cake 845,General,700.0,,6,active,https://jygsbebawnkvyaqohxes.supabase.co/storage/v1/object/public/cake-images/converted_webp/resized_FBIMG1563544580271.webp,2025-02-05 16:36:50+00,2026-05-07 15:23:58.738706+00,2.0,
854fbb5c-4c69-4b13-9b3c-9a246e839fd3,cake-10,Cake 10,Title,-,flavours,"[{""name"":""Pineapple"",""price"":""700.00"",""customName"":""""},{""name"":""Butterscotch"",""price"":""675"",""customName"":""""},{""name"":""Strawberry"",""price"":""675"",""customName"":""""}]",,,,Moti bakery,,0,0,0,0,0,,Cake 10,General,675,,3,active,https://jygsbebawnkvyaqohxes.supabase.co/storage/v1/object/public/cake-images/converted_webp/resized_10.webp,2026-04-01 08:33:40.519523+00,2026-05-07 15:29:12.278559+00,2,
85bfada8-fbfd-468f-abe5-70bd450ab788,cake-1012,Cake 1012,Title,-,flavours,"[{""name"":""Pineapple"",""price"":""1200.0"",""customName"":""""},{""name"":""Butter Scotch"",""price"":""1200.0"",""customName"":""""},{""name"":""Strawberry"",""price"":""1200.0"",""customName"":""""}]",,,,Moti bakery,,0,0,0,0,0,,Cake 1012,General,1200.0,,3,active,https://jygsbebawnkvyaqohxes.supabase.co/storage/v1/object/public/cake-images/converted_webp/resized_00519.webp,2025-02-05 14:47:46+00,2026-05-07 15:25:09.216144+00,3.0,
8604b84c-6b6f-49d1-9e60-3455e70be102,cake-446,Cake 446,Title,-,flavours,"[{""name"":""Pineapple"",""price"":""675.0"",""customName"":""""},{""name"":""Butter Scotch"",""price"":""675.0"",""customName"":""""},{""name"":""Strawberry"",""price"":""675.0"",""customName"":""""}]",,,,Moti bakery,,0,0,0,0,0,,Cake 446,General,675.0,,3,active,https://jygsbebawnkvyaqohxes.supabase.co/storage/v1/object/public/cake-images/converted_webp/resized_254.webp,2025-02-05 14:09:37+00,2026-05-07 15:21:27.246059+00,5.0,
860fb444-b058-402b-8e21-e77d3bc6964a,cake-1192,Cake 1192,Title,-,flavours,"[{""name"":""Butterscotch"",""price"":""700.0"",""customName"":""""},{""name"":""Strawberry"",""price"":""700.0"",""customName"":""""},{""name"":""Pineapple"",""price"":""700.0"",""customName"":""""},{""name"":""Black Forest"",""price"":""700.0"",""customName"":""""},{""name"":""Mix Fruit"",""price"":""700.0"",""customName"":""""},{""name"":""Almond Honey"",""price"":""700.0"",""customName"":""""},{""name"":""Choco Crunch"",""price"":""700.0"",""customName"":""""},{""name"":""Rainbow"",""price"":""700.0"",""customName"":""""},{""name"":""Choco Vanilla"",""price"":""700.0"",""customName"":""""},{""name"":""White Forest"",""price"":""700.0"",""customName"":""""}]",,,,Moti bakery,,0,0,0,0,0,,Cake 1192,General,700.0,,10,active,https://jygsbebawnkvyaqohxes.supabase.co/storage/v1/object/public/cake-images/converted_webp/resized_1652696116.webp,2025-02-05 14:09:37+00,2026-05-07 15:27:14.395017+00,3.0,
86289b31-afa0-4979-87aa-fe08bbbb8985,cake-420,Cake 420,Title,-,flavours,"[{""name"":""Pineapple"",""price"":""675.0"",""customName"":""""},{""name"":""Butter Scotch"",""price"":""675.0"",""customName"":""""},{""name"":""Strawberry"",""price"":""675.0"",""customName"":""""}]",,,,Moti bakery,,0,0,0,0,0,,Cake 420,General,675.0,,3,active,https://jygsbebawnkvyaqohxes.supabase.co/storage/v1/object/public/cake-images/converted_webp/resized_207.webp,2025-02-05 14:09:37+00,2026-05-07 15:21:13.841339+00,3.0,
8669522d-06ab-40e8-b141-2b0629ea3622,cake-703,Cake 703,Title,-,flavours,"[{""name"":""Black Forest / Pine Apple / Butter Scotch / Strawberry"",""price"":""625.0"",""customName"":""""}]",,,,Moti bakery,,0,0,0,0,0,,Cake 703,General,625.0,,1,active,https://jygsbebawnkvyaqohxes.supabase.co/storage/v1/object/public/cake-images/converted_webp/resized_MERMAIDPRINCESS.webp,2025-02-05 14:09:37+00,2026-05-07 15:22:46.537955+00,,
872a1abf-e77a-4b35-9f51-54444f326850,cake-996,Cake 996,Title,-,flavours,"[{""name"":""Pineapple"",""price"":""1200.0"",""customName"":""""},{""name"":""Butter Scotch"",""price"":""1200.0"",""customName"":""""},{""name"":""Strawberry"",""price"":""1200.0"",""customName"":""""}]",,,,Moti bakery,,0,0,0,0,0,,Cake 996,General,1200.0,,3,active,https://jygsbebawnkvyaqohxes.supabase.co/storage/v1/object/public/cake-images/converted_webp/resized_00502.webp,2025-02-05 14:47:46+00,2026-05-07 15:25:01.160203+00,2.0,
872fb6eb-69b8-4e3c-b035-b64c83768667,cake-1336,Cake 1336,Title,-,flavours,"[{""name"":""Butterscotch"",""price"":""1200.0"",""customName"":""""},{""name"":""Strawberry"",""price"":""1200.0"",""customName"":""""},{""name"":""Pineapple"",""price"":""1200.0"",""customName"":""""},{""name"":""Black Forest"",""price"":""1200.0"",""customName"":""""},{""name"":""Mix Fruit"",""price"":""1200.0"",""customName"":""""},{""name"":""Almond Honey"",""price"":""1200.0"",""customName"":""""},{""name"":""Choco Crunch"",""price"":""1200.0"",""customName"":""""},{""name"":""Rainbow"",""price"":""1200.0"",""customName"":""""},{""name"":""Choco Vanilla"",""price"":""1200.0"",""customName"":""""},{""name"":""White Forest"",""price"":""1200.0"",""customName"":""""}]",,,,Moti bakery,,0,0,0,0,0,,Cake 1336,General,1200.0,,10,active,https://jygsbebawnkvyaqohxes.supabase.co/storage/v1/object/public/cake-images/converted_webp/resized_1652766672.webp,2025-02-05 14:47:46+00,2026-05-07 15:28:29.658158+00,4.0,
87ac9cb7-3bff-4c3e-a353-770de5d67b1b,cake-1317,Cake 1317,Title,-,flavours,"[{""name"":""Butterscotch"",""price"":""1200.0"",""customName"":""""},{""name"":""Strawberry"",""price"":""1200.0"",""customName"":""""},{""name"":""Pineapple"",""price"":""1200.0"",""customName"":""""},{""name"":""Black Forest"",""price"":""1200.0"",""customName"":""""},{""name"":""Mix Fruit"",""price"":""1200.0"",""customName"":""""},{""name"":""Almond Honey"",""price"":""1200.0"",""customName"":""""},{""name"":""Choco Crunch"",""price"":""1200.0"",""customName"":""""},{""name"":""Rainbow"",""price"":""1200.0"",""customName"":""""},{""name"":""Choco Vanilla"",""price"":""1200.0"",""customName"":""""},{""name"":""White Forest"",""price"":""1200.0"",""customName"":""""}]",,,,Moti bakery,,0,0,0,0,0,,Cake 1317,General,1200.0,,10,active,https://jygsbebawnkvyaqohxes.supabase.co/storage/v1/object/public/cake-images/converted_webp/resized_1652709245.webp,2025-02-05 14:47:46+00,2026-05-07 15:28:19.220336+00,3.0,
87cf727b-67fc-4c13-9969-edede3e5505d,cake-788,Cake 788,Title,-,flavours,"[{""name"":""Chocolate Truffle"",""price"":""1200.0"",""customName"":""""}]",,,,Moti bakery,,0,0,0,0,0,,Cake 788,General,1200.0,,1,active,https://jygsbebawnkvyaqohxes.supabase.co/storage/v1/object/public/cake-images/converted_webp/resized_FBIMG1571659256024.webp,2025-02-05 14:20:48+00,2026-05-07 15:23:30.988371+00,6.0,
880148d5-4b26-47ed-ac50-78ea2eda9029,cake-711,Cake 711,Title,-,flavours,"[{""name"":""Chocolate Truffle"",""price"":""875.0"",""customName"":""""}]",,,,Moti bakery,,0,0,0,0,0,,Cake 711,General,875.0,,1,active,https://jygsbebawnkvyaqohxes.supabase.co/storage/v1/object/public/cake-images/converted_webp/resized_312.webp,2025-02-05 14:09:37+00,2026-05-07 15:22:50.83947+00,3.0,
882307f1-f0a5-48fa-8daf-b39e63663c9b,cake-651,Cake 651,Title,-,flavours,"[{""name"":""Chocolate Cream Cake"",""price"":""875.0"",""customName"":""""}]",,,,Moti bakery,,0,0,0,0,0,,Cake 651,General,875.0,,1,active,https://jygsbebawnkvyaqohxes.supabase.co/storage/v1/object/public/cake-images/converted_webp/resized_292.webp,2025-02-05 14:09:37+00,2026-05-07 15:22:39.688183+00,2.0,
88513a35-53f9-4432-bcb0-d5d1dbfa9e71,cake-206,Cake 206,Title,-,flavours,"[{""name"":""Pineapple"",""price"":""725.0"",""customName"":""""},{""name"":""Butter Scotch"",""price"":""725.0"",""customName"":""""},{""name"":""Strawberry"",""price"":""725.0"",""customName"":""""},{""name"":""Almond Honey"",""price"":""725.0"",""customName"":""""},{""name"":""Caramel Crunch"",""price"":""725.0"",""customName"":""""},{""name"":""Redvelvet"",""price"":""725.0"",""customName"":""""}]",,,,Moti bakery,,0,0,0,0,0,,Cake 206,General,725.0,,6,active,https://jygsbebawnkvyaqohxes.supabase.co/storage/v1/object/public/cake-images/converted_webp/resized_FBIMG1577860290197.webp,2025-02-05 15:50:47+00,2026-05-07 15:20:50.797332+00,2.0,
88d4c8ac-74ae-446c-b9d2-5e0761b9e8d6,cake-518,Cake 518,Title,-,flavours,"[{""name"":""Pineapple"",""price"":""675.0"",""customName"":""""},{""name"":""Butter Scotch"",""price"":""675.0"",""customName"":""""},{""name"":""Strawberry"",""price"":""675.0"",""customName"":""""},{""name"":""Almond Honey"",""price"":""675.0"",""customName"":""""},{""name"":""Caramel Crunch"",""price"":""675.0"",""customName"":""""},{""name"":""Redvelvet"",""price"":""675.0"",""customName"":""""}]",,,,Moti bakery,,0,0,0,0,0,,Cake 518,General,675.0,,6,active,https://jygsbebawnkvyaqohxes.supabase.co/storage/v1/object/public/cake-images/converted_webp/resized_IMG20180927WA0014.webp,2025-02-05 16:22:28+00,2026-05-07 15:22:09.271761+00,6.0,
891f91d0-b1e1-4a0c-8031-c3cb618cbefb,cake-36,Cake 36,Title,-,flavours,"[{""name"":""Pineapple"",""price"":""675.0"",""customName"":""""},{""name"":""Butter Scotch"",""price"":""675.0"",""customName"":""""},{""name"":""Strawberry"",""price"":""675.0"",""customName"":""""}]",,,,Moti bakery,,0,0,0,0,0,,Cake 36,General,675.0,,3,active,https://jygsbebawnkvyaqohxes.supabase.co/storage/v1/object/public/cake-images/converted_webp/00036.webp,2025-02-05 14:09:37+00,2026-05-07 15:19:17.234925+00,1.5,
8979b966-fa45-4f33-8305-d4eb5450e019,cake-735,Cake 735,Title,-,flavours,"[{""name"":""Pineapple"",""price"":""725.0"",""customName"":""""},{""name"":""Butter Scotch"",""price"":""725.0"",""customName"":""""},{""name"":""Strawberry"",""price"":""725.0"",""customName"":""""}]",,,,Moti bakery,,0,0,0,0,0,,Cake 735,General,725.0,,3,active,https://jygsbebawnkvyaqohxes.supabase.co/storage/v1/object/public/cake-images/converted_webp/resized_336.webp,2025-02-05 14:09:37+00,2026-05-07 15:23:03.337289+00,4.0,
898f0ee6-847b-45d7-97ee-a49b0065afde,cake-1114,Cake 1114,Title,-,flavours,"[{""name"":""Pineapple"",""price"":""1200.0"",""customName"":""""},{""name"":""Btter Scotch"",""price"":""1200.0"",""customName"":""""},{""name"":""Strawberry"",""price"":""1200.0"",""customName"":""""}]",,,,Moti bakery,,0,0,0,0,0,,Cake 1114,General,1200.0,,3,active,https://jygsbebawnkvyaqohxes.supabase.co/storage/v1/object/public/cake-images/converted_webp/resized_IMG20200823WA0133.webp,2025-02-05 14:47:46+00,2026-05-07 15:26:08.75976+00,2.0,
89956020-cd95-45dc-89c4-e6b6efa83e8b,cake-1032,Cake 1032,Title,-,flavours,"[{""name"":""Pineapple"",""price"":""1200.0"",""customName"":""""},{""name"":""Butter Scotch"",""price"":""1200.0"",""customName"":""""},{""name"":""Strawberry"",""price"":""1200.0"",""customName"":""""}]",,,,Moti bakery,,0,0,0,0,0,,Cake 1032,General,1200.0,,3,active,https://jygsbebawnkvyaqohxes.supabase.co/storage/v1/object/public/cake-images/converted_webp/resized_00540.webp,2025-02-05 14:47:46+00,2026-05-07 15:25:21.85207+00,3.0,
89f72ff7-a1fc-4450-b855-1024ce120440,cake-76,Cake 76,Title,-,flavours,"[{""name"":""Black Forest"",""price"":""675.0"",""customName"":""""}]",,,,Moti bakery,,0,0,0,0,0,,Cake 76,General,675.0,,1,active,https://jygsbebawnkvyaqohxes.supabase.co/storage/v1/object/public/cake-images/converted_webp/00076.webp,2025-02-05 14:09:37+00,2026-05-07 15:19:39.427506+00,1.5,
8a2cb1b2-47b0-492b-9877-2d8d714e4e5f,cake-1228,Cake 1228,Title,-,flavours,"[{""name"":""Butterscotch"",""price"":""800.0"",""customName"":""""},{""name"":""Strawberry"",""price"":""800.0"",""customName"":""""},{""name"":""Pineapple"",""price"":""800.0"",""customName"":""""},{""name"":""Black Forest"",""price"":""800.0"",""customName"":""""},{""name"":""Mix Fruit"",""price"":""800.0"",""customName"":""""},{""name"":""Almond Honey"",""price"":""800.0"",""customName"":""""},{""name"":""Choco Crunch"",""price"":""800.0"",""customName"":""""},{""name"":""Rainbow"",""price"":""800.0"",""customName"":""""},{""name"":""Choco Vanilla"",""price"":""800.0"",""customName"":""""},{""name"":""White Forest"",""price"":""800.0"",""customName"":""""}]",,,,Moti bakery,,0,0,0,0,0,,Cake 1228,General,800.0,,10,active,https://jygsbebawnkvyaqohxes.supabase.co/storage/v1/object/public/cake-images/converted_webp/resized_1652699278.webp,2025-02-05 14:09:37+00,2026-05-07 15:27:34.36337+00,3.0,
8b0c204b-8677-420d-988a-98df4d960574,cake-1103,Cake 1103,Title,-,flavours,"[{""name"":""Pineapple"",""price"":""1200.0"",""customName"":""""},{""name"":""Btter Scotch"",""price"":""1200.0"",""customName"":""""},{""name"":""Strawberry"",""price"":""1200.0"",""customName"":""""}]",,,,Moti bakery,,0,0,0,0,0,,Cake 1103,General,1200.0,,3,active,https://jygsbebawnkvyaqohxes.supabase.co/storage/v1/object/public/cake-images/converted_webp/resized_FBIMG1600073151313.webp,2025-02-05 14:47:46+00,2026-05-07 15:26:02.326488+00,2.0,
8b2f8853-3a1a-48be-94fd-03ea1a8f1d5f,cake-1133,Cake 1133,Title,-,flavours,"[{""name"":""Butterscotch"",""price"":""700.0"",""customName"":""""},{""name"":""Strawberry"",""price"":""700.0"",""customName"":""""},{""name"":""Pineapple"",""price"":""700.0"",""customName"":""""},{""name"":""Black Forest"",""price"":""700.0"",""customName"":""""},{""name"":""Mix Fruit"",""price"":""700.0"",""customName"":""""},{""name"":""Almond Honey"",""price"":""700.0"",""customName"":""""},{""name"":""Choco Crunch"",""price"":""700.0"",""customName"":""""},{""name"":""Rainbow"",""price"":""700.0"",""customName"":""""},{""name"":""Choco Vanilla"",""price"":""700.0"",""customName"":""""},{""name"":""White Forest"",""price"":""700.0"",""customName"":""""}]",,,,Moti bakery,,0,0,0,0,0,,Cake 1133,General,700.0,,10,active,https://jygsbebawnkvyaqohxes.supabase.co/storage/v1/object/public/cake-images/converted_webp/resized_1652684906.webp,2025-02-05 14:09:37+00,2026-05-07 15:26:38.107613+00,5.0,
8b3114c3-5081-4bd5-b305-3605ea2d56cc,cake-785,Cake 785,Title,-,flavours,"[{""name"":""Pineapple"",""price"":""725.0"",""customName"":""""},{""name"":""Butter Scotch"",""price"":""725.0"",""customName"":""""},{""name"":""Strawberry"",""price"":""725.0"",""customName"":""""}]",,,,Moti bakery,,0,0,0,0,0,,Cake 785,General,725.0,,3,active,https://jygsbebawnkvyaqohxes.supabase.co/storage/v1/object/public/cake-images/converted_webp/resized_IMG20190102WA0032.webp,2025-02-05 16:31:33+00,2026-05-07 15:23:29.463468+00,3.0,
8b6584ed-8860-486a-b3a6-3cfc447e6410,cake-436,Cake 436,Title,-,flavours,"[{""name"":""Pineapple"",""price"":""725.0"",""customName"":""""},{""name"":""Butter Scotch"",""price"":""725.0"",""customName"":""""},{""name"":""Strawberry"",""price"":""725.0"",""customName"":""""}]",,,,Moti bakery,,0,0,0,0,0,,Cake 436,General,725.0,,3,active,https://jygsbebawnkvyaqohxes.supabase.co/storage/v1/object/public/cake-images/converted_webp/resized_IMG20191226WA0014.webp,2025-02-05 14:09:37+00,2026-05-07 15:21:22.127956+00,5.0,
8bb6d7b1-322a-453f-a14c-e4c5e929647b,cake-830,Cake 830,Title,-,flavours,"[{""name"":""Pineapple"",""price"":""700.0"",""customName"":""""},{""name"":""Butter Scotch"",""price"":""700.0"",""customName"":""""},{""name"":""Strawberry"",""price"":""700.0"",""customName"":""""}]",,,,Moti bakery,,0,0,0,0,0,,Cake 830,General,700.0,,3,active,https://jygsbebawnkvyaqohxes.supabase.co/storage/v1/object/public/cake-images/converted_webp/resized_396.webp,2025-02-05 14:09:37+00,2026-05-07 15:23:50.819295+00,3.0,
8bc7e171-8ec2-4e6b-8eee-a2314afc76b8,cake-728,Cake 728,Title,-,flavours,"[{""name"":""Pineapple"",""price"":""650.0"",""customName"":""""},{""name"":""Butter Scotch"",""price"":""650.0"",""customName"":""""},{""name"":""Strawberry"",""price"":""650.0"",""customName"":""""}]",,,,Moti bakery,,0,0,0,0,0,,Cake 728,General,650.0,,3,active,https://jygsbebawnkvyaqohxes.supabase.co/storage/v1/object/public/cake-images/converted_webp/resized_329.webp,2025-02-05 14:09:37+00,2026-05-07 15:22:59.333314+00,2.0,
8c0340ba-f7f2-4886-8d44-23853f80e004,cake-151,Cake 151,Title,-,flavours,"[{""name"":""Pineapple"",""price"":""675.0"",""customName"":""""},{""name"":""Butter Scotch"",""price"":""675.0"",""customName"":""""},{""name"":""Strawberry"",""price"":""675.0"",""customName"":""""}]",,,,Moti bakery,,0,0,0,0,0,,Cake 151,General,675.0,,3,active,https://jygsbebawnkvyaqohxes.supabase.co/storage/v1/object/public/cake-images/converted_webp/resized_0151.webp,2025-02-05 14:09:37+00,2026-05-07 15:20:21.738402+00,1.0,
8c109415-bfeb-49a6-8959-5313e1187abd,cake-839,Cake 839,Title,-,flavours,"[{""name"":""Pineapple"",""price"":""700.0"",""customName"":""""},{""name"":""Butter Scotch"",""price"":""700.0"",""customName"":""""},{""name"":""Strawberry"",""price"":""700.0"",""customName"":""""}]",,,,Moti bakery,,0,0,0,0,0,,Cake 839,General,700.0,,3,active,https://jygsbebawnkvyaqohxes.supabase.co/storage/v1/object/public/cake-images/converted_webp/resized_405.webp,2025-02-05 14:09:37+00,2026-05-07 15:23:55.873169+00,6.0,
8c30cfd7-7197-4692-a9b3-c4a9c7685b78,cake-1182,Cake 1182,Title,-,flavours,"[{""name"":""Butterscotch"",""price"":""700.0"",""customName"":""""},{""name"":""Strawberry"",""price"":""700.0"",""customName"":""""},{""name"":""Pineapple"",""price"":""700.0"",""customName"":""""},{""name"":""Black Forest"",""price"":""700.0"",""customName"":""""},{""name"":""Mix Fruit"",""price"":""700.0"",""customName"":""""},{""name"":""Almond Honey"",""price"":""700.0"",""customName"":""""},{""name"":""Choco Crunch"",""price"":""700.0"",""customName"":""""},{""name"":""Rainbow"",""price"":""700.0"",""customName"":""""},{""name"":""Choco Vanilla"",""price"":""700.0"",""customName"":""""},{""name"":""White Forest"",""price"":""700.0"",""customName"":""""}]",,,,Moti bakery,,0,0,0,0,0,,Cake 1182,General,700.0,,10,active,https://jygsbebawnkvyaqohxes.supabase.co/storage/v1/object/public/cake-images/converted_webp/resized_1652694956.webp,2025-02-05 14:09:37+00,2026-05-07 15:27:09.06987+00,7.0,
8c9d2e82-546a-46ae-bdb7-deb60caec6ed,cake-418,Cake 418,Title,-,flavours,"[{""name"":""Pineapple"",""price"":""775.0"",""customName"":""""},{""name"":""Butter Scotch"",""price"":""775.0"",""customName"":""""},{""name"":""Strawberry"",""price"":""775.0"",""customName"":""""}]",,,,Moti bakery,,0,0,0,0,0,,Cake 418,General,775.0,,3,active,https://jygsbebawnkvyaqohxes.supabase.co/storage/v1/object/public/cake-images/converted_webp/resized_205.webp,2025-02-05 14:09:37+00,2026-05-07 15:21:12.82188+00,5.0,
8ca2a85f-1385-444b-826b-5b2fe51bed7b,cake-758,Cake 758,Title,-,flavours,"[{""name"":""Pineapple"",""price"":""675.0"",""customName"":""""},{""name"":""Butter Scotch"",""price"":""675.0"",""customName"":""""},{""name"":""Strawberry"",""price"":""675.0"",""customName"":""""}]",,,,Moti bakery,,0,0,0,0,0,,Cake 758,General,675.0,,3,active,https://jygsbebawnkvyaqohxes.supabase.co/storage/v1/object/public/cake-images/converted_webp/resized_343.webp,2025-02-05 16:29:34+00,2026-05-07 15:23:15.071844+00,3.0,
8d08be41-e03c-46dc-92b0-ee3122cd4ff1,cake-906,Cake 906,Title,-,flavours,"[{""name"":""Pineapple"",""price"":""1200.0"",""customName"":""""},{""name"":""Butter Scotch"",""price"":""1200.0"",""customName"":""""},{""name"":""Strawberry"",""price"":""1200.0"",""customName"":""""}]",,,,Moti bakery,,0,0,0,0,0,,Cake 906,General,1200.0,,3,active,https://jygsbebawnkvyaqohxes.supabase.co/storage/v1/object/public/cake-images/converted_webp/00412.webp,2025-02-05 14:25:28+00,2026-05-07 15:24:11.608408+00,4.0,
8d3d3160-5466-46cd-892f-5681f826e3c5,cake-803,Cake 803,Title,-,flavours,"[{""name"":""Pineapple"",""price"":""700.0"",""customName"":""""},{""name"":""Butter Scotch"",""price"":""700.0"",""customName"":""""},{""name"":""Strawberry"",""price"":""700.0"",""customName"":""""}]",,,,Moti bakery,,0,0,0,0,0,,Cake 803,General,700.0,,3,active,https://jygsbebawnkvyaqohxes.supabase.co/storage/v1/object/public/cake-images/converted_webp/resized_368.webp,2025-02-05 14:09:37+00,2026-05-07 15:23:37.574142+00,2.5,
8d57f3d4-3e3f-4818-91b1-a18c40a6f616,cake-741,Cake 741,Title,-,flavours,"[{""name"":""Pineapple"",""price"":""725.0"",""customName"":""""},{""name"":""Butter Scotch"",""price"":""725.0"",""customName"":""""},{""name"":""Strawberry"",""price"":""725.0"",""customName"":""""}]",,,,Moti bakery,,0,0,0,0,0,,Cake 741,General,725.0,,3,active,https://jygsbebawnkvyaqohxes.supabase.co/storage/v1/object/public/cake-images/converted_webp/resized_354.webp,2025-02-05 14:09:37+00,2026-05-07 15:23:06.412791+00,6.0,
8d6e19cd-a83f-40f9-8cd5-afa3ef0216b8,cake-1011,Cake 1011,Title,-,flavours,"[{""name"":""Pineapple"",""price"":""1075.0"",""customName"":""""},{""name"":""Butters Cotch"",""price"":""1075.0"",""customName"":""""},{""name"":""Strawberry"",""price"":""1075.0"",""customName"":""""}]",,,,Moti bakery,,0,0,0,0,0,,Cake 1011,General,1075.0,,3,active,https://jygsbebawnkvyaqohxes.supabase.co/storage/v1/object/public/cake-images/converted_webp/resized_00518.webp,2025-02-05 14:09:37+00,2026-05-07 15:25:08.787363+00,5.0,
8d73a569-220b-4d9f-bc87-716a5d4acdf7,cake-623,Cake 623,Title,-,flavours,"[{""name"":""Black Forest"",""price"":""725.0"",""customName"":""""}]",,,,Moti bakery,,0,0,0,0,0,,Cake 623,General,725.0,,1,active,https://jygsbebawnkvyaqohxes.supabase.co/storage/v1/object/public/cake-images/converted_webp/resized_263.webp,2025-02-05 14:09:37+00,2026-05-07 15:22:24.804594+00,1.0,
8da3a699-8dea-4111-bcbf-54d368260a98,cake-657,Cake 657,Title,-,flavours,"[{""name"":""Chocolate Truffle"",""price"":""975.0"",""customName"":""""}]",,,,Moti bakery,,0,0,0,0,0,,Cake 657,General,975.0,,1,active,https://jygsbebawnkvyaqohxes.supabase.co/storage/v1/object/public/cake-images/converted_webp/resized_299.webp,2025-02-05 14:09:37+00,2026-05-07 15:22:42.54391+00,4.0,
8db07a9b-c372-484f-81bf-14456aa461fd,cake-1260,Cake 1260,Title,-,flavours,"[{""name"":""Choco Crunch"",""price"":""875.0"",""customName"":""""},{""name"":""Choco Vanilla"",""price"":""875.0"",""customName"":""""},{""name"":""Chocolate Truffle"",""price"":""875.0"",""customName"":""""}]",,,,Moti bakery,,0,0,0,0,0,,Cake 1260,General,875.0,,3,active,https://jygsbebawnkvyaqohxes.supabase.co/storage/v1/object/public/cake-images/converted_webp/resized_1652702420.webp,2025-02-05 14:09:37+00,2026-05-07 15:27:55.073402+00,1.0,
8dd882d4-8173-4657-93b7-c8d889892226,cake-1246,Cake 1246,Title,-,flavours,"[{""name"":""Choco Crunch"",""price"":""900.0"",""customName"":""""},{""name"":""Choco Vanilla"",""price"":""900.0"",""customName"":""""},{""name"":""Chocolate Truffle"",""price"":""900.0"",""customName"":""""}]",,,,Moti bakery,,0,0,0,0,0,,Cake 1246,General,900.0,,3,active,https://jygsbebawnkvyaqohxes.supabase.co/storage/v1/object/public/cake-images/converted_webp/resized_1652701848.webp,2025-02-05 14:52:14+00,2026-05-07 15:27:45.837791+00,3.0,
8e2dbf6c-aee4-4730-885a-66b190b3a4a9,cake-1360,Cake 1360,Title,-,flavours,"[{""name"":""Butterscotch"",""price"":""1200.0"",""customName"":""""},{""name"":""Strawberry"",""price"":""1200.0"",""customName"":""""},{""name"":""Pineapple"",""price"":""1200.0"",""customName"":""""},{""name"":""Black Forest"",""price"":""1200.0"",""customName"":""""},{""name"":""Mix Fruit"",""price"":""1200.0"",""customName"":""""},{""name"":""Almond Honey"",""price"":""1200.0"",""customName"":""""},{""name"":""Choco Crunch"",""price"":""1200.0"",""customName"":""""},{""name"":""Rainbow"",""price"":""1200.0"",""customName"":""""},{""name"":""Choco Vanilla"",""price"":""1200.0"",""customName"":""""},{""name"":""White Forest"",""price"":""1200.0"",""customName"":""""}]",,,,Moti bakery,,0,0,0,0,0,,Cake 1360,General,1200.0,,10,active,https://jygsbebawnkvyaqohxes.supabase.co/storage/v1/object/public/cake-images/converted_webp/resized_1652767640.webp,2025-02-05 14:47:46+00,2026-05-07 15:28:43.218873+00,4.0,
8ecf5297-8e2b-47c1-8b4b-c49f347b6bef,cake-1117,Cake 1117,Title,-,flavours,"[{""name"":""Pineapple"",""price"":""1200.0"",""customName"":""""},{""name"":""Butter Scotch"",""price"":""1200.0"",""customName"":""""},{""name"":""Strawberry"",""price"":""1200.0"",""customName"":""""}]",,,,Moti bakery,,0,0,0,0,0,,Cake 1117,General,1200.0,,3,active,https://jygsbebawnkvyaqohxes.supabase.co/storage/v1/object/public/cake-images/converted_webp/resized_IMG20200825WA0022.webp,2025-02-05 14:47:46+00,2026-05-07 15:26:29.892497+00,5.0,
8efbf00f-d6a0-437d-b7b4-19ec81f4733a,cake-825,Cake 825,Title,-,flavours,"[{""name"":""Pineapple"",""price"":""700.0"",""customName"":""""},{""name"":""Butter Scotch"",""price"":""700.0"",""customName"":""""},{""name"":""Strawberry"",""price"":""700.0"",""customName"":""""}]",,,,Moti bakery,,0,0,0,0,0,,Cake 825,General,700.0,,3,active,https://jygsbebawnkvyaqohxes.supabase.co/storage/v1/object/public/cake-images/converted_webp/resized_391.webp,2025-02-05 14:09:37+00,2026-05-07 15:23:48.277948+00,3.0,
8f3c7d9e-4e61-4f65-afaa-09d7ba9a2791,cake-1109,Cake 1109,Title,-,flavours,"[{""name"":""Pineapple"",""price"":""1200.0"",""customName"":""""},{""name"":""Btter Scotch"",""price"":""1200.0"",""customName"":""""},{""name"":""Strawberry"",""price"":""1200.0"",""customName"":""""}]",,,,Moti bakery,,0,0,0,0,0,,Cake 1109,General,1200.0,,3,active,https://jygsbebawnkvyaqohxes.supabase.co/storage/v1/object/public/cake-images/converted_webp/resized_FBIMG1601226435052.webp,2025-02-05 14:47:46+00,2026-05-07 15:26:05.735797+00,2.0,
8f69ae8d-ae36-48ab-bc4b-8fd3895040dc,cake-423,Cake 423,Title,-,flavours,"[{""name"":""Pineapple"",""price"":""725.0"",""customName"":""""},{""name"":""Butter Scotch"",""price"":""725.0"",""customName"":""""},{""name"":""Strawberry"",""price"":""725.0"",""customName"":""""}]",,,,Moti bakery,,0,0,0,0,0,,Cake 423,General,725.0,,3,active,https://jygsbebawnkvyaqohxes.supabase.co/storage/v1/object/public/cake-images/converted_webp/resized_211.webp,2025-02-05 14:09:37+00,2026-05-07 15:21:15.384403+00,5.0,
8fe12520-eea0-431e-806a-79de108aeed2,cake-114,Cake 114,Title,-,flavours,"[{""name"":""Pineapple"",""price"":""650.0"",""customName"":""""},{""name"":""Butter Scotch"",""price"":""650.0"",""customName"":""""},{""name"":""Strawberry"",""price"":""650.0"",""customName"":""""}]",,,,Moti bakery,,0,0,0,0,0,,Cake 114,General,650.0,,3,active,https://jygsbebawnkvyaqohxes.supabase.co/storage/v1/object/public/cake-images/converted_webp/resized_0114.webp,2025-02-05 14:09:37+00,2026-05-07 15:20:02.369679+00,1.5,
9033777f-5a53-461a-afb7-990a8c0df167,cake-441,Cake 441,Title,-,flavours,"[{""name"":""Pineapple"",""price"":""700.0"",""customName"":""""},{""name"":""Butter Scotch"",""price"":""700.0"",""customName"":""""},{""name"":""Strawberry"",""price"":""700.0"",""customName"":""""}]",,,,Moti bakery,,0,0,0,0,0,,Cake 441,General,700.0,,3,active,https://jygsbebawnkvyaqohxes.supabase.co/storage/v1/object/public/cake-images/converted_webp/resized_249.webp,2025-02-05 14:09:37+00,2026-05-07 15:21:24.794791+00,4.0,
9040e15f-92a2-4366-bfb6-5bb7e1f9a4aa,cake-1298,Cake 1298,Title,-,flavours,"[{""name"":""Butterscotch"",""price"":""675.0"",""customName"":""""},{""name"":""Strawberry"",""price"":""675.0"",""customName"":""""},{""name"":""Pineapple"",""price"":""675.0"",""customName"":""""},{""name"":""Black Forest"",""price"":""675.0"",""customName"":""""},{""name"":""Mix Fruit"",""price"":""675.0"",""customName"":""""},{""name"":""Almond Honey"",""price"":""675.0"",""customName"":""""},{""name"":""Choco Crunch"",""price"":""675.0"",""customName"":""""},{""name"":""Rainbow"",""price"":""675.0"",""customName"":""""},{""name"":""Choco Vanilla"",""price"":""675.0"",""customName"":""""},{""name"":""White Forest"",""price"":""675.0"",""customName"":""""}]",,,,Moti bakery,,0,0,0,0,0,,Cake 1298,General,675.0,,10,active,https://jygsbebawnkvyaqohxes.supabase.co/storage/v1/object/public/cake-images/converted_webp/resized_1652706380.webp,2025-02-05 14:09:37+00,2026-05-07 15:28:08.82657+00,3.0,
9061065e-968a-4f55-b22d-473b774f10c6,cake-1006,Cake 1006,Title,-,flavours,"[{""name"":""Pineapple"",""price"":""1200.0"",""customName"":""""},{""name"":""Butters Cotch"",""price"":""1200.0"",""customName"":""""},{""name"":""Strawberry"",""price"":""1200.0"",""customName"":""""}]",,,,Moti bakery,,0,0,0,0,0,,Cake 1006,General,1200.0,,3,active,https://jygsbebawnkvyaqohxes.supabase.co/storage/v1/object/public/cake-images/converted_webp/resized_00512.webp,2025-02-05 14:47:46+00,2026-05-07 15:25:06.193849+00,3.0,
906b5517-612e-4d0f-ae9c-3fa9667d9326,cake-509,Cake 509,Title,-,flavours,"[{""name"":""Pineapple"",""price"":""725.0"",""customName"":""""},{""name"":""Butter Scotch"",""price"":""725.0"",""customName"":""""},{""name"":""Strawberry"",""price"":""725.0"",""customName"":""""},{""name"":""Almond Honey"",""price"":""725.0"",""customName"":""""},{""name"":""Caramel Crunch"",""price"":""725.0"",""customName"":""""},{""name"":""Redvelvet"",""price"":""725.0"",""customName"":""""}]",,,,Moti bakery,,0,0,0,0,0,,Cake 509,General,725.0,,6,active,https://jygsbebawnkvyaqohxes.supabase.co/storage/v1/object/public/cake-images/converted_webp/resized_FBIMG1562560514889.webp,2025-02-05 16:20:34+00,2026-05-07 15:22:03.291512+00,6.0,
9094f3d5-c7fa-4a4f-891f-a51635ae9df3,cake-1245,Cake 1245,Title,-,flavours,"[{""name"":""Choco Crunch"",""price"":""1100.0"",""customName"":""""},{""name"":""Choco Vanilla"",""price"":""1100.0"",""customName"":""""},{""name"":""Chocolate Truffle"",""price"":""1100.0"",""customName"":""""}]",,,,Moti bakery,,0,0,0,0,0,,Cake 1245,General,1100.0,,3,active,https://jygsbebawnkvyaqohxes.supabase.co/storage/v1/object/public/cake-images/converted_webp/resized_1652701811.webp,2025-02-05 14:51:54+00,2026-05-07 15:27:45.216401+00,6.0,
90b2cc82-ed1f-48a7-a046-beafb2a7f5dd,cake-108,Cake 108,Title,-,flavours,"[{""name"":""Pineapple"",""price"":""650.0"",""customName"":""""},{""name"":""Butter Scotch"",""price"":""650.0"",""customName"":""""},{""name"":""Strawberry"",""price"":""650.0"",""customName"":""""}]",,,,Moti bakery,,0,0,0,0,0,,Cake 108,General,650.0,,3,active,https://jygsbebawnkvyaqohxes.supabase.co/storage/v1/object/public/cake-images/converted_webp/resized_0108.webp,2025-02-05 14:09:37+00,2026-05-07 15:19:59.716359+00,2.0,
91209612-8f46-4c91-a60c-d8883b49e0a1,cake-725,Cake 725,Title,-,flavours,"[{""name"":""Pineapple"",""price"":""675.0"",""customName"":""""},{""name"":""Butter Scotch"",""price"":""675.0"",""customName"":""""},{""name"":""Strawberry"",""price"":""675.0"",""customName"":""""}]",,,,Moti bakery,,0,0,0,0,0,,Cake 725,General,675.0,,3,active,https://jygsbebawnkvyaqohxes.supabase.co/storage/v1/object/public/cake-images/converted_webp/resized_326.webp,2025-02-05 14:09:37+00,2026-05-07 15:22:57.895709+00,2.0,
916a27fb-0bc3-4b2b-bfac-6b17f1a1c93a,cake-421,Cake 421,Title,-,flavours,"[{""name"":""Pineapple"",""price"":""725.0"",""customName"":""""},{""name"":""Butter Scotch"",""price"":""725.0"",""customName"":""""},{""name"":""Strawberry"",""price"":""725.0"",""customName"":""""}]",,,,Moti bakery,,0,0,0,0,0,,Cake 421,General,725.0,,3,active,https://jygsbebawnkvyaqohxes.supabase.co/storage/v1/object/public/cake-images/converted_webp/resized_189.webp,2025-02-05 14:09:37+00,2026-05-07 15:21:14.301505+00,6.0,
9184599d-2807-40a2-861c-bfb2dc30bf09,cake-1284,Cake 1284,Title,-,flavours,"[{""name"":""Choco Crunch"",""price"":""700.0"",""customName"":""""},{""name"":""Rainbow"",""price"":""700.0"",""customName"":""""},{""name"":""Choco Vanilla"",""price"":""700.0"",""customName"":""""},{""name"":""White Forest"",""price"":""700.0"",""customName"":""""}]",,,,Moti bakery,,0,0,0,0,0,,Cake 1284,General,700.0,,4,active,https://jygsbebawnkvyaqohxes.supabase.co/storage/v1/object/public/cake-images/converted_webp/resized_1652705079.webp,2025-02-05 14:09:37+00,2026-05-07 15:28:02.418291+00,2.0,
91fd9c21-0b4d-4780-a1ff-bee3749ce021,cake-938,Cake 938,Title,-,flavours,"[{""name"":""Pineapple"",""price"":""1200.0"",""customName"":""""},{""name"":""Butter Scotch"",""price"":""1200.0"",""customName"":""""},{""name"":""Strawberry"",""price"":""1200.0"",""customName"":""""}]",,,,Moti bakery,,0,0,0,0,0,,Cake 938,General,1200.0,,3,active,https://jygsbebawnkvyaqohxes.supabase.co/storage/v1/object/public/cake-images/converted_webp/00445.webp,2025-02-05 14:30:50+00,2026-05-07 15:24:29.781637+00,3.0,
920ef116-828a-47d9-a213-c9d48d9d67d1,cake-16,Cake 16,Title,-,flavours,"[{""name"":""Pineapple"",""price"":""725.00"",""customName"":""""},{""name"":""Butterscotch"",""price"":""700"",""customName"":""""},{""name"":""Strawberry"",""price"":""700"",""customName"":""""}]",,,,Moti bakery,,0,0,0,0,0,,Cake 16,General,700,,3,active,https://jygsbebawnkvyaqohxes.supabase.co/storage/v1/object/public/cake-images/converted_webp/00016.webp,2026-04-01 08:33:40.519523+00,2026-05-07 15:19:03.190427+00,5,15
9216b926-c923-4c87-9757-aca109a5b693,cake-1003,Cake 1003,Title,-,flavours,"[{""name"":""Pineapple"",""price"":""1200.0"",""customName"":""""},{""name"":""Butter Scotch"",""price"":""1200.0"",""customName"":""""},{""name"":""Strawberry"",""price"":""1200.0"",""customName"":""""}]",,,,Moti bakery,,0,0,0,0,0,,Cake 1003,General,1200.0,,3,active,https://jygsbebawnkvyaqohxes.supabase.co/storage/v1/object/public/cake-images/converted_webp/resized_00509.webp,2025-02-05 14:47:46+00,2026-05-07 15:25:04.356626+00,4.0,
9227c2cc-5f0e-4b6b-8b79-4d4541f20418,cake-12,Cake 12,Title,-,flavours,"[{""name"":""Pineapple"",""price"":""750.00"",""customName"":""""},{""name"":""Butterscotch"",""price"":""725"",""customName"":""""},{""name"":""Strawberry"",""price"":""725"",""customName"":""""}]",,,,Moti bakery,,0,0,0,0,0,,Cake 12,General,725,,3,active,https://jygsbebawnkvyaqohxes.supabase.co/storage/v1/object/public/cake-images/converted_webp/00012.webp,2026-04-01 08:33:40.519523+00,2026-05-07 15:19:00.015118+00,,
9290f341-f1a1-43b3-92f5-6c518300c8f0,cake-1205,Cake 1205,Title,-,flavours,"[{""name"":""Butterscotch"",""price"":""700.0"",""customName"":""""},{""name"":""Strawberry"",""price"":""700.0"",""customName"":""""},{""name"":""Pineapple"",""price"":""700.0"",""customName"":""""},{""name"":""Black Forest"",""price"":""700.0"",""customName"":""""},{""name"":""Mix Fruit"",""price"":""700.0"",""customName"":""""},{""name"":""Almond Honey"",""price"":""700.0"",""customName"":""""},{""name"":""Choco Crunch"",""price"":""700.0"",""customName"":""""},{""name"":""Rainbow"",""price"":""700.0"",""customName"":""""},{""name"":""Choco Vanilla"",""price"":""700.0"",""customName"":""""},{""name"":""White Forest"",""price"":""700.0"",""customName"":""""}]",,,,Moti bakery,,0,0,0,0,0,,Cake 1205,General,700.0,,10,active,https://jygsbebawnkvyaqohxes.supabase.co/storage/v1/object/public/cake-images/converted_webp/resized_1652697792.webp,2025-02-05 14:09:37+00,2026-05-07 15:27:21.769521+00,3.0,
929ca1d7-7c16-4bd9-9788-f359771d3748,cake-181,Cake 181,Title,-,flavours,"[{""name"":""Pineapple"",""price"":""675.0"",""customName"":""""},{""name"":""Butter Scotch"",""price"":""675.0"",""customName"":""""},{""name"":""Strawberry"",""price"":""675.0"",""customName"":""""},{""name"":""Almond Honey"",""price"":""675.0"",""customName"":""""},{""name"":""Caramel Crunch"",""price"":""675.0"",""customName"":""""},{""name"":""Redvelvet"",""price"":""675.0"",""customName"":""""}]",,,,Moti bakery,,0,0,0,0,0,,Cake 181,General,675.0,,6,active,https://jygsbebawnkvyaqohxes.supabase.co/storage/v1/object/public/cake-images/converted_webp/resized_1576584588650.webp,2025-02-05 16:02:38+00,2026-05-07 15:20:36.948939+00,2.0,
92ac3271-b52b-4057-abce-146372e013b8,cake-1120,Cake 1120,Title,-,flavours,"[{""name"":""Pineapple"",""price"":""1200.0"",""customName"":""""},{""name"":""Butter Scotch"",""price"":""1200.0"",""customName"":""""},{""name"":""Strawberry"",""price"":""1200.0"",""customName"":""""}]",,,,Moti bakery,,0,0,0,0,0,,Cake 1120,General,1200.0,,3,active,https://jygsbebawnkvyaqohxes.supabase.co/storage/v1/object/public/cake-images/converted_webp/resized_IMG20200905WA0102.webp,2025-02-05 14:47:46+00,2026-05-07 15:26:31.510336+00,2.0,
92da8330-05ea-4f59-a5e2-d52fe05af253,cake-179,Cake 179,Title,-,flavours,"[{""name"":""- Pineapple"",""price"":""650.0"",""customName"":""""},{""name"":""Butter Scotch"",""price"":""650.0"",""customName"":""""},{""name"":""Strawberry"",""price"":""650.0"",""customName"":""""}]",,,,Moti bakery,,0,0,0,0,0,,Cake 179,General,650.0,,3,active,https://jygsbebawnkvyaqohxes.supabase.co/storage/v1/object/public/cake-images/converted_webp/resized_1576604930790.webp,2025-02-05 15:44:50+00,2026-05-07 15:20:35.941733+00,1.5,
930ce9d6-9088-40ab-8332-1579c9526313,cake-1377,Cake 1377,Title,-,flavours,"[{""name"":""Butterscotch"",""price"":""1200.0"",""customName"":""""},{""name"":""Strawberry"",""price"":""1200.0"",""customName"":""""},{""name"":""Pineapple"",""price"":""1200.0"",""customName"":""""},{""name"":""Black Forest"",""price"":""1200.0"",""customName"":""""},{""name"":""Mix Fruit"",""price"":""1200.0"",""customName"":""""},{""name"":""Almond Honey"",""price"":""1200.0"",""customName"":""""},{""name"":""Choco Crunch"",""price"":""1200.0"",""customName"":""""},{""name"":""Rainbow"",""price"":""1200.0"",""customName"":""""},{""name"":""Choco Vanilla"",""price"":""1200.0"",""customName"":""""},{""name"":""White Forest"",""price"":""1200.0"",""customName"":""""}]",,,,Moti bakery,,0,0,0,0,0,,Cake 1377,General,1200.0,,10,active,https://jygsbebawnkvyaqohxes.supabase.co/storage/v1/object/public/cake-images/converted_webp/resized_1652768278.webp,2025-02-05 14:47:46+00,2026-05-07 15:28:52.493541+00,3.0,
9366674f-7f3c-4345-b115-ae52ec4fd1c5,cake-1171,Cake 1171,Title,-,flavours,"[{""name"":""Butterscotch"",""price"":""700.0"",""customName"":""""},{""name"":""Strawberry"",""price"":""700.0"",""customName"":""""},{""name"":""Pineapple"",""price"":""700.0"",""customName"":""""},{""name"":""Black Forest"",""price"":""700.0"",""customName"":""""},{""name"":""Mix Fruit"",""price"":""700.0"",""customName"":""""},{""name"":""Almond Honey"",""price"":""700.0"",""customName"":""""},{""name"":""Choco Crunch"",""price"":""700.0"",""customName"":""""},{""name"":""Rainbow"",""price"":""700.0"",""customName"":""""},{""name"":""Choco Vanilla"",""price"":""700.0"",""customName"":""""},{""name"":""White Forest"",""price"":""700.0"",""customName"":""""}]",,,,Moti bakery,,0,0,0,0,0,,Cake 1171,General,700.0,,10,active,https://jygsbebawnkvyaqohxes.supabase.co/storage/v1/object/public/cake-images/converted_webp/resized_1652693090.webp,2025-02-05 14:09:37+00,2026-05-07 15:27:03.238536+00,5.0,
9370148a-0f47-438f-946c-67c2c14acad1,cake-1151,Cake 1151,Title,-,flavours,"[{""name"":""Butterscotch"",""price"":""800.0"",""customName"":""""},{""name"":""Strawberry"",""price"":""800.0"",""customName"":""""},{""name"":""Pineapple"",""price"":""800.0"",""customName"":""""},{""name"":""Black Forest"",""price"":""800.0"",""customName"":""""},{""name"":""Mix Fruit"",""price"":""800.0"",""customName"":""""},{""name"":""Almond Honey"",""price"":""800.0"",""customName"":""""},{""name"":""Choco Crunch"",""price"":""800.0"",""customName"":""""},{""name"":""Rainbow"",""price"":""800.0"",""customName"":""""},{""name"":""Choco Vanilla"",""price"":""800.0"",""customName"":""""},{""name"":""White Forest"",""price"":""800.0"",""customName"":""""}]",,,,Moti bakery,,0,0,0,0,0,,Cake 1151,General,800.0,,10,active,https://jygsbebawnkvyaqohxes.supabase.co/storage/v1/object/public/cake-images/converted_webp/resized_1652687664.webp,2025-02-05 14:09:37+00,2026-05-07 15:26:52.077677+00,3.0,
937cfdd1-455a-446e-bdb8-9ca7d321d80c,cake-800,Cake 800,Title,-,flavours,"[{""name"":""Pineapple"",""price"":""675.0"",""customName"":""""},{""name"":""Butter Scotch"",""price"":""675.0"",""customName"":""""},{""name"":""Strawberry"",""price"":""675.0"",""customName"":""""}]",,,,Moti bakery,,0,0,0,0,0,,Cake 800,General,675.0,,3,active,https://jygsbebawnkvyaqohxes.supabase.co/storage/v1/object/public/cake-images/converted_webp/resized_366.webp,2025-02-05 14:09:37+00,2026-05-07 15:23:35.645829+00,3.0,
93f0268b-b4a8-4fe7-bdbc-9736bb51913b,cake-1315,Cake 1315,Title,-,flavours,"[{""name"":""Butterscotch"",""price"":""1200.0"",""customName"":""""},{""name"":""Strawberry"",""price"":""1200.0"",""customName"":""""},{""name"":""Pineapple"",""price"":""1200.0"",""customName"":""""},{""name"":""Black Forest"",""price"":""1200.0"",""customName"":""""},{""name"":""Mix Fruit"",""price"":""1200.0"",""customName"":""""},{""name"":""Almond Honey"",""price"":""1200.0"",""customName"":""""},{""name"":""Choco Crunch"",""price"":""1200.0"",""customName"":""""},{""name"":""Rainbow"",""price"":""1200.0"",""customName"":""""},{""name"":""Choco Vanilla"",""price"":""1200.0"",""customName"":""""},{""name"":""White Forest"",""price"":""1200.0"",""customName"":""""}]",,,,Moti bakery,,0,0,0,0,0,,Cake 1315,General,1200.0,,10,active,https://jygsbebawnkvyaqohxes.supabase.co/storage/v1/object/public/cake-images/converted_webp/resized_1652709167.webp,2025-02-05 14:47:46+00,2026-05-07 15:28:18.192623+00,6.0,
9483419a-5c41-4423-ac5c-9a4ab48ceeee,cake-525,Cake 525,Title,-,flavours,"[{""name"":""Pineapple"",""price"":""725.0"",""customName"":""""},{""name"":""Butter Scotch"",""price"":""725.0"",""customName"":""""},{""name"":""Strawberry"",""price"":""725.0"",""customName"":""""},{""name"":""Almond Honey"",""price"":""725.0"",""customName"":""""},{""name"":""Caramel Crunch"",""price"":""725.0"",""customName"":""""},{""name"":""Redvelvet"",""price"":""725.0"",""customName"":""""}]",,,,Moti bakery,,0,0,0,0,0,,Cake 525,General,725.0,,6,active,https://jygsbebawnkvyaqohxes.supabase.co/storage/v1/object/public/cake-images/converted_webp/resized_FBIMG1580288485316.webp,2025-02-05 16:23:21+00,2026-05-07 15:22:13.240897+00,7.0,
9503f6fe-9e68-4052-b983-5e609107bca3,cake-827,Cake 827,Title,-,flavours,"[{""name"":""Pineapple"",""price"":""700.0"",""customName"":""""},{""name"":""Butter Scotch"",""price"":""700.0"",""customName"":""""},{""name"":""Strawberry"",""price"":""700.0"",""customName"":""""}]",,,,Moti bakery,,0,0,0,0,0,,Cake 827,General,700.0,,3,active,https://jygsbebawnkvyaqohxes.supabase.co/storage/v1/object/public/cake-images/converted_webp/resized_393.webp,2025-02-05 14:09:37+00,2026-05-07 15:23:49.293842+00,3.0,
950dc016-be7c-4d6e-bb4b-4224d7ddaf66,cake-532,Cake 532,Title,-,flavours,"[{""name"":""Pineapple"",""price"":""800.0"",""customName"":""""},{""name"":""Butter Scotch"",""price"":""800.0"",""customName"":""""},{""name"":""Strawberry"",""price"":""800.0"",""customName"":""""},{""name"":""Almond Honey"",""price"":""800.0"",""customName"":""""},{""name"":""Caramel Crunch"",""price"":""800.0"",""customName"":""""},{""name"":""Redvelvet"",""price"":""800.0"",""customName"":""""}]",,,,Moti bakery,,0,0,0,0,0,,Cake 532,General,800.0,,6,active,https://jygsbebawnkvyaqohxes.supabase.co/storage/v1/object/public/cake-images/converted_webp/resized_FBIMG1578902728450.webp,2025-02-05 16:24:12+00,2026-05-07 15:22:17.039438+00,7.0,
9527b572-8571-43d6-aa89-61d85710f765,cake-75,Cake 75,Title,-,flavours,"[{""name"":""Pineapple"",""price"":""650.0"",""customName"":""""},{""name"":""Butter Scotch"",""price"":""650.0"",""customName"":""""},{""name"":""Strawberry"",""price"":""650.0"",""customName"":""""}]",,,,Moti bakery,,0,0,0,0,0,,Cake 75,General,650.0,,3,active,https://jygsbebawnkvyaqohxes.supabase.co/storage/v1/object/public/cake-images/converted_webp/00075.webp,2025-02-05 14:09:37+00,2026-05-07 15:19:38.722605+00,2.0,
958364c6-1f79-462f-98d3-30814ce66220,cake-1201,Cake 1201,Title,-,flavours,"[{""name"":""Butterscotch"",""price"":""700.0"",""customName"":""""},{""name"":""Strawberry"",""price"":""700.0"",""customName"":""""},{""name"":""Pineapple"",""price"":""700.0"",""customName"":""""},{""name"":""Black Forest"",""price"":""700.0"",""customName"":""""},{""name"":""Mix Fruit"",""price"":""700.0"",""customName"":""""},{""name"":""Almond Honey"",""price"":""700.0"",""customName"":""""},{""name"":""Choco Crunch"",""price"":""700.0"",""customName"":""""},{""name"":""Rainbow"",""price"":""700.0"",""customName"":""""},{""name"":""Choco Vanilla"",""price"":""700.0"",""customName"":""""},{""name"":""White Forest"",""price"":""700.0"",""customName"":""""}]",,,,Moti bakery,,0,0,0,0,0,,Cake 1201,General,700.0,,10,active,https://jygsbebawnkvyaqohxes.supabase.co/storage/v1/object/public/cake-images/converted_webp/resized_1652696518.webp,2025-02-05 14:51:26+00,2026-05-07 15:27:19.618404+00,5.0,
95b00837-239f-4f71-936f-ca2ea1e7d2c6,cake-475,Cake 475,Title,-,flavours,"[{""name"":""Pineapple"",""price"":""675.0"",""customName"":""""},{""name"":""Butter Scotch"",""price"":""675.0"",""customName"":""""},{""name"":""Strawberry"",""price"":""675.0"",""customName"":""""},{""name"":""Almond Honey"",""price"":""675.0"",""customName"":""""},{""name"":""Caramel Crunch"",""price"":""675.0"",""customName"":""""},{""name"":""Redvelvet"",""price"":""675.0"",""customName"":""""}]",,,,Moti bakery,,0,0,0,0,0,,Cake 475,General,675.0,,6,active,https://jygsbebawnkvyaqohxes.supabase.co/storage/v1/object/public/cake-images/converted_webp/resized_1576604894165.webp,2025-02-05 16:06:51+00,2026-05-07 15:21:43.919604+00,6.0,
95ceb31d-40a8-4233-a305-dcb33b4db099,cake-1376,Cake 1376,Title,-,flavours,"[{""name"":""Butterscotch"",""price"":""1200.0"",""customName"":""""},{""name"":""Strawberry"",""price"":""1200.0"",""customName"":""""},{""name"":""Pineapple"",""price"":""1200.0"",""customName"":""""},{""name"":""Black Forest"",""price"":""1200.0"",""customName"":""""},{""name"":""Mix Fruit"",""price"":""1200.0"",""customName"":""""},{""name"":""Almond Honey"",""price"":""1200.0"",""customName"":""""},{""name"":""Choco Crunch"",""price"":""1200.0"",""customName"":""""},{""name"":""Rainbow"",""price"":""1200.0"",""customName"":""""},{""name"":""Choco Vanilla"",""price"":""1200.0"",""customName"":""""},{""name"":""White Forest"",""price"":""1200.0"",""customName"":""""}]",,,,Moti bakery,,0,0,0,0,0,,Cake 1376,General,1200.0,,10,active,https://jygsbebawnkvyaqohxes.supabase.co/storage/v1/object/public/cake-images/converted_webp/resized_1652768244.webp,2025-02-05 14:47:46+00,2026-05-07 15:28:51.986216+00,3.0,
95eb7341-dec6-4492-9827-19ac04039d0f,cake-1301,Cake 1301,Title,-,flavours,"[{""name"":""Butterscotch"",""price"":""750.0"",""customName"":""""},{""name"":""Strawberry"",""price"":""750.0"",""customName"":""""},{""name"":""Pineapple"",""price"":""750.0"",""customName"":""""},{""name"":""Black Forest"",""price"":""750.0"",""customName"":""""},{""name"":""Mix Fruit"",""price"":""750.0"",""customName"":""""},{""name"":""Almond Honey"",""price"":""750.0"",""customName"":""""},{""name"":""Choco Crunch"",""price"":""750.0"",""customName"":""""},{""name"":""Rainbow"",""price"":""750.0"",""customName"":""""},{""name"":""Choco Vanilla"",""price"":""750.0"",""customName"":""""},{""name"":""White Forest"",""price"":""750.0"",""customName"":""""}]",,,,Moti bakery,,0,0,0,0,0,,Cake 1301,General,750.0,,10,active,https://jygsbebawnkvyaqohxes.supabase.co/storage/v1/object/public/cake-images/converted_webp/resized_1652706553.webp,2025-02-05 14:09:37+00,2026-05-07 15:28:10.45087+00,3.0,
965456b3-1658-4ae4-a7d1-b7a5c4cda754,cake-1285,Cake 1285,Title,-,flavours,"[{""name"":""Butterscotch"",""price"":""675.0"",""customName"":""""},{""name"":""Strawberry"",""price"":""675.0"",""customName"":""""},{""name"":""Pineapple"",""price"":""675.0"",""customName"":""""},{""name"":""Black Forest"",""price"":""675.0"",""customName"":""""},{""name"":""Mix Fruit"",""price"":""675.0"",""customName"":""""},{""name"":""Almond Honey"",""price"":""675.0"",""customName"":""""},{""name"":""Choco Crunch"",""price"":""675.0"",""customName"":""""},{""name"":""Rainbow"",""price"":""675.0"",""customName"":""""},{""name"":""Choco Vanilla"",""price"":""675.0"",""customName"":""""},{""name"":""White Forest"",""price"":""675.0"",""customName"":""""}]",,,,Moti bakery,,0,0,0,0,0,,Cake 1285,General,675.0,,10,active,https://jygsbebawnkvyaqohxes.supabase.co/storage/v1/object/public/cake-images/converted_webp/resized_1652705119.webp,2025-02-05 14:09:37+00,2026-05-07 15:28:03.072577+00,1.0,
967c8238-6bb0-4810-8d23-57b81d56c9c1,cake-530,Cake 530,Title,-,flavours,"[{""name"":""Pineapple"",""price"":""725.0"",""customName"":""""},{""name"":""Butter Scotch"",""price"":""725.0"",""customName"":""""},{""name"":""Strawberry"",""price"":""725.0"",""customName"":""""},{""name"":""Almond Honey"",""price"":""725.0"",""customName"":""""},{""name"":""Caramel Crunch"",""price"":""725.0"",""customName"":""""},{""name"":""Redvelvet"",""price"":""725.0"",""customName"":""""}]",,,,Moti bakery,,0,0,0,0,0,,Cake 530,General,725.0,,6,active,https://jygsbebawnkvyaqohxes.supabase.co/storage/v1/object/public/cake-images/converted_webp/resized_FBIMG1580655359215.webp,2025-02-05 16:23:57+00,2026-05-07 15:22:15.929217+00,6.0,
96931a89-b3f1-4269-a8f2-5ecd9c5c13e2,cake-137,Cake 137,Title,-,flavours,"[{""name"":""Pineapple"",""price"":""800.0"",""customName"":""""},{""name"":""Butter Scotch"",""price"":""800.0"",""customName"":""""},{""name"":""Strawberry"",""price"":""800.0"",""customName"":""""}]",,,,Moti bakery,,0,0,0,0,0,,Cake 137,General,800.0,,3,active,https://jygsbebawnkvyaqohxes.supabase.co/storage/v1/object/public/cake-images/converted_webp/resized_0137.webp,2025-02-05 14:09:37+00,2026-05-07 15:20:14.247972+00,1.0,
969e037d-0d8b-4366-8f5e-705490b191d8,cake-1026,Cake 1026,Title,-,flavours,"[{""name"":""Pineapple"",""price"":""1200.0"",""customName"":""""},{""name"":""Butters Cotch"",""price"":""1200.0"",""customName"":""""},{""name"":""Strawberry"",""price"":""1200.0"",""customName"":""""}]",,,,Moti bakery,,0,0,0,0,0,,Cake 1026,General,1200.0,,3,active,https://jygsbebawnkvyaqohxes.supabase.co/storage/v1/object/public/cake-images/converted_webp/resized_00533.webp,2025-02-05 14:47:46+00,2026-05-07 15:25:18.063116+00,2.5,
9731fb93-0f2a-40bc-89b0-9e672b9c52bb,cake-1320,Cake 1320,Title,-,flavours,"[{""name"":""Butterscotch"",""price"":""1200.0"",""customName"":""""},{""name"":""Strawberry"",""price"":""1200.0"",""customName"":""""},{""name"":""Pineapple"",""price"":""1200.0"",""customName"":""""},{""name"":""Black Forest"",""price"":""1200.0"",""customName"":""""},{""name"":""Mix Fruit"",""price"":""1200.0"",""customName"":""""},{""name"":""Almond Honey"",""price"":""1200.0"",""customName"":""""},{""name"":""Choco Crunch"",""price"":""1200.0"",""customName"":""""},{""name"":""Rainbow"",""price"":""1200.0"",""customName"":""""},{""name"":""Choco Vanilla"",""price"":""1200.0"",""customName"":""""},{""name"":""White Forest"",""price"":""1200.0"",""customName"":""""}]",,,,Moti bakery,,0,0,0,0,0,,Cake 1320,General,1200.0,,10,active,https://jygsbebawnkvyaqohxes.supabase.co/storage/v1/object/public/cake-images/converted_webp/resized_1652709367.webp,2025-02-05 14:47:46+00,2026-05-07 15:28:20.952355+00,2.0,
976491d3-8051-4ce1-88c5-00a64fdd6dbf,cake-751,Cake 751,Title,-,flavours,"[{""name"":""Pineapple"",""price"":""725.0"",""customName"":""""},{""name"":""Butter Scotch"",""price"":""725.0"",""customName"":""""},{""name"":""Strawberry"",""price"":""725.0"",""customName"":""""}]",,,,Moti bakery,,0,0,0,0,0,,Cake 751,General,725.0,,3,active,https://jygsbebawnkvyaqohxes.supabase.co/storage/v1/object/public/cake-images/converted_webp/resized_364.webp,2025-02-05 14:09:37+00,2026-05-07 15:23:11.428787+00,4.0,
97c4ff2d-e7db-4035-bd86-323f24c6bee8,cake-478,Cake 478,Title,-,flavours,"[{""name"":""Pineapple"",""price"":""675.0"",""customName"":""""},{""name"":""Butter Scotch"",""price"":""675.0"",""customName"":""""},{""name"":""Strawberry"",""price"":""675.0"",""customName"":""""}]",,,,Moti bakery,,0,0,0,0,0,,Cake 478,General,675.0,,3,active,https://jygsbebawnkvyaqohxes.supabase.co/storage/v1/object/public/cake-images/converted_webp/resized_1576604885274.webp,2025-02-05 14:09:37+00,2026-05-07 15:21:45.607395+00,5.0,
980729d2-7c16-4e43-8637-46d10cd61fda,cake-472,Cake 472,Title,-,flavours,"[{""name"":""Pineapple"",""price"":""625.0"",""customName"":""""},{""name"":""Butterscotch"",""price"":""625.0"",""customName"":""""},{""name"":""Strawberry"",""price"":""625.0"",""customName"":""""}]",,,,Moti bakery,,0,0,0,0,0,,Cake 472,General,625.0,,3,active,https://jygsbebawnkvyaqohxes.supabase.co/storage/v1/object/public/cake-images/converted_webp/resized_1576053386992.webp,2025-02-05 14:09:37+00,2026-05-07 15:21:41.081798+00,6.0,
98edca0e-edf3-4d42-aa28-b20d3557dc19,cake-1323,Cake 1323,Title,-,flavours,"[{""name"":""Butterscotch"",""price"":""1200.0"",""customName"":""""},{""name"":""Strawberry"",""price"":""1200.0"",""customName"":""""},{""name"":""Pineapple"",""price"":""1200.0"",""customName"":""""},{""name"":""Black Forest"",""price"":""1200.0"",""customName"":""""},{""name"":""Mix Fruit"",""price"":""1200.0"",""customName"":""""},{""name"":""Almond Honey"",""price"":""1200.0"",""customName"":""""},{""name"":""Choco Crunch"",""price"":""1200.0"",""customName"":""""},{""name"":""Rainbow"",""price"":""1200.0"",""customName"":""""},{""name"":""Choco Vanilla"",""price"":""1200.0"",""customName"":""""},{""name"":""White Forest"",""price"":""1200.0"",""customName"":""""}]",,,,Moti bakery,,0,0,0,0,0,,Cake 1323,General,1200.0,,10,active,https://jygsbebawnkvyaqohxes.supabase.co/storage/v1/object/public/cake-images/converted_webp/resized_1652709673.webp,2025-02-05 14:47:46+00,2026-05-07 15:28:22.688921+00,7.0,
98fc96a7-1d55-4cd9-8f20-3ee82c2dc05e,cake-183,Cake 183,Title,-,flavours,"[{""name"":""Pineapple"",""price"":""700.0"",""customName"":""""},{""name"":""Butter Scotch"",""price"":""700.0"",""customName"":""""},{""name"":""Strawberry"",""price"":""700.0"",""customName"":""""},{""name"":""Almond Honey"",""price"":""700.0"",""customName"":""""},{""name"":""Caramel Crunch"",""price"":""700.0"",""customName"":""""},{""name"":""Redvelvet"",""price"":""700.0"",""customName"":""""}]",,,,Moti bakery,,0,0,0,0,0,,Cake 183,General,700.0,,6,active,https://jygsbebawnkvyaqohxes.supabase.co/storage/v1/object/public/cake-images/converted_webp/resized_1576605135637.webp,2025-02-05 16:02:59+00,2026-05-07 15:20:38.018337+00,2.0,
9925fd7c-c630-48a9-bd97-65ef046e756f,cake-768,Cake 768,Title,-,flavours,"[{""name"":""Pineapple"",""price"":""675.0"",""customName"":""""},{""name"":""Butter Scotch"",""price"":""675.0"",""customName"":""""},{""name"":""Strawberry"",""price"":""675.0"",""customName"":""""}]",,,,Moti bakery,,0,0,0,0,0,,Cake 768,General,675.0,,3,active,https://jygsbebawnkvyaqohxes.supabase.co/storage/v1/object/public/cake-images/converted_webp/resized_CHOTABHEEM.webp,2025-02-05 16:29:58+00,2026-05-07 15:23:20.54343+00,5.0,
99551dcf-f0db-469a-a72e-8f3a5fd6bcf8,cake-87,Cake 87,Title,-,flavours,"[{""name"":""Pineapple"",""price"":""700.0"",""customName"":""""},{""name"":""Butter Scotch"",""price"":""700.0"",""customName"":""""},{""name"":""Strawberry"",""price"":""700.0"",""customName"":""""}]",,,,Moti bakery,,0,0,0,0,0,,Cake 87,General,700.0,,3,active,https://jygsbebawnkvyaqohxes.supabase.co/storage/v1/object/public/cake-images/converted_webp/00087.webp,2025-02-05 14:09:37+00,2026-05-07 15:19:45.749167+00,2.0,
995e235d-be5b-4211-8d38-704c9d1adb91,cake-1269,Cake 1269,Title,-,flavours,"[{""name"":""Choco Crunch"",""price"":""925.0"",""customName"":""""},{""name"":""Choco Vanilla"",""price"":""925.0"",""customName"":""""},{""name"":""Chocolate Truffle"",""price"":""925.0"",""customName"":""""}]",,,,Moti bakery,,0,0,0,0,0,,Cake 1269,General,925.0,,3,active,https://jygsbebawnkvyaqohxes.supabase.co/storage/v1/object/public/cake-images/converted_webp/resized_1652702778.webp,2025-02-05 14:09:37+00,2026-05-07 15:28:01.095447+00,3.0,
99b1e140-b4e7-4475-aa7b-c959b8f0491f,cake-1107,Cake 1107,Title,-,flavours,"[{""name"":""Pineapple"",""price"":""1200.0"",""customName"":""""},{""name"":""Btter Scotch"",""price"":""1200.0"",""customName"":""""},{""name"":""Strawberry"",""price"":""1200.0"",""customName"":""""}]",,,,Moti bakery,,0,0,0,0,0,,Cake 1107,General,1200.0,,3,active,https://jygsbebawnkvyaqohxes.supabase.co/storage/v1/object/public/cake-images/converted_webp/resized_FBIMG1600169066291.webp,2025-02-05 14:47:46+00,2026-05-07 15:26:04.662718+00,6.0,
99e98a80-4018-4fd8-8b12-aaff563f8af0,cake-948,Cake 948,Title,-,flavours,"[{""name"":""Pineapple"",""price"":""1200.0"",""customName"":""""},{""name"":""Butter Scotch"",""price"":""1200.0"",""customName"":""""},{""name"":""Strawberry"",""price"":""1200.0"",""customName"":""""}]",,,,Moti bakery,,0,0,0,0,0,,Cake 948,General,1200.0,,3,active,https://jygsbebawnkvyaqohxes.supabase.co/storage/v1/object/public/cake-images/converted_webp/00455.webp,2025-02-05 14:33:11+00,2026-05-07 15:24:35.48735+00,2.5,
9a282f7d-bed7-4784-ab42-55438c522d0e,cake-1072,Cake 1072,Title,-,flavours,"[{""name"":""Pineapple"",""price"":""1200.0"",""customName"":""""},{""name"":""Butter Scotch"",""price"":""1200.0"",""customName"":""""},{""name"":""Stawberry"",""price"":""1200.0"",""customName"":""""},{""name"":""Caramel Crunch"",""price"":""1200.0"",""customName"":""""},{""name"":""Almond Honey"",""price"":""1200.0"",""customName"":""""},{""name"":""Redvelvet"",""price"":""1200.0"",""customName"":""""}]",,,,Moti bakery,,0,0,0,0,0,,Cake 1072,General,1200.0,,6,active,https://jygsbebawnkvyaqohxes.supabase.co/storage/v1/object/public/cake-images/converted_webp/resized_1576596365041.webp,2025-02-05 14:48:44+00,2026-05-07 15:25:44.732969+00,2.5,
9a5dc5c7-e270-4668-83cd-36f4e2c2237a,cake-99,Cake 99,Title,-,flavours,"[{""name"":""Pineapple"",""price"":""650.0"",""customName"":""""},{""name"":""Butter Scotch"",""price"":""650.0"",""customName"":""""},{""name"":""Strawberry"",""price"":""650.0"",""customName"":""""}]",,,,Moti bakery,,0,0,0,0,0,,Cake 99,General,650.0,,3,active,https://jygsbebawnkvyaqohxes.supabase.co/storage/v1/object/public/cake-images/converted_webp/00099.webp,2025-02-05 14:09:37+00,2026-05-07 15:19:53.079861+00,2.0,
9a8cb70a-0d19-43a9-b49a-a8d2d566375f,cake-1185,Cake 1185,Title,-,flavours,"[{""name"":""Butterscotch"",""price"":""1200.0"",""customName"":""""},{""name"":""Strawberry"",""price"":""1200.0"",""customName"":""""},{""name"":""Pineapple"",""price"":""1200.0"",""customName"":""""},{""name"":""Black Forest"",""price"":""1200.0"",""customName"":""""},{""name"":""Mix Fruit"",""price"":""1200.0"",""customName"":""""},{""name"":""Almond Honey"",""price"":""1200.0"",""customName"":""""},{""name"":""Choco Crunch"",""price"":""1200.0"",""customName"":""""},{""name"":""Rainbow"",""price"":""1200.0"",""customName"":""""},{""name"":""Choco Vanilla"",""price"":""1200.0"",""customName"":""""},{""name"":""White Forest"",""price"":""1200.0"",""customName"":""""}]",,,,Moti bakery,,0,0,0,0,0,,Cake 1185,General,1200.0,,10,active,https://jygsbebawnkvyaqohxes.supabase.co/storage/v1/object/public/cake-images/converted_webp/resized_1652695314.webp,2025-02-05 14:47:46+00,2026-05-07 15:27:10.502482+00,3.0,
9be9e350-349a-40b8-9344-8a8cffc4766c,cake-919,Cake 919,Title,-,flavours,"[{""name"":""Pineapple"",""price"":""1200.0"",""customName"":""""},{""name"":""Butter Scotch"",""price"":""1200.0"",""customName"":""""},{""name"":""Strawberry"",""price"":""1200.0"",""customName"":""""}]",,,,Moti bakery,,0,0,0,0,0,,Cake 919,General,1200.0,,3,active,https://jygsbebawnkvyaqohxes.supabase.co/storage/v1/object/public/cake-images/converted_webp/00426.webp,2025-02-05 14:27:22+00,2026-05-07 15:24:18.368872+00,9.0,
9bf641a5-1bc7-4e94-9a7f-13dcf9fce3fd,cake-116,Cake 116,Title,-,flavours,"[{""name"":""Pineapple"",""price"":""650.0"",""customName"":""""},{""name"":""Butter Scotch"",""price"":""650.0"",""customName"":""""},{""name"":""Strawberry"",""price"":""650.0"",""customName"":""""}]",,,,Moti bakery,,0,0,0,0,0,,Cake 116,General,650.0,,3,active,https://jygsbebawnkvyaqohxes.supabase.co/storage/v1/object/public/cake-images/converted_webp/resized_0116.webp,2025-02-05 14:09:37+00,2026-05-07 15:20:03.41192+00,2.0,
9c0fa939-542b-4a23-b281-6c3ecad21b13,cake-131,Cake 131,Title,-,flavours,"[{""name"":""Pineapple"",""price"":""700.0"",""customName"":""""},{""name"":""Butter Scotch"",""price"":""700.0"",""customName"":""""},{""name"":""Strawberry"",""price"":""700.0"",""customName"":""""}]",,,,Moti bakery,,0,0,0,0,0,,Cake 131,General,700.0,,3,active,https://jygsbebawnkvyaqohxes.supabase.co/storage/v1/object/public/cake-images/converted_webp/resized_0131.webp,2025-02-05 14:09:37+00,2026-05-07 15:20:11.15622+00,2.0,
9c5d6add-1ed3-4542-9c16-4bc5dc8305bd,cake-526,Cake 526,Title,-,flavours,"[{""name"":""Pineapple"",""price"":""725.0"",""customName"":""""},{""name"":""Butter Scotch"",""price"":""725.0"",""customName"":""""},{""name"":""Strawberry"",""price"":""725.0"",""customName"":""""},{""name"":""Almond Honey"",""price"":""725.0"",""customName"":""""},{""name"":""Caramel Crunch"",""price"":""725.0"",""customName"":""""},{""name"":""Redvelvet"",""price"":""725.0"",""customName"":""""}]",,,,Moti bakery,,0,0,0,0,0,,Cake 526,General,725.0,,6,active,https://jygsbebawnkvyaqohxes.supabase.co/storage/v1/object/public/cake-images/converted_webp/resized_FBIMG1580291568548.webp,2025-02-05 16:23:29+00,2026-05-07 15:22:13.772859+00,6.0,
9c9fffd0-1d6e-4cd1-9713-f013d1b0b8f0,cake-965,Cake 965,Title,-,flavours,"[{""name"":""Pineapple"",""price"":""1200.0"",""customName"":""""},{""name"":""Butter Scotch"",""price"":""1200.0"",""customName"":""""},{""name"":""Strawberry"",""price"":""1200.0"",""customName"":""""}]",,,,Moti bakery,,0,0,0,0,0,,Cake 965,General,1200.0,,3,active,https://jygsbebawnkvyaqohxes.supabase.co/storage/v1/object/public/cake-images/converted_webp/00473.webp,2025-02-05 14:37:39+00,2026-05-07 15:24:44.395942+00,3.0,
9d40e374-209d-4947-8738-a192193f97fd,cake-765,Cake 765,Title,-,flavours,"[{""name"":""Pineapple"",""price"":""725.0"",""customName"":""""},{""name"":""Butter Scotch"",""price"":""725.0"",""customName"":""""},{""name"":""Strawberry"",""price"":""725.0"",""customName"":""""}]",,,,Moti bakery,,0,0,0,0,0,,Cake 765,General,725.0,,3,active,https://jygsbebawnkvyaqohxes.supabase.co/storage/v1/object/public/cake-images/converted_webp/resized_345.webp,2025-02-05 14:09:37+00,2026-05-07 15:23:18.847577+00,3.0,
9d46ecf2-80c2-40c7-8689-42b2b5088e4e,cake-1242,Cake 1242,Title,-,flavours,"[{""name"":""Butterscotch"",""price"":""700.0"",""customName"":""""},{""name"":""Strawberry"",""price"":""700.0"",""customName"":""""},{""name"":""Pineapple"",""price"":""700.0"",""customName"":""""},{""name"":""Black Forest"",""price"":""700.0"",""customName"":""""},{""name"":""Mix Fruit"",""price"":""700.0"",""customName"":""""},{""name"":""Almond Honey"",""price"":""700.0"",""customName"":""""},{""name"":""Choco Crunch"",""price"":""700.0"",""customName"":""""},{""name"":""Rainbow"",""price"":""700.0"",""customName"":""""},{""name"":""Choco Vanilla"",""price"":""700.0"",""customName"":""""},{""name"":""White Forest"",""price"":""700.0"",""customName"":""""}]",,,,Moti bakery,,0,0,0,0,0,,Cake 1242,General,700.0,,10,active,https://jygsbebawnkvyaqohxes.supabase.co/storage/v1/object/public/cake-images/converted_webp/resized_1652699926.webp,2025-02-05 14:09:37+00,2026-05-07 15:27:43.475841+00,4.0,
9d4706fa-de1d-453f-956c-f2a5060f6f7f,cake-185,Cake 185,Title,-,flavours,"[{""name"":""Pineapple"",""price"":""675.0"",""customName"":""""},{""name"":""Butter Scotch"",""price"":""675.0"",""customName"":""""},{""name"":""Strawberry"",""price"":""675.0"",""customName"":""""},{""name"":""Almond Honey"",""price"":""675.0"",""customName"":""""},{""name"":""Caramel Crunch"",""price"":""675.0"",""customName"":""""},{""name"":""Redvelvet"",""price"":""675.0"",""customName"":""""}]",,,,Moti bakery,,0,0,0,0,0,,Cake 185,General,675.0,,6,active,https://jygsbebawnkvyaqohxes.supabase.co/storage/v1/object/public/cake-images/converted_webp/resized_1576605136185.webp,2025-02-05 16:03:16+00,2026-05-07 15:20:38.936858+00,1.5,
9d800d10-73e2-4c9b-9cf6-df420c5c0505,cake-762,Cake 762,Title,-,flavours,"[{""name"":""Pineapple"",""price"":""675.0"",""customName"":""""},{""name"":""Butter Scotch"",""price"":""675.0"",""customName"":""""},{""name"":""Strawberry"",""price"":""675.0"",""customName"":""""}]",,,,Moti bakery,,0,0,0,0,0,,Cake 762,General,675.0,,3,active,https://jygsbebawnkvyaqohxes.supabase.co/storage/v1/object/public/cake-images/converted_webp/resized_348.webp,2025-02-05 14:09:37+00,2026-05-07 15:23:17.296671+00,2.0,
9e14d4d8-178f-455a-991c-124de6591c90,cake-770,Cake 770,Title,-,flavours,"[{""name"":""Pineapple"",""price"":""675.0"",""customName"":""""},{""name"":""Butters Cotch"",""price"":""675.0"",""customName"":""""},{""name"":""Strawberry"",""price"":""675.0"",""customName"":""""}]",,,,Moti bakery,,0,0,0,0,0,,Cake 770,General,675.0,,3,active,https://jygsbebawnkvyaqohxes.supabase.co/storage/v1/object/public/cake-images/converted_webp/resized_3.webp,2025-02-05 16:30:12+00,2026-05-07 15:23:21.580396+00,5.0,
9e68899e-a7d4-405b-936f-683acb717ad7,cake-1357,Cake 1357,Title,-,flavours,"[{""name"":""Butterscotch"",""price"":""1200.0"",""customName"":""""},{""name"":""Strawberry"",""price"":""1200.0"",""customName"":""""},{""name"":""Pineapple"",""price"":""1200.0"",""customName"":""""},{""name"":""Black Forest"",""price"":""1200.0"",""customName"":""""},{""name"":""Mix Fruit"",""price"":""1200.0"",""customName"":""""},{""name"":""Almond Honey"",""price"":""1200.0"",""customName"":""""},{""name"":""Choco Crunch"",""price"":""1200.0"",""customName"":""""},{""name"":""Rainbow"",""price"":""1200.0"",""customName"":""""},{""name"":""Choco Vanilla"",""price"":""1200.0"",""customName"":""""},{""name"":""White Forest"",""price"":""1200.0"",""customName"":""""}]",,,,Moti bakery,,0,0,0,0,0,,Cake 1357,General,1200.0,,10,active,https://jygsbebawnkvyaqohxes.supabase.co/storage/v1/object/public/cake-images/converted_webp/resized_1652767528.webp,2025-02-05 14:47:46+00,2026-05-07 15:28:41.752232+00,7.0,
9e987bc3-ea0c-442f-b009-fda1c25a8c67,cake-941,Cake 941,Title,-,flavours,"[{""name"":""Pineapple"",""price"":""1200.0"",""customName"":""""},{""name"":""Butter Scotch"",""price"":""1200.0"",""customName"":""""},{""name"":""Strawberry"",""price"":""1200.0"",""customName"":""""}]",,,,Moti bakery,,0,0,0,0,0,,Cake 941,General,1200.0,,3,active,https://jygsbebawnkvyaqohxes.supabase.co/storage/v1/object/public/cake-images/converted_webp/00448.webp,2025-02-05 14:31:28+00,2026-05-07 15:24:31.387055+00,2.5,
9eeabce2-44f8-43fd-bef1-37558710fa55,cake-784,Cake 784,Title,-,flavours,"[{""name"":""Pineapple"",""price"":""725.0"",""customName"":""""},{""name"":""Butter Scotch"",""price"":""725.0"",""customName"":""""},{""name"":""Strawberry"",""price"":""725.0"",""customName"":""""}]",,,,Moti bakery,,0,0,0,0,0,,Cake 784,General,725.0,,3,active,https://jygsbebawnkvyaqohxes.supabase.co/storage/v1/object/public/cake-images/converted_webp/resized_FBIMG1573365721983.webp,2025-02-05 16:31:26+00,2026-05-07 15:23:28.922028+00,6.0,
9fc8fcb7-4515-452d-af93-3ae64c6fcf0c,cake-843,Cake 843,Title,-,flavours,"[{""name"":""Pineapple"",""price"":""725.0"",""customName"":""""},{""name"":""Butter Scotch"",""price"":""725.0"",""customName"":""""},{""name"":""Strawberry"",""price"":""725.0"",""customName"":""""},{""name"":""Almond Honey"",""price"":""725.0"",""customName"":""""},{""name"":""Caramel Crunch"",""price"":""725.0"",""customName"":""""},{""name"":""Redvelvet"",""price"":""725.0"",""customName"":""""}]",,,,Moti bakery,,0,0,0,0,0,,Cake 843,General,725.0,,6,active,https://jygsbebawnkvyaqohxes.supabase.co/storage/v1/object/public/cake-images/converted_webp/resized_IMG20200110WA0037.webp,2025-02-05 16:36:29+00,2026-05-07 15:23:57.711415+00,6.0,
a04003b0-fa4c-4c05-a270-27fdbb6160c0,cake-1263,Cake 1263,Title,-,flavours,"[{""name"":""Choco Crunch"",""price"":""900.0"",""customName"":""""},{""name"":""Choco Vanilla"",""price"":""900.0"",""customName"":""""},{""name"":""Chocolate Truffle"",""price"":""900.0"",""customName"":""""}]",,,,Moti bakery,,0,0,0,0,0,,Cake 1263,General,900.0,,3,active,https://jygsbebawnkvyaqohxes.supabase.co/storage/v1/object/public/cake-images/converted_webp/resized_1652702533.webp,2025-02-05 14:09:37+00,2026-05-07 15:27:57.199637+00,4.0,
a05d375e-0d03-43e8-ad3d-c2436014606b,cake-1122,Cake 1122,Title,-,flavours,"[{""name"":""Pineapple"",""price"":""1200.0"",""customName"":""""},{""name"":""Butter Scotch"",""price"":""1200.0"",""customName"":""""},{""name"":""Strawberry"",""price"":""1200.0"",""customName"":""""}]",,,,Moti bakery,,0,0,0,0,0,,Cake 1122,General,1200.0,,3,active,https://jygsbebawnkvyaqohxes.supabase.co/storage/v1/object/public/cake-images/converted_webp/resized_IMG20200905WA0129.webp,2025-02-05 14:47:46+00,2026-05-07 15:26:32.510386+00,6.0,
a0a2d6d7-e826-4910-b3f1-7cd3fd72210e,cake-402,Cake 402,Title,-,flavours,"[{""name"":""Pineapple"",""price"":""875.0"",""customName"":""""},{""name"":""Butter Scotch"",""price"":""875.0"",""customName"":""""},{""name"":""Strawberry"",""price"":""875.0"",""customName"":""""}]",,,,Moti bakery,,0,0,0,0,0,,Cake 402,General,875.0,,3,active,https://jygsbebawnkvyaqohxes.supabase.co/storage/v1/object/public/cake-images/converted_webp/resized_184.webp,2025-02-05 14:09:37+00,2026-05-07 15:21:04.319306+00,4.0,
a1397d7d-3bc9-4c59-9848-89a5a565334a,cake-200,Cake 200,Title,-,flavours,"[{""name"":""Pineapple"",""price"":""725.0"",""customName"":""""},{""name"":""Butter Scotch"",""price"":""725.0"",""customName"":""""},{""name"":""Strawberry"",""price"":""725.0"",""customName"":""""},{""name"":""Almond Honey"",""price"":""725.0"",""customName"":""""},{""name"":""Caramel Crunch"",""price"":""725.0"",""customName"":""""},{""name"":""Redvelvet"",""price"":""725.0"",""customName"":""""}]",,,,Moti bakery,,0,0,0,0,0,,Cake 200,General,725.0,,6,active,https://jygsbebawnkvyaqohxes.supabase.co/storage/v1/object/public/cake-images/converted_webp/resized_FBIMG1562518181204.webp,2025-02-05 15:49:48+00,2026-05-07 15:20:46.339064+00,2.5,
a1418c1f-e3fd-4717-97fa-fa2b792507c8,cake-967,Cake 967,Title,-,flavours,"[{""name"":""Pineapple"",""price"":""1200.0"",""customName"":""""},{""name"":""Butter Scotch"",""price"":""1200.0"",""customName"":""""},{""name"":""Strawberry"",""price"":""1200.0"",""customName"":""""}]",,,,Moti bakery,,0,0,0,0,0,,Cake 967,General,1200.0,,3,active,https://jygsbebawnkvyaqohxes.supabase.co/storage/v1/object/public/cake-images/converted_webp/00475.webp,2025-02-05 14:37:52+00,2026-05-07 15:24:45.621626+00,4.0,
a1aef063-a961-4df8-bab9-0eecd8d50f3f,cake-528,Cake 528,Title,-,flavours,"[{""name"":""Pineapple"",""price"":""725.0"",""customName"":""""},{""name"":""Butter Scotch"",""price"":""725.0"",""customName"":""""},{""name"":""Strawberry"",""price"":""725.0"",""customName"":""""},{""name"":""Almond Honey"",""price"":""725.0"",""customName"":""""},{""name"":""Caramel Crunch"",""price"":""725.0"",""customName"":""""},{""name"":""Redvelvet"",""price"":""725.0"",""customName"":""""}]",,,,Moti bakery,,0,0,0,0,0,,Cake 528,General,725.0,,6,active,https://jygsbebawnkvyaqohxes.supabase.co/storage/v1/object/public/cake-images/converted_webp/resized_FBIMG1580654896980.webp,2025-02-05 16:23:44+00,2026-05-07 15:22:14.785685+00,5.0,
a1dbcbdd-2bde-4d1d-8206-5cd4e7dc0b07,cake-1093,Cake 1093,Title,-,flavours,"[{""name"":""Pineapple"",""price"":""1200.0"",""customName"":""""},{""name"":""Btter Scotch"",""price"":""1200.0"",""customName"":""""},{""name"":""Strawberry"",""price"":""1200.0"",""customName"":""""}]",,,,Moti bakery,,0,0,0,0,0,,Cake 1093,General,1200.0,,3,active,https://jygsbebawnkvyaqohxes.supabase.co/storage/v1/object/public/cake-images/converted_webp/resized_FBIMG1580536792102.webp,2025-02-05 14:47:46+00,2026-05-07 15:25:56.881563+00,5.0,
a22e4e79-f28e-45dc-8fed-166a283b6264,cake-1132,Cake 1132,Title,-,flavours,"[{""name"":""Butterscotch"",""price"":""700.0"",""customName"":""""},{""name"":""Strawberry"",""price"":""700.0"",""customName"":""""},{""name"":""Pineapple"",""price"":""700.0"",""customName"":""""},{""name"":""Black Forest"",""price"":""700.0"",""customName"":""""},{""name"":""Mix Fruit"",""price"":""700.0"",""customName"":""""},{""name"":""Almond Honey"",""price"":""700.0"",""customName"":""""},{""name"":""Choco Crunch"",""price"":""700.0"",""customName"":""""},{""name"":""Rainbow"",""price"":""700.0"",""customName"":""""},{""name"":""Choco Vanilla"",""price"":""700.0"",""customName"":""""},{""name"":""White Forest"",""price"":""700.0"",""customName"":""""}]",,,,Moti bakery,,0,0,0,0,0,,Cake 1132,General,700.0,,10,active,https://jygsbebawnkvyaqohxes.supabase.co/storage/v1/object/public/cake-images/converted_webp/resized_1652684800.webp,2025-02-05 14:09:37+00,2026-05-07 15:26:37.633136+00,5.0,
a2634366-83f7-4363-9ddf-81bfd3292e9d,cake-466,Cake 466,Title,-,flavours,"[{""name"":""Pineapple"",""price"":""700.0"",""customName"":""""},{""name"":""Butter Scotch"",""price"":""700.0"",""customName"":""""},{""name"":""Strawberry"",""price"":""700.0"",""customName"":""""}]",,,,Moti bakery,,0,0,0,0,0,,Cake 466,General,700.0,,3,active,https://jygsbebawnkvyaqohxes.supabase.co/storage/v1/object/public/cake-images/converted_webp/resized_245.webp,2025-02-05 14:09:37+00,2026-05-07 15:21:38.113446+00,3.0,
a29448fd-c957-4d35-879b-1eb47d19af74,cake-479,Cake 479,Title,-,flavours,"[{""name"":""Pineapple"",""price"":""675.0"",""customName"":""""},{""name"":""Butterscotch"",""price"":""675.0"",""customName"":""""},{""name"":""Strawberry"",""price"":""675.0"",""customName"":""""},{""name"":""Almond Honey"",""price"":""675.0"",""customName"":""""},{""name"":""Caramel Crunch"",""price"":""675.0"",""customName"":""""},{""name"":""Redvelvet"",""price"":""675.0"",""customName"":""""}]",,,,Moti bakery,,0,0,0,0,0,,Cake 479,General,675.0,,6,active,https://jygsbebawnkvyaqohxes.supabase.co/storage/v1/object/public/cake-images/converted_webp/resized_1576604894269.webp,2025-02-05 16:07:07+00,2026-05-07 15:21:46.327299+00,6.0,
a2b05758-8664-4141-82c8-d0a41c1b99fa,cake-743,Cake 743,Title,-,flavours,"[{""name"":""Pineapple"",""price"":""725.0"",""customName"":""""},{""name"":""Butter Scotch"",""price"":""725.0"",""customName"":""""},{""name"":""Strawberry"",""price"":""725.0"",""customName"":""""}]",,,,Moti bakery,,0,0,0,0,0,,Cake 743,General,725.0,,3,active,https://jygsbebawnkvyaqohxes.supabase.co/storage/v1/object/public/cake-images/converted_webp/resized_356.webp,2025-02-05 14:09:37+00,2026-05-07 15:23:07.414781+00,3.0,
a2cfc927-35cd-477a-bcbe-a70b23f52300,cake-1327,Cake 1327,Title,-,flavours,"[{""name"":""Butterscotch"",""price"":""1200.0"",""customName"":""""},{""name"":""Strawberry"",""price"":""1200.0"",""customName"":""""},{""name"":""Pineapple"",""price"":""1200.0"",""customName"":""""},{""name"":""Black Forest"",""price"":""1200.0"",""customName"":""""},{""name"":""Mix Fruit"",""price"":""1200.0"",""customName"":""""},{""name"":""Almond Honey"",""price"":""1200.0"",""customName"":""""},{""name"":""Choco Crunch"",""price"":""1200.0"",""customName"":""""},{""name"":""Rainbow"",""price"":""1200.0"",""customName"":""""},{""name"":""Choco Vanilla"",""price"":""1200.0"",""customName"":""""},{""name"":""White Forest"",""price"":""1200.0"",""customName"":""""}]",,,,Moti bakery,,0,0,0,0,0,,Cake 1327,General,1200.0,,10,active,https://jygsbebawnkvyaqohxes.supabase.co/storage/v1/object/public/cake-images/converted_webp/resized_1652709850.webp,2025-02-05 14:47:46+00,2026-05-07 15:28:25.050746+00,6.0,
a34535b0-c9ac-4c8a-ae12-c5d9f3dce357,cake-1335,Cake 1335,Title,-,flavours,"[{""name"":""Butterscotch"",""price"":""1200.0"",""customName"":""""},{""name"":""Strawberry"",""price"":""1200.0"",""customName"":""""},{""name"":""Pineapple"",""price"":""1200.0"",""customName"":""""},{""name"":""Black Forest"",""price"":""1200.0"",""customName"":""""},{""name"":""Mix Fruit"",""price"":""1200.0"",""customName"":""""},{""name"":""Almond Honey"",""price"":""1200.0"",""customName"":""""},{""name"":""Choco Crunch"",""price"":""1200.0"",""customName"":""""},{""name"":""Rainbow"",""price"":""1200.0"",""customName"":""""},{""name"":""Choco Vanilla"",""price"":""1200.0"",""customName"":""""},{""name"":""White Forest"",""price"":""1200.0"",""customName"":""""}]",,,,Moti bakery,,0,0,0,0,0,,Cake 1335,General,1200.0,,10,active,https://jygsbebawnkvyaqohxes.supabase.co/storage/v1/object/public/cake-images/converted_webp/resized_1652710302.webp,2025-02-05 14:47:46+00,2026-05-07 15:28:29.14952+00,7.0,
a374dd91-d0c7-4587-abbc-a634be852398,cake-1110,Cake 1110,Title,-,flavours,"[{""name"":""Pineapple"",""price"":""975.0"",""customName"":""""},{""name"":""Btter Scotch"",""price"":""975.0"",""customName"":""""},{""name"":""Strawberry"",""price"":""975.0"",""customName"":""""}]",,,,Moti bakery,,0,0,0,0,0,,Cake 1110,General,975.0,,3,active,https://jygsbebawnkvyaqohxes.supabase.co/storage/v1/object/public/cake-images/converted_webp/resized_FBIMG1601226441633.webp,2025-02-05 14:09:37+00,2026-05-07 15:26:06.317562+00,4.0,
a3c66f99-2f24-47a6-8d28-9645904a3929,cake-951,Cake 951,Title,-,flavours,"[{""name"":""Pineapple"",""price"":""1200.0"",""customName"":""""},{""name"":""Butter Scotch"",""price"":""1200.0"",""customName"":""""},{""name"":""Strawberry"",""price"":""1200.0"",""customName"":""""}]",,,,Moti bakery,,0,0,0,0,0,,Cake 951,General,1200.0,,3,active,https://jygsbebawnkvyaqohxes.supabase.co/storage/v1/object/public/cake-images/converted_webp/00458.webp,2025-02-05 14:34:47+00,2026-05-07 15:24:37.006269+00,2.0,
a42cb303-04a3-48e5-bd40-c384410a8e34,cake-26,Cake 26,Title,-,flavours,"[{""name"":""Pineapple"",""price"":""725.00"",""customName"":""""},{""name"":""Butterscotch"",""price"":""700.00"",""customName"":""""},{""name"":""Strawberry"",""price"":""700.00"",""customName"":""""}]",,,,Moti bakery,,0,0,0,0,0,,Cake 26,General,700.00,,3,active,https://jygsbebawnkvyaqohxes.supabase.co/storage/v1/object/public/cake-images/converted_webp/00026.webp,2026-04-01 08:33:40.519523+00,2026-05-07 15:19:10.05435+00,1,
a4415691-cbea-4fa0-a1c7-505bd87a7cd7,cake-477,Cake 477,Title,-,flavours,"[{""name"":""Pineapple"",""price"":""675.0"",""customName"":""""},{""name"":""Butter Scotch"",""price"":""675.0"",""customName"":""""},{""name"":""Strawberry"",""price"":""675.0"",""customName"":""""},{""name"":""Almond Honey"",""price"":""675.0"",""customName"":""""},{""name"":""Caramel Crunch"",""price"":""675.0"",""customName"":""""},{""name"":""Redvelvet"",""price"":""675.0"",""customName"":""""}]",,,,Moti bakery,,0,0,0,0,0,,Cake 477,General,675.0,,6,active,https://jygsbebawnkvyaqohxes.supabase.co/storage/v1/object/public/cake-images/converted_webp/resized_1576604894239.webp,2025-02-05 14:09:37+00,2026-05-07 15:21:44.984637+00,6.0,
a464d30c-1b0e-4891-9436-c1ff249dc540,cake-985,Cake 985,Title,-,flavours,"[{""name"":""Pineapple"",""price"":""1200.0"",""customName"":""""},{""name"":""Butter Scotch"",""price"":""1200.0"",""customName"":""""},{""name"":""Strawberry"",""price"":""1200.0"",""customName"":""""}]",,,,Moti bakery,,0,0,0,0,0,,Cake 985,General,1200.0,,3,active,https://jygsbebawnkvyaqohxes.supabase.co/storage/v1/object/public/cake-images/converted_webp/00491.webp,2025-02-05 14:47:46+00,2026-05-07 15:24:55.536429+00,2.5,
a46cb822-66b5-4417-a48f-d40dc2969e6b,cake-1225,Cake 1225,Title,-,flavours,"[{""name"":""Butterscotch"",""price"":""825.0"",""customName"":""""},{""name"":""Strawberry"",""price"":""825.0"",""customName"":""""},{""name"":""Pineapple"",""price"":""825.0"",""customName"":""""},{""name"":""Black Forest"",""price"":""825.0"",""customName"":""""},{""name"":""Mix Fruit"",""price"":""825.0"",""customName"":""""},{""name"":""Almond Honey"",""price"":""825.0"",""customName"":""""},{""name"":""Choco Crunch"",""price"":""825.0"",""customName"":""""},{""name"":""Rainbow"",""price"":""825.0"",""customName"":""""},{""name"":""Choco Vanilla"",""price"":""825.0"",""customName"":""""},{""name"":""White Forest"",""price"":""825.0"",""customName"":""""}]",,,,Moti bakery,,0,0,0,0,0,,Cake 1225,General,825.0,,10,active,https://jygsbebawnkvyaqohxes.supabase.co/storage/v1/object/public/cake-images/converted_webp/resized_1652699084.webp,2025-02-05 14:09:37+00,2026-05-07 15:27:32.87964+00,4.0,
a496b4e5-3e66-4684-ac17-5182954704e0,cake-972,Cake 972,Title,-,flavours,"[{""name"":""Pineapple"",""price"":""1200.0"",""customName"":""""},{""name"":""Butter Scotch"",""price"":""1200.0"",""customName"":""""},{""name"":""Strawberry"",""price"":""1200.0"",""customName"":""""}]",,,,Moti bakery,,0,0,0,0,0,,Cake 972,General,1200.0,,3,active,https://jygsbebawnkvyaqohxes.supabase.co/storage/v1/object/public/cake-images/converted_webp/00480.webp,2025-02-05 14:47:46+00,2026-05-07 15:24:48.108765+00,3.0,
a4b50687-2796-48d4-bdd1-9b0dcf8d2748,cake-501,Cake 501,Title,-,flavours,"[{""name"":""Pineapple"",""price"":""725.0"",""customName"":""""},{""name"":""Butter Scotch"",""price"":""725.0"",""customName"":""""},{""name"":""Strawberry"",""price"":""725.0"",""customName"":""""},{""name"":""Almond Honey"",""price"":""725.0"",""customName"":""""},{""name"":""Caramel Crunch"",""price"":""725.0"",""customName"":""""},{""name"":""Redvelvet"",""price"":""725.0"",""customName"":""""}]",,,,Moti bakery,,0,0,0,0,0,,Cake 501,General,725.0,,6,active,https://jygsbebawnkvyaqohxes.supabase.co/storage/v1/object/public/cake-images/converted_webp/resized_1576605136371.webp,2025-02-05 16:19:40+00,2026-05-07 15:21:58.602634+00,7.0,
a50e7d3b-f868-4df0-b46e-52cb42887a2d,cake-984,Cake 984,Title,-,flavours,"[{""name"":""Pineapple"",""price"":""1200.0"",""customName"":""""},{""name"":""Butter Scotch"",""price"":""1200.0"",""customName"":""""},{""name"":""Strawberry"",""price"":""1200.0"",""customName"":""""}]",,,,Moti bakery,,0,0,0,0,0,,Cake 984,General,1200.0,,3,active,https://jygsbebawnkvyaqohxes.supabase.co/storage/v1/object/public/cake-images/converted_webp/00459.webp,2025-02-05 14:47:46+00,2026-05-07 15:24:55.026232+00,3.0,
a5361c56-c5c6-4534-bd45-5f2b496dadd7,cake-1123,Cake 1123,Title,-,flavours,"[{""name"":""Pineapple"",""price"":""1200.0"",""customName"":""""},{""name"":""Butter Scotch"",""price"":""1200.0"",""customName"":""""},{""name"":""Strawberry"",""price"":""1200.0"",""customName"":""""}]",,,,Moti bakery,,0,0,0,0,0,,Cake 1123,General,1200.0,,3,active,https://jygsbebawnkvyaqohxes.supabase.co/storage/v1/object/public/cake-images/converted_webp/resized_IMG20200906WA0054.webp,2025-02-05 14:47:46+00,2026-05-07 15:26:32.928115+00,3.0,
a6a4943e-0e19-4ccf-a754-cc5e8b8b73c0,cake-738,Cake 738,Title,-,flavours,"[{""name"":""Pineapple"",""price"":""675.0"",""customName"":""""},{""name"":""Butter Scotch"",""price"":""675.0"",""customName"":""""},{""name"":""Strawberry"",""price"":""675.0"",""customName"":""""}]",,,,Moti bakery,,0,0,0,0,0,,Cake 738,General,675.0,,3,active,https://jygsbebawnkvyaqohxes.supabase.co/storage/v1/object/public/cake-images/converted_webp/resized_351.webp,2025-02-05 14:09:37+00,2026-05-07 15:23:04.820291+00,3.0,
a7c841e7-d695-45f1-9ea5-e4591fcdc66a,cake-473,Cake 473,Title,-,flavours,"[{""name"":""Pineapple"",""price"":""775.0"",""customName"":""""},{""name"":""Butter Scotch"",""price"":""775.0"",""customName"":""""},{""name"":""Strawberry"",""price"":""775.0"",""customName"":""""},{""name"":""Almond Honey"",""price"":""775.0"",""customName"":""""},{""name"":""Caramel Crunch"",""price"":""775.0"",""customName"":""""},{""name"":""Redvelvet"",""price"":""775.0"",""customName"":""""}]",,,,Moti bakery,,0,0,0,0,0,,Cake 473,General,775.0,,6,active,https://jygsbebawnkvyaqohxes.supabase.co/storage/v1/object/public/cake-images/converted_webp/resized_1576604885300.webp,2025-02-05 16:06:36+00,2026-05-07 15:21:41.623532+00,6.0,
a82d1a3e-d9a0-4cd9-95b0-cf8f16bfc3cd,cake-1051,Cake 1051,Title,-,flavours,"[{""name"":""Pineapple"",""price"":""1200.0"",""customName"":""""},{""name"":""Butter Scotch"",""price"":""1200.0"",""customName"":""""},{""name"":""Strawberry"",""price"":""1200.0"",""customName"":""""}]",,,,Moti bakery,,0,0,0,0,0,,Cake 1051,General,1200.0,,3,active,https://jygsbebawnkvyaqohxes.supabase.co/storage/v1/object/public/cake-images/converted_webp/resized_00558.webp,2025-02-05 14:48:44+00,2026-05-07 15:25:33.120563+00,4.0,
a85081a8-e3f2-4683-a042-a47c37841685,cake-631,Cake 631,Title,-,flavours,"[{""name"":""Chocolate Cream Cake"",""price"":""800.0"",""customName"":""""}]",,,,Moti bakery,,0,0,0,0,0,,Cake 631,General,800.0,,1,active,https://jygsbebawnkvyaqohxes.supabase.co/storage/v1/object/public/cake-images/converted_webp/resized_271.webp,2025-02-05 14:09:37+00,2026-05-07 15:22:28.489754+00,1.5,
a8683e1c-686b-4fb7-b374-659d71578aae,cake-457,Cake 457,Title,-,flavours,"[{""name"":""Pineapple"",""price"":""700.0"",""customName"":""""},{""name"":""Butter Scotch"",""price"":""700.0"",""customName"":""""},{""name"":""Strawberry"",""price"":""700.0"",""customName"":""""}]",,,,Moti bakery,,0,0,0,0,0,,Cake 457,General,700.0,,3,active,https://jygsbebawnkvyaqohxes.supabase.co/storage/v1/object/public/cake-images/converted_webp/resized_231.webp,2025-02-05 14:09:37+00,2026-05-07 15:21:33.132268+00,4.0,
a8ac0491-e4e6-4168-bae7-37b899b489b2,cake-106,Cake 106,Title,-,flavours,"[{""name"":""Pineapple"",""price"":""650.0"",""customName"":""""},{""name"":""Butter Scotch"",""price"":""650.0"",""customName"":""""},{""name"":""Strawberry"",""price"":""650.0"",""customName"":""""}]",,,,Moti bakery,,0,0,0,0,0,,Cake 106,General,650.0,,3,active,https://jygsbebawnkvyaqohxes.supabase.co/storage/v1/object/public/cake-images/converted_webp/resized_0106.webp,2025-02-05 14:09:37+00,2026-05-07 15:19:58.700184+00,2.0,
a8ba4003-dfad-4cf3-81ec-44c73a12510b,cake-93,Cake 93,Title,-,flavours,"[{""name"":""Pineapple"",""price"":""675.0"",""customName"":""""},{""name"":""Butter Scotch"",""price"":""675.0"",""customName"":""""},{""name"":""Strawberry"",""price"":""675.0"",""customName"":""""}]",,,,Moti bakery,,0,0,0,0,0,,Cake 93,General,675.0,,3,active,https://jygsbebawnkvyaqohxes.supabase.co/storage/v1/object/public/cake-images/converted_webp/00093.webp,2025-02-05 14:09:37+00,2026-05-07 15:19:49.770834+00,2.0,
a9377a2b-a949-470d-a770-8f7376042f19,cake-111,Cake 111,Title,-,flavours,"[{""name"":""Pineapple"",""price"":""650.0"",""customName"":""""},{""name"":""Butter Scotch"",""price"":""650.0"",""customName"":""""},{""name"":""Strawberry"",""price"":""650.0"",""customName"":""""}]",,,,Moti bakery,,0,0,0,0,0,,Cake 111,General,650.0,,3,active,https://jygsbebawnkvyaqohxes.supabase.co/storage/v1/object/public/cake-images/converted_webp/resized_1112.webp,2025-02-05 14:09:37+00,2026-05-07 15:20:00.771054+00,2.0,
a983b168-22fa-46dd-a8e4-4fa71e17eb14,cake-1010,Cake 1010,Title,-,flavours,"[{""name"":""Pineapple"",""price"":""1200.0"",""customName"":""""},{""name"":""Butters Cotch"",""price"":""1200.0"",""customName"":""""},{""name"":""Strawberry"",""price"":""1200.0"",""customName"":""""}]",,,,Moti bakery,,0,0,0,0,0,,Cake 1010,General,1200.0,,3,active,https://jygsbebawnkvyaqohxes.supabase.co/storage/v1/object/public/cake-images/converted_webp/resized_00517.webp,2025-02-05 14:47:46+00,2026-05-07 15:25:08.344085+00,3.0,
aa31586d-c158-437b-83dd-960c80f6ae81,cake-863,Cake 863,Title,-,flavours,"[{""name"":""Butterscotch"",""price"":""1200.0"",""customName"":""""},{""name"":""Strawberry"",""price"":""1200.0"",""customName"":""""},{""name"":""Pineapple"",""price"":""1200.0"",""customName"":""""},{""name"":""Black Forest"",""price"":""1200.0"",""customName"":""""},{""name"":""Mix Fruit"",""price"":""1200.0"",""customName"":""""},{""name"":""Almond Honey"",""price"":""1200.0"",""customName"":""""},{""name"":""Choco Crunch"",""price"":""1200.0"",""customName"":""""},{""name"":""Rainbow"",""price"":""1200.0"",""customName"":""""},{""name"":""Choco Vanilla"",""price"":""1200.0"",""customName"":""""},{""name"":""White Forest"",""price"":""1200.0"",""customName"":""""}]",,,,Moti bakery,,0,0,0,0,0,,Cake 863,General,1200.0,,10,active,https://jygsbebawnkvyaqohxes.supabase.co/storage/v1/object/public/cake-images/converted_webp/resized_1652705938.webp,2025-02-05 14:47:46+00,2026-05-07 15:24:07.828025+00,4.0,
aa87f75f-129e-40a0-b3bf-a4d434db2e7a,cake-925,Cake 925,Title,-,flavours,"[{""name"":""Pineapple"",""price"":""1200.0"",""customName"":""""},{""name"":""Butter Scotch"",""price"":""1200.0"",""customName"":""""},{""name"":""Strawberry"",""price"":""1200.0"",""customName"":""""}]",,,,Moti bakery,,0,0,0,0,0,,Cake 925,General,1200.0,,3,active,https://jygsbebawnkvyaqohxes.supabase.co/storage/v1/object/public/cake-images/converted_webp/00432.webp,2025-02-05 14:28:46+00,2026-05-07 15:24:21.540547+00,5.0,
aa936227-cb6f-4ba6-9ef5-615d35842fb1,cake-639,Cake 639,Title,-,flavours,"[{""name"":""Chocolate Cream Cake"",""price"":""775.0"",""customName"":""""}]",,,,Moti bakery,,0,0,0,0,0,,Cake 639,General,775.0,,1,active,https://jygsbebawnkvyaqohxes.supabase.co/storage/v1/object/public/cake-images/converted_webp/resized_279.webp,2025-02-05 14:09:37+00,2026-05-07 15:22:32.491726+00,2.0,
aac046a7-cfa1-4e81-8b5e-e50eebf84f1a,cake-124,Cake 124,Title,-,flavours,"[{""name"":""Pineapple"",""price"":""650.0"",""customName"":""""},{""name"":""Butter Scotch"",""price"":""650.0"",""customName"":""""},{""name"":""Strawberry"",""price"":""650.0"",""customName"":""""}]",,,,Moti bakery,,0,0,0,0,0,,Cake 124,General,650.0,,3,active,https://jygsbebawnkvyaqohxes.supabase.co/storage/v1/object/public/cake-images/converted_webp/resized_0124.webp,2025-02-05 14:09:37+00,2026-05-07 15:20:07.598901+00,2.0,
aad933f5-0852-4f1d-8705-682bcf394af2,cake-407,Cake 407,Title,-,flavours,"[{""name"":""Pineapple"",""price"":""700.0"",""customName"":""""},{""name"":""Butter Scotch"",""price"":""700.0"",""customName"":""""},{""name"":""Strawberry"",""price"":""700.0"",""customName"":""""}]",,,,Moti bakery,,0,0,0,0,0,,Cake 407,General,700.0,,3,active,https://jygsbebawnkvyaqohxes.supabase.co/storage/v1/object/public/cake-images/converted_webp/resized_193.webp,2022-06-27 10:40:42+00,2026-05-07 15:21:06.887635+00,3.0,
ab50bf8d-c124-4fff-9d61-e82912032819,cake-1364,Cake 1364,Title,-,flavours,"[{""name"":""Butterscotch"",""price"":""1200.0"",""customName"":""""},{""name"":""Strawberry"",""price"":""1200.0"",""customName"":""""},{""name"":""Pineapple"",""price"":""1200.0"",""customName"":""""},{""name"":""Black Forest"",""price"":""1200.0"",""customName"":""""},{""name"":""Mix Fruit"",""price"":""1200.0"",""customName"":""""},{""name"":""Almond Honey"",""price"":""1200.0"",""customName"":""""},{""name"":""Choco Crunch"",""price"":""1200.0"",""customName"":""""},{""name"":""Rainbow"",""price"":""1200.0"",""customName"":""""},{""name"":""Choco Vanilla"",""price"":""1200.0"",""customName"":""""},{""name"":""White Forest"",""price"":""1200.0"",""customName"":""""}]",,,,Moti bakery,,0,0,0,0,0,,Cake 1364,General,1200.0,,10,active,https://jygsbebawnkvyaqohxes.supabase.co/storage/v1/object/public/cake-images/converted_webp/resized_1652767789.webp,2025-02-05 14:47:46+00,2026-05-07 15:28:45.330552+00,3.0,
ab5895a2-f46f-48e3-8624-48b6c0e519e5,cake-18,Cake 18,Title,-,flavours,"[{""name"":""Pineapple"",""price"":""800.0"",""customName"":""""},{""name"":""Butter Scotch"",""price"":""800.0"",""customName"":""""},{""name"":""Strawberry"",""price"":""800.0"",""customName"":""""}]",,,,Moti bakery,,0,0,0,0,0,,Cake 18,General,800.0,,3,active,https://jygsbebawnkvyaqohxes.supabase.co/storage/v1/object/public/cake-images/converted_webp/00018.webp,2025-02-05 14:09:37+00,2026-05-07 15:19:04.479955+00,3.0,
ab58c1ee-f02e-46f4-a493-2205e43d8ea1,cake-1126,Cake 1126,Title,-,flavours,"[{""name"":""Pineapple"",""price"":""1200.0"",""customName"":""""},{""name"":""Butter Scotch"",""price"":""1200.0"",""customName"":""""},{""name"":""Strawberry"",""price"":""1200.0"",""customName"":""""}]",,,,Moti bakery,,0,0,0,0,0,,Cake 1126,General,1200.0,,3,active,https://jygsbebawnkvyaqohxes.supabase.co/storage/v1/object/public/cake-images/converted_webp/resized_IMG20200823WA0053.webp,2025-02-05 14:47:46+00,2026-05-07 15:26:34.371867+00,5.0,
ab78bf6f-43ee-4d94-81d3-c92d661eb08f,cake-1085,Cake 1085,Title,-,flavours,"[{""name"":""Pineapple"",""price"":""1100.0"",""customName"":""""},{""name"":""Butterscotch"",""price"":""1100.0"",""customName"":""""},{""name"":""Stawberry"",""price"":""1100.0"",""customName"":""""},{""name"":""Caramel Crunch"",""price"":""1100.0"",""customName"":""""},{""name"":""Almond Honey"",""price"":""1100.0"",""customName"":""""},{""name"":""Redvelvet"",""price"":""1100.0"",""customName"":""""}]",,,,Moti bakery,,0,0,0,0,0,,Cake 1085,General,1100.0,,6,active,https://jygsbebawnkvyaqohxes.supabase.co/storage/v1/object/public/cake-images/converted_webp/resized_1576604961888.webp,2025-02-05 14:48:44+00,2026-05-07 15:25:51.607224+00,3.0,
ab9d7334-c0cd-4191-acee-92ffd9364afb,cake-1030,Cake 1030,Title,-,flavours,"[{""name"":""Pineapple"",""price"":""1200.0"",""customName"":""""},{""name"":""Butter Scotch"",""price"":""1200.0"",""customName"":""""},{""name"":""Strawberry"",""price"":""1200.0"",""customName"":""""}]",,,,Moti bakery,,0,0,0,0,0,,Cake 1030,General,1200.0,,3,active,https://jygsbebawnkvyaqohxes.supabase.co/storage/v1/object/public/cake-images/converted_webp/resized_00537.webp,2025-02-05 14:47:46+00,2026-05-07 15:25:20.421863+00,3.0,
ac30ec6a-2625-4da5-bcfc-02dc6f6c5a6c,cake-952,Cake 952,Title,-,flavours,"[{""name"":""Pineapple"",""price"":""1200.0"",""customName"":""""},{""name"":""Butter Scotch"",""price"":""1200.0"",""customName"":""""},{""name"":""Strawberry"",""price"":""1200.0"",""customName"":""""}]",,,,Moti bakery,,0,0,0,0,0,,Cake 952,General,1200.0,,3,active,https://jygsbebawnkvyaqohxes.supabase.co/storage/v1/object/public/cake-images/converted_webp/00469.webp,2025-02-05 14:34:53+00,2026-05-07 15:24:37.502076+00,2.0,
aca61d39-3298-49dd-838b-2bb2308b5b45,cake-1187,Cake 1187,Title,-,flavours,"[{""name"":""Butterscotch"",""price"":""700.0"",""customName"":""""},{""name"":""Strawberry"",""price"":""700.0"",""customName"":""""},{""name"":""Pineapple"",""price"":""700.0"",""customName"":""""},{""name"":""Black Forest"",""price"":""700.0"",""customName"":""""},{""name"":""Mix Fruit"",""price"":""700.0"",""customName"":""""},{""name"":""Almond Honey"",""price"":""700.0"",""customName"":""""},{""name"":""Choco Crunch"",""price"":""700.0"",""customName"":""""},{""name"":""Rainbow"",""price"":""700.0"",""customName"":""""},{""name"":""Choco Vanilla"",""price"":""700.0"",""customName"":""""},{""name"":""White Forest"",""price"":""700.0"",""customName"":""""}]",,,,Moti bakery,,0,0,0,0,0,,Cake 1187,General,700.0,,10,active,https://jygsbebawnkvyaqohxes.supabase.co/storage/v1/object/public/cake-images/converted_webp/resized_1652695471.webp,2025-02-05 14:09:37+00,2026-05-07 15:27:11.737563+00,4.0,
ad2a6208-f427-4a54-b55d-49062427f6ea,cake-1218,Cake 1218,Title,-,flavours,"[{""name"":""Butterscotch"",""price"":""775.0"",""customName"":""""},{""name"":""Strawberry"",""price"":""775.0"",""customName"":""""},{""name"":""Pineapple"",""price"":""775.0"",""customName"":""""},{""name"":""Black Forest"",""price"":""775.0"",""customName"":""""},{""name"":""Mix Fruit"",""price"":""775.0"",""customName"":""""},{""name"":""Almond Honey"",""price"":""775.0"",""customName"":""""},{""name"":""Choco Crunch"",""price"":""775.0"",""customName"":""""},{""name"":""Rainbow"",""price"":""775.0"",""customName"":""""},{""name"":""Choco Vanilla"",""price"":""775.0"",""customName"":""""},{""name"":""White Forest"",""price"":""775.0"",""customName"":""""}]",,,,Moti bakery,,0,0,0,0,0,,Cake 1218,General,775.0,,10,active,https://jygsbebawnkvyaqohxes.supabase.co/storage/v1/object/public/cake-images/converted_webp/resized_1652698755.webp,2025-02-05 14:09:37+00,2026-05-07 15:27:29.136922+00,3.0,
ad9af98a-7c26-4887-b953-2964f7c3a2dc,cake-1231,Cake 1231,Title,-,flavours,"[{""name"":""Butterscotch"",""price"":""825.0"",""customName"":""""},{""name"":""Strawberry"",""price"":""825.0"",""customName"":""""},{""name"":""Pineapple"",""price"":""825.0"",""customName"":""""},{""name"":""Black Forest"",""price"":""825.0"",""customName"":""""},{""name"":""Mix Fruit"",""price"":""825.0"",""customName"":""""},{""name"":""Almond Honey"",""price"":""825.0"",""customName"":""""},{""name"":""Choco Crunch"",""price"":""825.0"",""customName"":""""},{""name"":""Rainbow"",""price"":""825.0"",""customName"":""""},{""name"":""Choco Vanilla"",""price"":""825.0"",""customName"":""""},{""name"":""White Forest"",""price"":""825.0"",""customName"":""""}]",,,,Moti bakery,,0,0,0,0,0,,Cake 1231,General,825.0,,10,active,https://jygsbebawnkvyaqohxes.supabase.co/storage/v1/object/public/cake-images/converted_webp/resized_1652699427.webp,2025-02-05 14:09:37+00,2026-05-07 15:27:35.903201+00,5.0,
adafefef-343e-42d1-8049-282df61c0a50,cake-85,Cake 85,Title,-,flavours,"[{""name"":""Pineapple"",""price"":""675.0"",""customName"":""""},{""name"":""Butter Scotch"",""price"":""675.0"",""customName"":""""},{""name"":""Strawberry"",""price"":""675.0"",""customName"":""""}]",,,,Moti bakery,,0,0,0,0,0,,Cake 85,General,675.0,,3,active,https://jygsbebawnkvyaqohxes.supabase.co/storage/v1/object/public/cake-images/converted_webp/00085.webp,2025-02-05 14:09:37+00,2026-05-07 15:19:44.363699+00,1.0,
addbc97b-f025-4684-a89a-7b319a77b6a8,cake-750,Cake 750,Title,-,flavours,"[{""name"":""Pineapple"",""price"":""1200.0"",""customName"":""""},{""name"":""Butter Scotch"",""price"":""1200.0"",""customName"":""""},{""name"":""Strawberry"",""price"":""1200.0"",""customName"":""""}]",,,,Moti bakery,,0,0,0,0,0,,Cake 750,General,1200.0,,3,active,https://jygsbebawnkvyaqohxes.supabase.co/storage/v1/object/public/cake-images/converted_webp/resized_363.webp,2025-02-05 14:18:02+00,2026-05-07 15:23:10.896589+00,3.0,
ae097521-5c66-4b3e-ab03-a809cc170264,cake-1101,Cake 1101,Title,-,flavours,"[{""name"":""Pineapple"",""price"":""1200.0"",""customName"":""""},{""name"":""Btter Scotch"",""price"":""1200.0"",""customName"":""""},{""name"":""Strawberry"",""price"":""1200.0"",""customName"":""""}]",,,,Moti bakery,,0,0,0,0,0,,Cake 1101,General,1200.0,,3,active,https://jygsbebawnkvyaqohxes.supabase.co/storage/v1/object/public/cake-images/converted_webp/resized_FBIMG1600073146545.webp,2025-02-05 14:47:46+00,2026-05-07 15:26:01.185824+00,3.0,
ae2226ea-ba94-41e1-a5bf-1d2bad36b177,cake-1004,Cake 1004,Title,-,flavours,"[{""name"":""Pineapple"",""price"":""1200.0"",""customName"":""""},{""name"":""Butters Cotch"",""price"":""1200.0"",""customName"":""""},{""name"":""Strawberry"",""price"":""1200.0"",""customName"":""""}]",,,,Moti bakery,,0,0,0,0,0,,Cake 1004,General,1200.0,,3,active,https://jygsbebawnkvyaqohxes.supabase.co/storage/v1/object/public/cake-images/converted_webp/resized_00510.webp,2025-02-05 14:47:46+00,2026-05-07 15:25:04.879581+00,4.0,
ae288741-3f02-47f9-a080-13d5a19f069f,cake-401,Cake 401,Title,-,flavours,"[{""name"":""Pineapple"",""price"":""700.0"",""customName"":""""},{""name"":""Butter Scotch"",""price"":""700.0"",""customName"":""""},{""name"":""Strawberry"",""price"":""700.0"",""customName"":""""}]",,,,Moti bakery,,0,0,0,0,0,,Cake 401,General,700.0,,3,active,https://jygsbebawnkvyaqohxes.supabase.co/storage/v1/object/public/cake-images/converted_webp/resized_183.webp,2025-02-05 14:09:37+00,2026-05-07 15:21:03.830995+00,3.0,
ae572c04-5a08-41f9-9636-f0f49dd77271,cake-112,Cake 112,Title,-,flavours,"[{""name"":""Pineapple"",""price"":""675.0"",""customName"":""""},{""name"":""Butter Scotch"",""price"":""675.0"",""customName"":""""},{""name"":""Strawberry"",""price"":""675.0"",""customName"":""""}]",,,,Moti bakery,,0,0,0,0,0,,Cake 112,General,675.0,,3,active,https://jygsbebawnkvyaqohxes.supabase.co/storage/v1/object/public/cake-images/converted_webp/resized_0112.webp,2025-02-05 14:09:37+00,2026-05-07 15:20:01.250246+00,2.0,
ae91f859-b1a8-4bb0-9b93-de78ae3ec00d,cake-157,Cake 157,Title,-,flavours,"[{""name"":""Pineapple"",""price"":""650.0"",""customName"":""""},{""name"":""Butter Scotch"",""price"":""650.0"",""customName"":""""},{""name"":""Strawberry"",""price"":""650.0"",""customName"":""""}]",,,,Moti bakery,,0,0,0,0,0,,Cake 157,General,650.0,,3,active,https://jygsbebawnkvyaqohxes.supabase.co/storage/v1/object/public/cake-images/converted_webp/resized_0157.webp,2025-02-05 14:09:37+00,2026-05-07 15:20:24.724303+00,1.0,
ae9d3818-78f6-42d7-b63f-4811d187eeae,cake-621,Cake 621,Title,-,flavours,"[{""name"":""Black Forest"",""price"":""675.0"",""customName"":""""},{""name"":""White Forest"",""price"":""675.0"",""customName"":""""}]",,,,Moti bakery,,0,0,0,0,0,,Cake 621,General,675.0,,2,active,https://jygsbebawnkvyaqohxes.supabase.co/storage/v1/object/public/cake-images/converted_webp/resized_261.webp,2025-02-05 14:09:37+00,2026-05-07 15:22:23.905924+00,2.0,
aeac0b90-358a-430e-8154-9bd84f2a0a0d,cake-912,Cake 912,Title,-,flavours,"[{""name"":""Pineapple"",""price"":""1200.0"",""customName"":""""},{""name"":""Butter Scotch"",""price"":""1200.0"",""customName"":""""},{""name"":""Strawberry"",""price"":""1200.0"",""customName"":""""}]",,,,Moti bakery,,0,0,0,0,0,,Cake 912,General,1200.0,,3,active,https://jygsbebawnkvyaqohxes.supabase.co/storage/v1/object/public/cake-images/converted_webp/004192.webp,2025-02-05 14:26:04+00,2026-05-07 15:24:14.756737+00,6.0,
aec8dcaf-da85-4822-a4a3-13fa4b9517b6,cake-96,Cake 96,Title,-,flavours,"[{""name"":""Pineapple"",""price"":""675.0"",""customName"":""""},{""name"":""Butter Scotch"",""price"":""675.0"",""customName"":""""},{""name"":""Strawberry"",""price"":""675.0"",""customName"":""""}]",,,,Moti bakery,,0,0,0,0,0,,Cake 96,General,675.0,,3,active,https://jygsbebawnkvyaqohxes.supabase.co/storage/v1/object/public/cake-images/converted_webp/00096.webp,2025-02-05 14:09:37+00,2026-05-07 15:19:51.337004+00,2.0,
aee0df93-e279-4970-ab73-37f9a64add20,cake-1309,Cake 1309,Title,-,flavours,"[{""name"":""Butterscotch"",""price"":""1200.0"",""customName"":""""},{""name"":""Strawberry"",""price"":""1200.0"",""customName"":""""},{""name"":""Pineapple"",""price"":""1200.0"",""customName"":""""},{""name"":""Black Forest"",""price"":""1200.0"",""customName"":""""},{""name"":""Mix Fruit"",""price"":""1200.0"",""customName"":""""},{""name"":""Almond Honey"",""price"":""1200.0"",""customName"":""""},{""name"":""Choco Crunch"",""price"":""1200.0"",""customName"":""""},{""name"":""Rainbow"",""price"":""1200.0"",""customName"":""""},{""name"":""Choco Vanilla"",""price"":""1200.0"",""customName"":""""},{""name"":""White Forest"",""price"":""1200.0"",""customName"":""""}]",,,,Moti bakery,,0,0,0,0,0,,Cake 1309,General,1200.0,,10,active,https://jygsbebawnkvyaqohxes.supabase.co/storage/v1/object/public/cake-images/converted_webp/resized_1652708302.webp,2025-02-05 14:47:46+00,2026-05-07 15:28:14.918093+00,3.0,
aef0c86c-65e7-4e91-8091-188b833eba8a,cake-643,Cake 643,Title,-,flavours,"[{""name"":""Chocolate"",""price"":""1275.0"",""customName"":""""}]",,,,Moti bakery,,0,0,0,0,0,,Cake 643,General,1275.0,,1,active,https://jygsbebawnkvyaqohxes.supabase.co/storage/v1/object/public/cake-images/converted_webp/resized_283.webp,2025-02-05 14:09:37+00,2026-05-07 15:22:34.845565+00,1.0,
aef4ae71-7b42-417f-9368-1f9fed68e579,cake-924,Cake 924,Title,-,flavours,"[{""name"":""Pineapple"",""price"":""1200.0"",""customName"":""""},{""name"":""Butter Scotch"",""price"":""1200.0"",""customName"":""""},{""name"":""Strawberry"",""price"":""1200.0"",""customName"":""""}]",,,,Moti bakery,,0,0,0,0,0,,Cake 924,General,1200.0,,3,active,https://jygsbebawnkvyaqohxes.supabase.co/storage/v1/object/public/cake-images/converted_webp/00431.webp,2025-02-05 14:28:25+00,2026-05-07 15:24:21.066109+00,4.0,
af4c865c-9a76-419a-90be-c48a9a493f76,cake-122,Cake 122,Title,-,flavours,"[{""name"":""Pineapple"",""price"":""25.0"",""customName"":""""},{""name"":""Butter Scotch"",""price"":""25.0"",""customName"":""""},{""name"":""Strawberry"",""price"":""25.0"",""customName"":""""}]",,,,Moti bakery,,0,0,0,0,0,,Cake 122,General,25.0,,3,active,https://jygsbebawnkvyaqohxes.supabase.co/storage/v1/object/public/cake-images/converted_webp/resized_0122.webp,2025-02-05 14:09:37+00,2026-05-07 15:20:06.481116+00,2.0,
af846b74-4fcb-440f-a053-a6b633a403f2,cake-217,Cake 217,Title,-,flavours,"[{""name"":""Pineapple"",""price"":""725.0"",""customName"":""""},{""name"":""Butter Scotch"",""price"":""725.0"",""customName"":""""},{""name"":""Strawberry"",""price"":""725.0"",""customName"":""""}]",,,,Moti bakery,,0,0,0,0,0,,Cake 217,General,725.0,,3,active,https://jygsbebawnkvyaqohxes.supabase.co/storage/v1/object/public/cake-images/converted_webp/resized_IMG20200227WA0025.webp,2025-02-05 15:53:03+00,2026-05-07 15:20:56.981713+00,1.5,
afa82ef4-87f5-49b3-b088-22be1e5646c0,cake-1156,Cake 1156,Title,-,flavours,"[{""name"":""Butterscotch"",""price"":""825.0"",""customName"":""""},{""name"":""Strawberry"",""price"":""825.0"",""customName"":""""},{""name"":""Pineapple"",""price"":""825.0"",""customName"":""""},{""name"":""Black Forest"",""price"":""825.0"",""customName"":""""},{""name"":""Mix Fruit"",""price"":""825.0"",""customName"":""""},{""name"":""Almond Honey"",""price"":""825.0"",""customName"":""""},{""name"":""Choco Crunch"",""price"":""825.0"",""customName"":""""},{""name"":""Rainbow"",""price"":""825.0"",""customName"":""""},{""name"":""Choco Vanilla"",""price"":""825.0"",""customName"":""""},{""name"":""White Forest"",""price"":""825.0"",""customName"":""""}]",,,,Moti bakery,,0,0,0,0,0,,Cake 1156,General,825.0,,10,active,https://jygsbebawnkvyaqohxes.supabase.co/storage/v1/object/public/cake-images/converted_webp/resized_1652688063.webp,2025-02-05 14:09:37+00,2026-05-07 15:26:54.631244+00,5.0,
b01944a6-aa8a-4230-acfb-43f8a92db74d,cake-722,Cake 722,Title,-,flavours,"[{""name"":""Pineapple"",""price"":""725.0"",""customName"":""""},{""name"":""Butter Scotch"",""price"":""725.0"",""customName"":""""},{""name"":""Strawberry"",""price"":""725.0"",""customName"":""""}]",,,,Moti bakery,,0,0,0,0,0,,Cake 722,General,725.0,,3,active,https://jygsbebawnkvyaqohxes.supabase.co/storage/v1/object/public/cake-images/converted_webp/resized_323.webp,2025-02-05 14:09:37+00,2026-05-07 15:22:56.249534+00,2.5,
b09f2f23-d627-4d2f-a72b-3ad177cb52e0,cake-43,Cake 43,Title,-,flavours,"[{""name"":""Pineapple"",""price"":""650.0"",""customName"":""""},{""name"":""Butter Scotch"",""price"":""650.0"",""customName"":""""},{""name"":""Strawberry"",""price"":""650.0"",""customName"":""""}]",,,,Moti bakery,,0,0,0,0,0,,Cake 43,General,650.0,,3,active,https://jygsbebawnkvyaqohxes.supabase.co/storage/v1/object/public/cake-images/converted_webp/00043.webp,2025-02-05 14:09:37+00,2026-05-07 15:19:21.536315+00,1.0,
b0af202b-7ca2-409a-ad74-b4f25deedf8f,cake-900,Cake 900,Title,-,flavours,"[{""name"":""Pineapple"",""price"":""725.0"",""customName"":""""},{""name"":""Butter Scotch"",""price"":""725.0"",""customName"":""""},{""name"":""Strawberry"",""price"":""725.0"",""customName"":""""}]",,,,Moti bakery,,0,0,0,0,0,,Cake 900,General,725.0,,3,active,https://jygsbebawnkvyaqohxes.supabase.co/storage/v1/object/public/cake-images/converted_webp/00407.webp,2025-02-05 14:09:37+00,2026-05-07 15:24:08.339087+00,3.0,
b0d3de94-fa94-4f32-adb4-50a489d08f9f,cake-101,Cake 101,Title,-,flavours,"[{""name"":""Pineapple"",""price"":""700.0"",""customName"":""""},{""name"":""Butter Scotch"",""price"":""700.0"",""customName"":""""},{""name"":""Strawberry"",""price"":""700.0"",""customName"":""""}]",,,,Moti bakery,,0,0,0,0,0,,Cake 101,General,700.0,,3,active,https://jygsbebawnkvyaqohxes.supabase.co/storage/v1/object/public/cake-images/converted_webp/resized_0101.webp,2025-02-05 14:09:37+00,2026-05-07 15:19:54.305328+00,2.0,
b0f1e4a3-c35a-43e6-b94b-8cd847a9662d,cake-1056,Cake 1056,Title,-,flavours,"[{""name"":""Pineapple"",""price"":""1200.0"",""customName"":""""},{""name"":""Butter Scotch"",""price"":""1200.0"",""customName"":""""},{""name"":""Strawberry"",""price"":""1200.0"",""customName"":""""}]",,,,Moti bakery,,0,0,0,0,0,,Cake 1056,General,1200.0,,3,active,https://jygsbebawnkvyaqohxes.supabase.co/storage/v1/object/public/cake-images/converted_webp/resized_00563.webp,2025-02-05 14:47:46+00,2026-05-07 15:25:35.639775+00,2.0,
b0f1ebe6-826f-4d53-bc4f-d4513f9db82d,cake-1215,Cake 1215,Title,-,flavours,"[{""name"":""Butterscotch"",""price"":""725.0"",""customName"":""""},{""name"":""Strawberry"",""price"":""725.0"",""customName"":""""},{""name"":""Pineapple"",""price"":""725.0"",""customName"":""""},{""name"":""Black Forest"",""price"":""725.0"",""customName"":""""},{""name"":""Mix Fruit"",""price"":""725.0"",""customName"":""""},{""name"":""Almond Honey"",""price"":""725.0"",""customName"":""""},{""name"":""Choco Crunch"",""price"":""725.0"",""customName"":""""},{""name"":""Rainbow"",""price"":""725.0"",""customName"":""""},{""name"":""Choco Vanilla"",""price"":""725.0"",""customName"":""""},{""name"":""White Forest"",""price"":""725.0"",""customName"":""""}]",,,,Moti bakery,,0,0,0,0,0,,Cake 1215,General,725.0,,10,active,https://jygsbebawnkvyaqohxes.supabase.co/storage/v1/object/public/cake-images/converted_webp/resized_1652698281.webp,2025-02-05 14:09:37+00,2026-05-07 15:27:27.207817+00,7.0,
b106b07d-70a6-491b-aad7-e8fba2a16560,cake-23,Cake 23,Title,-,flavours,"[{""name"":""Pineapple"",""price"":""725.00"",""customName"":""""},{""name"":""Butterscotch"",""price"":""700.00"",""customName"":""""},{""name"":""Strawberry"",""price"":""700.00"",""customName"":""""}]",,,,Moti bakery,,0,0,0,0,0,,Cake 23,General,700.00,,3,active,https://jygsbebawnkvyaqohxes.supabase.co/storage/v1/object/public/cake-images/converted_webp/00023.webp,2026-04-01 08:33:40.519523+00,2026-05-07 15:19:07.710855+00,2,
b11452fb-5cbf-49d0-97fa-7190d5d0ffa7,cake-210,Cake 210,Title,-,flavours,"[{""name"":""Pineapple"",""price"":""775.0"",""customName"":""""},{""name"":""Butter Scotch"",""price"":""775.0"",""customName"":""""},{""name"":""Strawberry"",""price"":""775.0"",""customName"":""""}]",,,,Moti bakery,,0,0,0,0,0,,Cake 210,General,775.0,,3,active,https://jygsbebawnkvyaqohxes.supabase.co/storage/v1/object/public/cake-images/converted_webp/resized_FBIMG1578902734132.webp,2025-02-05 15:51:29+00,2026-05-07 15:20:53.444187+00,1.5,
b12f80b8-7df1-44eb-a991-1db8aa205d60,cake-1008,Cake 1008,Title,-,flavours,"[{""name"":""Pineapple"",""price"":""1200.0"",""customName"":""""},{""name"":""Butters Cotch"",""price"":""1200.0"",""customName"":""""},{""name"":""Strawberry"",""price"":""1200.0"",""customName"":""""}]",,,,Moti bakery,,0,0,0,0,0,,Cake 1008,General,1200.0,,3,active,https://jygsbebawnkvyaqohxes.supabase.co/storage/v1/object/public/cake-images/converted_webp/resized_00514.webp,2025-02-05 14:47:46+00,2026-05-07 15:25:07.272122+00,3.0,
b17bd9a3-c248-48ea-bc64-8723d7558934,cake-495,Cake 495,Title,-,flavours,"[{""name"":""Pineapple"",""price"":""675.0"",""customName"":""""},{""name"":""Butter Scotch"",""price"":""675.0"",""customName"":""""},{""name"":""Strawberry"",""price"":""675.0"",""customName"":""""},{""name"":""Almond Honey"",""price"":""675.0"",""customName"":""""},{""name"":""Caramel Crunch"",""price"":""675.0"",""customName"":""""},{""name"":""Redvelvet"",""price"":""675.0"",""customName"":""""}]",,,,Moti bakery,,0,0,0,0,0,,Cake 495,General,675.0,,6,active,https://jygsbebawnkvyaqohxes.supabase.co/storage/v1/object/public/cake-images/converted_webp/resized_1576604964281.webp,2025-02-05 16:17:56+00,2026-05-07 15:21:55.024684+00,4.0,
b1876861-ad73-4df7-8366-ef5b6d915552,cake-807,Cake 807,Title,-,flavours,"[{""name"":""Pineapple"",""price"":""725.0"",""customName"":""""},{""name"":""Butter Scotch"",""price"":""725.0"",""customName"":""""},{""name"":""Strawberry"",""price"":""725.0"",""customName"":""""}]",,,,Moti bakery,,0,0,0,0,0,,Cake 807,General,725.0,,3,active,https://jygsbebawnkvyaqohxes.supabase.co/storage/v1/object/public/cake-images/converted_webp/resized_372.webp,2025-02-05 14:09:37+00,2026-05-07 15:23:39.551885+00,3.0,
b19c48f5-99d0-4644-8c23-177233701759,cake-990,Cake 990,Title,-,flavours,"[{""name"":""Pineapple"",""price"":""1200.0"",""customName"":""""},{""name"":""Butter Scotch"",""price"":""1200.0"",""customName"":""""},{""name"":""Strawberry"",""price"":""1200.0"",""customName"":""""}]",,,,Moti bakery,,0,0,0,0,0,,Cake 990,General,1200.0,,3,active,https://jygsbebawnkvyaqohxes.supabase.co/storage/v1/object/public/cake-images/converted_webp/00496.webp,2025-02-05 14:47:46+00,2026-05-07 15:24:58.198201+00,2.0,
b19f1a0b-cd67-456e-9400-2c80d61954d7,cake-1160,Cake 1160,Title,-,flavours,"[{""name"":""Butterscotch"",""price"":""1200.0"",""customName"":""""},{""name"":""Strawberry"",""price"":""1200.0"",""customName"":""""},{""name"":""Pineapple"",""price"":""1200.0"",""customName"":""""},{""name"":""Black Forest"",""price"":""1200.0"",""customName"":""""},{""name"":""Mix Fruit"",""price"":""1200.0"",""customName"":""""},{""name"":""Almond Honey"",""price"":""1200.0"",""customName"":""""},{""name"":""Choco Crunch"",""price"":""1200.0"",""customName"":""""},{""name"":""Rainbow"",""price"":""1200.0"",""customName"":""""},{""name"":""Choco Vanilla"",""price"":""1200.0"",""customName"":""""},{""name"":""White Forest"",""price"":""1200.0"",""customName"":""""}]",,,,Moti bakery,,0,0,0,0,0,,Cake 1160,General,1200.0,,10,active,https://jygsbebawnkvyaqohxes.supabase.co/storage/v1/object/public/cake-images/converted_webp/resized_1652688452.webp,2025-02-05 14:47:46+00,2026-05-07 15:26:56.993842+00,3.0,
b211817b-d276-4788-b8d7-e1ab85fa92d5,cake-113,Cake 113,Title,-,flavours,"[{""name"":""Pineapple"",""price"":""650.0"",""customName"":""""},{""name"":""Butter Scotch"",""price"":""650.0"",""customName"":""""},{""name"":""Strawberry"",""price"":""650.0"",""customName"":""""}]",,,,Moti bakery,,0,0,0,0,0,,Cake 113,General,650.0,,3,active,https://jygsbebawnkvyaqohxes.supabase.co/storage/v1/object/public/cake-images/converted_webp/resized_0113.webp,2025-02-05 14:09:37+00,2026-05-07 15:20:01.878894+00,2.0,
b2548dc6-8d46-4ddd-bc81-85117dcd3491,cake-930,Cake 930,Title,-,flavours,"[{""name"":""Pineapple"",""price"":""1200.0"",""customName"":""""},{""name"":""Butter Scotch"",""price"":""1200.0"",""customName"":""""},{""name"":""Strawberry"",""price"":""1200.0"",""customName"":""""}]",,,,Moti bakery,,0,0,0,0,0,,Cake 930,General,1200.0,,3,active,https://jygsbebawnkvyaqohxes.supabase.co/storage/v1/object/public/cake-images/converted_webp/00437.webp,2025-02-05 14:29:27+00,2026-05-07 15:24:24.506641+00,4.0,
b26b687d-247b-47fd-b49b-756d087b6115,cake-724,Cake 724,Title,-,flavours,"[{""name"":""Pineapple"",""price"":""725.0"",""customName"":""""},{""name"":""Butter Scotch"",""price"":""725.0"",""customName"":""""},{""name"":""Strawberry"",""price"":""725.0"",""customName"":""""}]",,,,Moti bakery,,0,0,0,0,0,,Cake 724,General,725.0,,3,active,https://jygsbebawnkvyaqohxes.supabase.co/storage/v1/object/public/cake-images/converted_webp/resized_325.webp,2025-02-05 14:09:37+00,2026-05-07 15:22:57.275941+00,3.0,
b29bb82a-0c3e-4126-ad69-dde739bb8262,cake-1164,Cake 1164,Title,-,flavours,"[{""name"":""Butterscotch"",""price"":""775.0"",""customName"":""""},{""name"":""Strawberry"",""price"":""775.0"",""customName"":""""},{""name"":""Pineapple"",""price"":""775.0"",""customName"":""""},{""name"":""Black Forest"",""price"":""775.0"",""customName"":""""},{""name"":""Mix Fruit"",""price"":""775.0"",""customName"":""""},{""name"":""Almond Honey"",""price"":""775.0"",""customName"":""""},{""name"":""Choco Crunch"",""price"":""775.0"",""customName"":""""},{""name"":""Rainbow"",""price"":""775.0"",""customName"":""""},{""name"":""Choco Vanilla"",""price"":""775.0"",""customName"":""""},{""name"":""White Forest"",""price"":""775.0"",""customName"":""""}]",,,,Moti bakery,,0,0,0,0,0,,Cake 1164,General,775.0,,10,active,https://jygsbebawnkvyaqohxes.supabase.co/storage/v1/object/public/cake-images/converted_webp/resized_1652692078.webp,2025-02-05 14:09:37+00,2026-05-07 15:26:59.140206+00,5.0,
b2be3324-4dcd-4421-89b3-27ae10c9c808,cake-979,Cake 979,Title,-,flavours,"[{""name"":""Pineapple"",""price"":""1200.0"",""customName"":""""},{""name"":""Butter Scotch"",""price"":""1200.0"",""customName"":""""},{""name"":""Strawberry"",""price"":""1200.0"",""customName"":""""}]",,,,Moti bakery,,0,0,0,0,0,,Cake 979,General,1200.0,,3,active,https://jygsbebawnkvyaqohxes.supabase.co/storage/v1/object/public/cake-images/converted_webp/00487.webp,2025-02-05 14:47:46+00,2026-05-07 15:24:52.179203+00,3.0,
b2d285a9-ce92-437d-8244-837a3fc7e12c,cake-1297,Cake 1297,Title,-,flavours,"[{""name"":""Butterscotch"",""price"":""675.0"",""customName"":""""},{""name"":""Strawberry"",""price"":""675.0"",""customName"":""""},{""name"":""Pineapple"",""price"":""675.0"",""customName"":""""},{""name"":""Black Forest"",""price"":""675.0"",""customName"":""""},{""name"":""Mix Fruit"",""price"":""675.0"",""customName"":""""},{""name"":""Almond Honey"",""price"":""675.0"",""customName"":""""},{""name"":""Choco Crunch"",""price"":""675.0"",""customName"":""""},{""name"":""Rainbow"",""price"":""675.0"",""customName"":""""},{""name"":""Choco Vanilla"",""price"":""675.0"",""customName"":""""},{""name"":""White Forest"",""price"":""675.0"",""customName"":""""}]",,,,Moti bakery,,0,0,0,0,0,,Cake 1297,General,675.0,,10,active,https://jygsbebawnkvyaqohxes.supabase.co/storage/v1/object/public/cake-images/converted_webp/resized_1652706214.webp,2025-02-05 14:09:37+00,2026-05-07 15:28:08.274706+00,3.0,
b2f2ab21-382a-4876-98a1-8d0833cfa7d4,cake-516,Cake 516,Title,-,flavours,"[{""name"":""Pineapple"",""price"":""725.0"",""customName"":""""},{""name"":""Butter Scotch"",""price"":""725.0"",""customName"":""""},{""name"":""Strawberry"",""price"":""725.0"",""customName"":""""},{""name"":""Almond Honey"",""price"":""725.0"",""customName"":""""},{""name"":""Caramel Crunch"",""price"":""725.0"",""customName"":""""},{""name"":""Redvelvet"",""price"":""725.0"",""customName"":""""}]",,,,Moti bakery,,0,0,0,0,0,,Cake 516,General,725.0,,6,active,https://jygsbebawnkvyaqohxes.supabase.co/storage/v1/object/public/cake-images/converted_webp/resized_IMG20180927WA0003.webp,2025-02-05 16:22:06+00,2026-05-07 15:22:08.125705+00,5.0,
b393995f-553c-4413-9431-55615d354000,cake-734,Cake 734,Title,-,flavours,"[{""name"":""Pineapple"",""price"":""675.0"",""customName"":""""},{""name"":""Butter Scotch"",""price"":""675.0"",""customName"":""""},{""name"":""Strawberry"",""price"":""675.0"",""customName"":""""}]",,,,Moti bakery,,0,0,0,0,0,,Cake 734,General,675.0,,3,active,https://jygsbebawnkvyaqohxes.supabase.co/storage/v1/object/public/cake-images/converted_webp/resized_335.webp,2025-02-05 14:09:37+00,2026-05-07 15:23:02.744581+00,3.0,
b42663e8-6a91-42e0-a2ca-89767aa7333f,cake-177,Cake 177,Title,-,flavours,"[{""name"":""Pineapple"",""price"":""725.0"",""customName"":""""},{""name"":""Butter Scotch"",""price"":""725.0"",""customName"":""""},{""name"":""Strawberry"",""price"":""725.0"",""customName"":""""}]",,,,Moti bakery,,0,0,0,0,0,,Cake 177,General,725.0,,3,active,https://jygsbebawnkvyaqohxes.supabase.co/storage/v1/object/public/cake-images/converted_webp/resized_0177.webp,2025-02-05 14:09:37+00,2026-05-07 15:20:34.983723+00,2.0,
b4733e97-06ac-4a51-87aa-fa344adabb66,cake-1307,Cake 1307,Title,-,flavours,"[{""name"":""Butterscotch"",""price"":""1200.0"",""customName"":""""},{""name"":""Strawberry"",""price"":""1200.0"",""customName"":""""},{""name"":""Pineapple"",""price"":""1200.0"",""customName"":""""},{""name"":""Black Forest"",""price"":""1200.0"",""customName"":""""},{""name"":""Mix Fruit"",""price"":""1200.0"",""customName"":""""},{""name"":""Almond Honey"",""price"":""1200.0"",""customName"":""""},{""name"":""Choco Crunch"",""price"":""1200.0"",""customName"":""""},{""name"":""Rainbow"",""price"":""1200.0"",""customName"":""""},{""name"":""Choco Vanilla"",""price"":""1200.0"",""customName"":""""},{""name"":""White Forest"",""price"":""1200.0"",""customName"":""""}]",,,,Moti bakery,,0,0,0,0,0,,Cake 1307,General,1200.0,,10,active,https://jygsbebawnkvyaqohxes.supabase.co/storage/v1/object/public/cake-images/converted_webp/resized_1652708196.webp,2025-02-05 14:47:46+00,2026-05-07 15:28:13.590487+00,5.0,
b4c7dca2-d792-4710-95f0-f209dd1eb9ef,cake-196,Cake 196,Title,-,flavours,"[{""name"":""Pineapple"",""price"":""700.0"",""customName"":""""},{""name"":""Butter Scotch"",""price"":""700.0"",""customName"":""""},{""name"":""Strawberry"",""price"":""700.0"",""customName"":""""},{""name"":""Almond Honey"",""price"":""700.0"",""customName"":""""},{""name"":""Caramel Crunch"",""price"":""700.0"",""customName"":""""},{""name"":""Redvelvet"",""price"":""700.0"",""customName"":""""}]",,,,Moti bakery,,0,0,0,0,0,,Cake 196,General,700.0,,6,active,https://jygsbebawnkvyaqohxes.supabase.co/storage/v1/object/public/cake-images/converted_webp/resized_FBIMG1562518164986.webp,2025-02-05 15:49:04+00,2026-05-07 15:20:44.16155+00,2.5,
b548a6f1-f2d6-4ea7-9953-4db91983ff13,cake-63,Cake 63,Title,-,flavours,"[{""name"":""Pineapple"",""price"":""725.0"",""customName"":""""},{""name"":""Butter Scotch"",""price"":""725.0"",""customName"":""""},{""name"":""Strawberry"",""price"":""725.0"",""customName"":""""}]",,,,Moti bakery,,0,0,0,0,0,,Cake 63,General,725.0,,3,active,https://jygsbebawnkvyaqohxes.supabase.co/storage/v1/object/public/cake-images/converted_webp/00063.webp,2025-02-05 14:09:37+00,2026-05-07 15:19:32.166879+00,2.0,
b584dae4-47ea-41a8-882e-ab3b7b25b4ee,cake-48,Cake 48,Title,-,flavours,"[{""name"":""Pineapple"",""price"":""650.0"",""customName"":""""},{""name"":""Butter Scotch"",""price"":""650.0"",""customName"":""""},{""name"":""Strawberry"",""price"":""650.0"",""customName"":""""}]",,,,Moti bakery,,0,0,0,0,0,,Cake 48,General,650.0,,3,active,https://jygsbebawnkvyaqohxes.supabase.co/storage/v1/object/public/cake-images/converted_webp/00048.webp,2025-02-05 14:09:37+00,2026-05-07 15:19:23.923188+00,1.0,
b5ebee54-1d10-415a-9334-1781190f275a,cake-636,Cake 636,Title,-,flavours,"[{""name"":""Chocolate Truffle"",""price"":""875.0"",""customName"":""""}]",,,,Moti bakery,,0,0,0,0,0,,Cake 636,General,875.0,,1,active,https://jygsbebawnkvyaqohxes.supabase.co/storage/v1/object/public/cake-images/converted_webp/resized_276.webp,2025-02-05 14:09:37+00,2026-05-07 15:22:31.060642+00,1.0,
b61ced2e-a190-4bab-ae36-f5e35ebc7213,cake-190,Cake 190,Title,-,flavours,"[{""name"":""Pineapple"",""price"":""700.0"",""customName"":""""},{""name"":""Butter Scotch"",""price"":""700.0"",""customName"":""""},{""name"":""Strawberry"",""price"":""700.0"",""customName"":""""},{""name"":""Almond Honey"",""price"":""700.0"",""customName"":""""},{""name"":""Caramel Crunch"",""price"":""700.0"",""customName"":""""},{""name"":""Redvelvet"",""price"":""700.0"",""customName"":""""}]",,,,Moti bakery,,0,0,0,0,0,,Cake 190,General,700.0,,6,active,https://jygsbebawnkvyaqohxes.supabase.co/storage/v1/object/public/cake-images/converted_webp/resized_FBIMG1562518149872.webp,2025-02-05 15:47:01+00,2026-05-07 15:20:41.391383+00,2.5,
b63c0d9e-184e-4fb6-83d3-b46490befa14,cake-414,Cake 414,Title,-,flavours,"[{""name"":""Pineapple"",""price"":""750.0"",""customName"":""""},{""name"":""Butter Scotch"",""price"":""750.0"",""customName"":""""},{""name"":""Strawberry"",""price"":""750.0"",""customName"":""""}]",,,,Moti bakery,,0,0,0,0,0,,Cake 414,General,750.0,,3,active,https://jygsbebawnkvyaqohxes.supabase.co/storage/v1/object/public/cake-images/converted_webp/resized_201.webp,2025-02-05 14:09:37+00,2026-05-07 15:21:10.567785+00,3.0,
b640b170-6c95-45b6-aa60-77612db6167f,cake-1031,Cake 1031,Title,-,flavours,"[{""name"":""Pineapple"",""price"":""1200.0"",""customName"":""""},{""name"":""Butters Cotch"",""price"":""1200.0"",""customName"":""""},{""name"":""Strawberry"",""price"":""1200.0"",""customName"":""""}]",,,,Moti bakery,,0,0,0,0,0,,Cake 1031,General,1200.0,,3,active,https://jygsbebawnkvyaqohxes.supabase.co/storage/v1/object/public/cake-images/converted_webp/resized_00538.webp,2025-02-05 14:47:46+00,2026-05-07 15:25:21.36414+00,2.0,
b6536f5a-6cfa-4114-8f15-fb3855095afc,cake-936,Cake 936,Title,-,flavours,"[{""name"":""Pineapple"",""price"":""1200.0"",""customName"":""""},{""name"":""Butter Scotch"",""price"":""1200.0"",""customName"":""""},{""name"":""Strawberry"",""price"":""1200.0"",""customName"":""""}]",,,,Moti bakery,,0,0,0,0,0,,Cake 936,General,1200.0,,3,active,https://jygsbebawnkvyaqohxes.supabase.co/storage/v1/object/public/cake-images/converted_webp/00443.webp,2025-02-05 14:30:14+00,2026-05-07 15:24:28.737425+00,3.0,
b66833fb-86ad-48b6-a30c-63ccf2783f0e,cake-8,Cake 8,Title,-,flavours,"[{""name"":""Pineapple"",""price"":""725.00"",""customName"":""""},{""name"":""Butterscotch"",""price"":""700"",""customName"":""""},{""name"":""Strawberry"",""price"":""700"",""customName"":""""}]",,,,Moti bakery,,0,0,0,0,0,,Cake 8,General,700,,3,active,https://jygsbebawnkvyaqohxes.supabase.co/storage/v1/object/public/cake-images/converted_webp/0008.webp,2026-04-01 08:33:40.519523+00,2026-05-07 15:29:11.040277+00,1,
b69715f2-264d-44d0-bee4-de56f99ddc89,cake-858,Cake 858,Title,-,flavours,"[{""name"":""Pineapple"",""price"":""700.0"",""customName"":""""},{""name"":""Butterscotch"",""price"":""700.0"",""customName"":""""},{""name"":""Strawberry"",""price"":""700.0"",""customName"":""""},{""name"":""Caramel Crunch"",""price"":""700.0"",""customName"":""""},{""name"":""Red Velvet"",""price"":""700.0"",""customName"":""""},{""name"":""Almond Honey"",""price"":""700.0"",""customName"":""""}]",,,,Moti bakery,,0,0,0,0,0,,Cake 858,General,700.0,,6,active,https://jygsbebawnkvyaqohxes.supabase.co/storage/v1/object/public/cake-images/converted_webp/resized_IMG20200823WA0233.webp,2025-02-05 14:09:37+00,2026-05-07 15:24:05.145159+00,4.0,
b6ec9ef1-9edd-40d0-ae1b-253f3ad99f62,cake-1356,Cake 1356,Title,-,flavours,"[{""name"":""Butterscotch"",""price"":""1200.0"",""customName"":""""},{""name"":""Strawberry"",""price"":""1200.0"",""customName"":""""},{""name"":""Pineapple"",""price"":""1200.0"",""customName"":""""},{""name"":""Black Forest"",""price"":""1200.0"",""customName"":""""},{""name"":""Mix Fruit"",""price"":""1200.0"",""customName"":""""},{""name"":""Almond Honey"",""price"":""1200.0"",""customName"":""""},{""name"":""Choco Crunch"",""price"":""1200.0"",""customName"":""""},{""name"":""Rainbow"",""price"":""1200.0"",""customName"":""""},{""name"":""Choco Vanilla"",""price"":""1200.0"",""customName"":""""},{""name"":""White Forest"",""price"":""1200.0"",""customName"":""""}]",,,,Moti bakery,,0,0,0,0,0,,Cake 1356,General,1200.0,,10,active,https://jygsbebawnkvyaqohxes.supabase.co/storage/v1/object/public/cake-images/converted_webp/resized_1652767495.webp,2025-02-05 14:47:46+00,2026-05-07 15:28:41.269032+00,5.0,
b6fc5220-ecac-4031-a4ad-69847e26036b,cake-1240,Cake 1240,Title,-,flavours,"[{""name"":""Butterscotch"",""price"":""725.0"",""customName"":""""},{""name"":""Strawberry"",""price"":""725.0"",""customName"":""""},{""name"":""Pineapple"",""price"":""725.0"",""customName"":""""},{""name"":""Black Forest"",""price"":""725.0"",""customName"":""""},{""name"":""Mix Fruit"",""price"":""725.0"",""customName"":""""},{""name"":""Almond Honey"",""price"":""725.0"",""customName"":""""},{""name"":""Choco Crunch"",""price"":""725.0"",""customName"":""""},{""name"":""Rainbow"",""price"":""725.0"",""customName"":""""},{""name"":""Choco Vanilla"",""price"":""725.0"",""customName"":""""},{""name"":""White Forest"",""price"":""725.0"",""customName"":""""}]",,,,Moti bakery,,0,0,0,0,0,,Cake 1240,General,725.0,,10,active,https://jygsbebawnkvyaqohxes.supabase.co/storage/v1/object/public/cake-images/converted_webp/resized_1652699828.webp,2025-02-05 14:09:37+00,2026-05-07 15:27:42.142577+00,3.0,
b725558f-76bc-419d-bd23-a0a3be8f8221,cake-704,Cake 704,Title,-,flavours,"[{""name"":""Pineapple"",""price"":""675.0"",""customName"":""""},{""name"":""Butter Scotch"",""price"":""675.0"",""customName"":""""},{""name"":""Strawberry"",""price"":""675.0"",""customName"":""""}]",,,,Moti bakery,,0,0,0,0,0,,Cake 704,General,675.0,,3,active,https://jygsbebawnkvyaqohxes.supabase.co/storage/v1/object/public/cake-images/converted_webp/resized_305.webp,2025-02-05 14:09:37+00,2026-05-07 15:22:47.026858+00,2.5,
b7292276-8feb-42fb-b3d3-6fc57039c1ff,cake-1353,Cake 1353,Title,-,flavours,"[{""name"":""Butterscotch"",""price"":""1200.0"",""customName"":""""},{""name"":""Strawberry"",""price"":""1200.0"",""customName"":""""},{""name"":""Pineapple"",""price"":""1200.0"",""customName"":""""},{""name"":""Black Forest"",""price"":""1200.0"",""customName"":""""},{""name"":""Mix Fruit"",""price"":""1200.0"",""customName"":""""},{""name"":""Almond Honey"",""price"":""1200.0"",""customName"":""""},{""name"":""Choco Crunch"",""price"":""1200.0"",""customName"":""""},{""name"":""Rainbow"",""price"":""1200.0"",""customName"":""""},{""name"":""Choco Vanilla"",""price"":""1200.0"",""customName"":""""},{""name"":""White Forest"",""price"":""1200.0"",""customName"":""""}]",,,,Moti bakery,,0,0,0,0,0,,Cake 1353,General,1200.0,,10,active,https://jygsbebawnkvyaqohxes.supabase.co/storage/v1/object/public/cake-images/converted_webp/resized_1652767387.webp,2025-02-05 14:47:46+00,2026-05-07 15:28:39.799042+00,6.0,
b73de056-6493-4b0c-885c-298b0b2e5e37,cake-1081,Cake 1081,Title,-,flavours,"[{""name"":""Pineapple"",""price"":""1200.0"",""customName"":""""},{""name"":""Butter Scotch"",""price"":""1200.0"",""customName"":""""},{""name"":""Staw Berry"",""price"":""1200.0"",""customName"":""""},{""name"":""Caramel Crunch"",""price"":""1200.0"",""customName"":""""},{""name"":""Almond Honey"",""price"":""1200.0"",""customName"":""""},{""name"":""Redvelvet"",""price"":""1200.0"",""customName"":""""}]",,,,Moti bakery,,0,0,0,0,0,,Cake 1081,General,1200.0,,6,active,https://jygsbebawnkvyaqohxes.supabase.co/storage/v1/object/public/cake-images/converted_webp/resized_1576604904934.webp,2025-02-05 14:47:46+00,2026-05-07 15:25:49.438047+00,3.0,
b75abdae-c2a4-4da4-92a0-1889f8540a94,cake-1154,Cake 1154,Title,-,flavours,"[{""name"":""Butterscotch"",""price"":""825.0"",""customName"":""""},{""name"":""Strawberry"",""price"":""825.0"",""customName"":""""},{""name"":""Pineapple"",""price"":""825.0"",""customName"":""""},{""name"":""Black Forest"",""price"":""825.0"",""customName"":""""},{""name"":""Mix Fruit"",""price"":""825.0"",""customName"":""""},{""name"":""Almond Honey"",""price"":""825.0"",""customName"":""""},{""name"":""Choco Crunch"",""price"":""825.0"",""customName"":""""},{""name"":""Rainbow"",""price"":""825.0"",""customName"":""""},{""name"":""Choco Vanilla"",""price"":""825.0"",""customName"":""""},{""name"":""White Forest"",""price"":""825.0"",""customName"":""""}]",,,,Moti bakery,,0,0,0,0,0,,Cake 1154,General,825.0,,10,active,https://jygsbebawnkvyaqohxes.supabase.co/storage/v1/object/public/cake-images/converted_webp/resized_1652687891.webp,2025-02-05 14:09:37+00,2026-05-07 15:26:53.568026+00,3.0,
b7860c43-3caf-437b-a1b0-db532af851f6,cake-983,Cake 983,Title,-,flavours,"[{""name"":""Pineapple"",""price"":""1200.0"",""customName"":""""},{""name"":""Butter Scotch"",""price"":""1200.0"",""customName"":""""},{""name"":""Strawberry"",""price"":""1200.0"",""customName"":""""}]",,,,Moti bakery,,0,0,0,0,0,,Cake 983,General,1200.0,,3,active,https://jygsbebawnkvyaqohxes.supabase.co/storage/v1/object/public/cake-images/converted_webp/00452.webp,2025-02-05 14:47:46+00,2026-05-07 15:24:54.511503+00,2.5,
b799d3e7-211d-42a9-af34-29cb0dbefac8,cake-824,Cake 824,Title,-,flavours,"[{""name"":""Pineapple"",""price"":""725.0"",""customName"":""""},{""name"":""Butter Scotch"",""price"":""725.0"",""customName"":""""},{""name"":""Strawberry"",""price"":""725.0"",""customName"":""""}]",,,,Moti bakery,,0,0,0,0,0,,Cake 824,General,725.0,,3,active,https://jygsbebawnkvyaqohxes.supabase.co/storage/v1/object/public/cake-images/converted_webp/resized_390.webp,2025-02-05 14:09:37+00,2026-05-07 15:23:47.831177+00,3.0,
b7c10f9f-06ca-4f2c-b17e-08215a812f79,cake-20,Cake 20,Title,-,flavours,"[{""name"":""Pineapple"",""price"":""750.00"",""customName"":""""},{""name"":""Butterscotch"",""price"":""725"",""customName"":""""},{""name"":""Strawberry"",""price"":""725"",""customName"":""""}]",,,,Moti bakery,,0,0,0,0,0,,Cake 20,General,725,,3,active,https://jygsbebawnkvyaqohxes.supabase.co/storage/v1/object/public/cake-images/converted_webp/00020.webp,2026-04-01 08:33:40.519523+00,2026-05-07 15:19:05.7371+00,2,
b7d937ad-9159-49f5-b1c6-22a5d8b8f2a8,cake-840,Cake 840,Title,-,flavours,"[{""name"":""Pineapple"",""price"":""700.0"",""customName"":""""},{""name"":""Butter Scotch"",""price"":""700.0"",""customName"":""""},{""name"":""Strawberry"",""price"":""700.0"",""customName"":""""}]",,,,Moti bakery,,0,0,0,0,0,,Cake 840,General,700.0,,3,active,https://jygsbebawnkvyaqohxes.supabase.co/storage/v1/object/public/cake-images/converted_webp/resized_406.webp,2025-02-05 14:09:37+00,2026-05-07 15:23:56.373697+00,10.0,
b7e0c157-379f-4925-8339-4b3179c37e03,cake-804,Cake 804,Title,-,flavours,"[{""name"":""Pineapple"",""price"":""700.0"",""customName"":""""},{""name"":""Butter Scotch"",""price"":""700.0"",""customName"":""""},{""name"":""Strawberry"",""price"":""700.0"",""customName"":""""}]",,,,Moti bakery,,0,0,0,0,0,,Cake 804,General,700.0,,3,active,https://jygsbebawnkvyaqohxes.supabase.co/storage/v1/object/public/cake-images/converted_webp/resized_369.webp,2025-02-05 14:09:37+00,2026-05-07 15:23:38.041531+00,2.5,
b7eb173f-8d7a-451d-aa77-1d9cac525a3a,cake-856,Cake 856,Title,-,flavours,"[{""name"":""Pineapple"",""price"":""700.0"",""customName"":""""},{""name"":""Butterscotch"",""price"":""700.0"",""customName"":""""},{""name"":""Strawberry"",""price"":""700.0"",""customName"":""""},{""name"":""Caramel Crunch"",""price"":""700.0"",""customName"":""""},{""name"":""Red Velvet"",""price"":""700.0"",""customName"":""""},{""name"":""Almond Honey"",""price"":""700.0"",""customName"":""""}]",,,,Moti bakery,,0,0,0,0,0,,Cake 856,General,700.0,,6,active,https://jygsbebawnkvyaqohxes.supabase.co/storage/v1/object/public/cake-images/converted_webp/resized_FBIMG1601226400302.webp,2025-02-05 14:09:37+00,2026-05-07 15:24:04.162038+00,4.0,
b83c6625-b4e3-4598-bc5e-a80a8f40dc22,cake-6,Cake 6,Title,-,flavours,"[{""name"":""Pineapple"",""price"":""775.00"",""customName"":""""},{""name"":""Butterscotch"",""price"":""750"",""customName"":""""},{""name"":""Strawberry"",""price"":""750"",""customName"":""""}]",,,,Moti bakery,,0,0,0,0,0,,Cake 6,General,750,,3,active,https://jygsbebawnkvyaqohxes.supabase.co/storage/v1/object/public/cake-images/converted_webp/0006.webp,2026-04-01 08:33:40.519523+00,2026-05-07 15:29:10.040923+00,1.5,
b8711852-f952-4fc9-bfd6-8a9d5ed53ef8,cake-831,Cake 831,Title,-,flavours,"[{""name"":""Pineapple"",""price"":""700.0"",""customName"":""""},{""name"":""Butter Scotch"",""price"":""700.0"",""customName"":""""},{""name"":""Strawberry"",""price"":""700.0"",""customName"":""""}]",,,,Moti bakery,,0,0,0,0,0,,Cake 831,General,700.0,,3,active,https://jygsbebawnkvyaqohxes.supabase.co/storage/v1/object/public/cake-images/converted_webp/resized_397.webp,2025-02-05 14:09:37+00,2026-05-07 15:23:51.344007+00,3.0,
b892b1cb-fb02-4d74-8725-f124967bc33e,cake-1362,Cake 1362,Title,-,flavours,"[{""name"":""Butterscotch"",""price"":""1200.0"",""customName"":""""},{""name"":""Strawberry"",""price"":""1200.0"",""customName"":""""},{""name"":""Pineapple"",""price"":""1200.0"",""customName"":""""},{""name"":""Black Forest"",""price"":""1200.0"",""customName"":""""},{""name"":""Mix Fruit"",""price"":""1200.0"",""customName"":""""},{""name"":""Almond Honey"",""price"":""1200.0"",""customName"":""""},{""name"":""Choco Crunch"",""price"":""1200.0"",""customName"":""""},{""name"":""Rainbow"",""price"":""1200.0"",""customName"":""""},{""name"":""Choco Vanilla"",""price"":""1200.0"",""customName"":""""},{""name"":""White Forest"",""price"":""1200.0"",""customName"":""""}]",,,,Moti bakery,,0,0,0,0,0,,Cake 1362,General,1200.0,,10,active,https://jygsbebawnkvyaqohxes.supabase.co/storage/v1/object/public/cake-images/converted_webp/resized_1652767714.webp,2025-02-05 14:47:46+00,2026-05-07 15:28:44.202723+00,5.0,
b8ad7088-8a42-474b-b6b5-c199510de108,cake-162,Cake 162,Title,-,flavours,"[{""name"":""Pineapple"",""price"":""675.0"",""customName"":""""},{""name"":""Butter Scotch"",""price"":""675.0"",""customName"":""""},{""name"":""Strawberry"",""price"":""675.0"",""customName"":""""}]",,,,Moti bakery,,0,0,0,0,0,,Cake 162,General,675.0,,3,active,https://jygsbebawnkvyaqohxes.supabase.co/storage/v1/object/public/cake-images/converted_webp/resized_0162.webp,2025-02-05 14:09:37+00,2026-05-07 15:20:27.207449+00,2.0,
b8b5c727-af12-4f06-94e1-27cc27f5418b,cake-706,Cake 706,Title,-,flavours,"[{""name"":""Pineapple"",""price"":""1200.0"",""customName"":""""},{""name"":""Butter Scotch"",""price"":""1200.0"",""customName"":""""},{""name"":""Strawberry"",""price"":""1200.0"",""customName"":""""}]",,,,Moti bakery,,0,0,0,0,0,,Cake 706,General,1200.0,,3,active,https://jygsbebawnkvyaqohxes.supabase.co/storage/v1/object/public/cake-images/converted_webp/resized_307.webp,2025-02-05 14:47:46+00,2026-05-07 15:22:48.275636+00,4.0,
b8e45250-2107-49ab-90be-24234ff0c223,cake-814,Cake 814,Title,-,flavours,"[{""name"":""Pineapple"",""price"":""700.0"",""customName"":""""},{""name"":""Butter Scotch"",""price"":""700.0"",""customName"":""""},{""name"":""Strawberry"",""price"":""700.0"",""customName"":""""}]",,,,Moti bakery,,0,0,0,0,0,,Cake 814,General,700.0,,3,active,https://jygsbebawnkvyaqohxes.supabase.co/storage/v1/object/public/cake-images/converted_webp/resized_379.webp,2025-02-05 14:09:37+00,2026-05-07 15:23:43.13897+00,3.0,
b93c586a-ffb2-4cd9-8552-7ad391c384b8,cake-848,Cake 848,Title,-,flavours,"[{""name"":""Pineapple"",""price"":""725.0"",""customName"":""""},{""name"":""Butterscotch"",""price"":""725.0"",""customName"":""""},{""name"":""Strawberry"",""price"":""725.0"",""customName"":""""},{""name"":""Caramel Crunch"",""price"":""725.0"",""customName"":""""},{""name"":""Red Velvet"",""price"":""725.0"",""customName"":""""},{""name"":""Almond Honey"",""price"":""725.0"",""customName"":""""}]",,,,Moti bakery,,0,0,0,0,0,,Cake 848,General,725.0,,6,active,https://jygsbebawnkvyaqohxes.supabase.co/storage/v1/object/public/cake-images/converted_webp/resized_FBIMG1578631321918.webp,2025-02-05 16:37:20+00,2026-05-07 15:24:00.033358+00,2.5,
b9695b2b-8826-4a08-a9e8-a53c46d3a374,cake-774,Cake 774,Title,-,flavours,"[{""name"":""Pineapple"",""price"":""675.0"",""customName"":""""},{""name"":""Butter Scotch"",""price"":""675.0"",""customName"":""""},{""name"":""Strawberry"",""price"":""675.0"",""customName"":""""},{""name"":""Almond Honey"",""price"":""675.0"",""customName"":""""},{""name"":""Caramel Crunch"",""price"":""675.0"",""customName"":""""},{""name"":""Redvelvet"",""price"":""675.0"",""customName"":""""}]",,,,Moti bakery,,0,0,0,0,0,,Cake 774,General,675.0,,6,active,https://jygsbebawnkvyaqohxes.supabase.co/storage/v1/object/public/cake-images/converted_webp/resized_IMG20200108WA0038.webp,2025-02-05 14:09:37+00,2026-05-07 15:23:23.936044+00,1.0,
b9a3a131-0d39-40bc-8ebc-0c81b199e7fb,cake-650,Cake 650,Title,-,flavours,"[{""name"":""Chocolate Cream Cake"",""price"":""875.0"",""customName"":""""}]",,,,Moti bakery,,0,0,0,0,0,,Cake 650,General,875.0,,1,active,https://jygsbebawnkvyaqohxes.supabase.co/storage/v1/object/public/cake-images/converted_webp/resized_291.webp,2025-02-05 14:09:37+00,2026-05-07 15:22:39.245726+00,2.0,
b9b1dd0d-9872-4d24-8d28-535af2b9da82,cake-776,Cake 776,Title,-,flavours,"[{""name"":""Pineapple"",""price"":""675.0"",""customName"":""""},{""name"":""Butter Scotch"",""price"":""675.0"",""customName"":""""},{""name"":""Strawberry"",""price"":""675.0"",""customName"":""""}]",,,,Moti bakery,,0,0,0,0,0,,Cake 776,General,675.0,,3,active,https://jygsbebawnkvyaqohxes.supabase.co/storage/v1/object/public/cake-images/converted_webp/resized_1576596140009.webp,2025-02-05 16:30:37+00,2026-05-07 15:23:25.16171+00,6.0,
ba6f2a65-8f49-4fff-9755-feffdff40f2e,cake-1033,Cake 1033,Title,-,flavours,"[{""name"":""Pineapple"",""price"":""1200.0"",""customName"":""""},{""name"":""Butter Scotch"",""price"":""1200.0"",""customName"":""""},{""name"":""Strawberry"",""price"":""1200.0"",""customName"":""""}]",,,,Moti bakery,,0,0,0,0,0,,Cake 1033,General,1200.0,,3,active,https://jygsbebawnkvyaqohxes.supabase.co/storage/v1/object/public/cake-images/converted_webp/resized_00541.webp,2025-02-05 14:47:46+00,2026-05-07 15:25:22.376658+00,2.0,
ba725f46-f064-4725-b32e-14fc79211bc4,cake-853,Cake 853,Title,-,flavours,"[{""name"":""Pineapple"",""price"":""700.0"",""customName"":""""},{""name"":""Butterscotch"",""price"":""700.0"",""customName"":""""},{""name"":""Strawberry"",""price"":""700.0"",""customName"":""""},{""name"":""Caramel Crunch"",""price"":""700.0"",""customName"":""""},{""name"":""Red Velvet"",""price"":""700.0"",""customName"":""""},{""name"":""Almond Honey"",""price"":""700.0"",""customName"":""""}]",,,,Moti bakery,,0,0,0,0,0,,Cake 853,General,700.0,,6,active,https://jygsbebawnkvyaqohxes.supabase.co/storage/v1/object/public/cake-images/converted_webp/resized_IMG20191217WA0042.webp,2025-02-05 16:38:01+00,2026-05-07 15:24:02.724048+00,2.5,
bab70592-1a68-44bb-8d44-88ec52f48997,cake-932,Cake 932,Title,-,flavours,"[{""name"":""Pineapple"",""price"":""1200.0"",""customName"":""""},{""name"":""Butters Scotch"",""price"":""1200.0"",""customName"":""""},{""name"":""Strawberry"",""price"":""1200.0"",""customName"":""""}]",,,,Moti bakery,,0,0,0,0,0,,Cake 932,General,1200.0,,3,active,https://jygsbebawnkvyaqohxes.supabase.co/storage/v1/object/public/cake-images/converted_webp/00439.webp,2025-02-05 14:29:43+00,2026-05-07 15:24:26.597512+00,2.0,
bb83c77c-c0ce-4cbe-82c9-5f5c431e18f1,cake-1255,Cake 1255,Title,-,flavours,"[{""name"":""Choco Crunch"",""price"":""725.0"",""customName"":""""},{""name"":""Choco Vanilla"",""price"":""725.0"",""customName"":""""},{""name"":""Chocolate Truffle"",""price"":""725.0"",""customName"":""""}]",,,,Moti bakery,,0,0,0,0,0,,Cake 1255,General,725.0,,3,active,https://jygsbebawnkvyaqohxes.supabase.co/storage/v1/object/public/cake-images/converted_webp/resized_1652702244.webp,2025-02-05 14:09:37+00,2026-05-07 15:27:51.974316+00,2.0,
bbd922e7-4476-45fb-a274-e969547708f1,cake-1170,Cake 1170,Title,-,flavours,"[{""name"":""Butterscotch"",""price"":""700.0"",""customName"":""""},{""name"":""Strawberry"",""price"":""700.0"",""customName"":""""},{""name"":""Pineapple"",""price"":""700.0"",""customName"":""""},{""name"":""Black Forest"",""price"":""700.0"",""customName"":""""},{""name"":""Mix Fruit"",""price"":""700.0"",""customName"":""""},{""name"":""Almond Honey"",""price"":""700.0"",""customName"":""""},{""name"":""Choco Crunch"",""price"":""700.0"",""customName"":""""},{""name"":""Rainbow"",""price"":""700.0"",""customName"":""""},{""name"":""Choco Vanilla"",""price"":""700.0"",""customName"":""""},{""name"":""White Forest"",""price"":""700.0"",""customName"":""""}]",,,,Moti bakery,,0,0,0,0,0,,Cake 1170,General,700.0,,10,active,https://jygsbebawnkvyaqohxes.supabase.co/storage/v1/object/public/cake-images/converted_webp/resized_1652692996.webp,2025-02-05 14:09:37+00,2026-05-07 15:27:02.722626+00,3.0,
bbde142b-9316-4423-a43c-b5521140cc5c,cake-716,Cake 716,Title,-,flavours,"[{""name"":""Pineapple"",""price"":""775.0"",""customName"":""""},{""name"":""Butter Scotch"",""price"":""775.0"",""customName"":""""},{""name"":""Strawberry"",""price"":""775.0"",""customName"":""""}]",,,,Moti bakery,,0,0,0,0,0,,Cake 716,General,775.0,,3,active,https://jygsbebawnkvyaqohxes.supabase.co/storage/v1/object/public/cake-images/converted_webp/resized_317.webp,2025-02-05 14:09:37+00,2026-05-07 15:22:53.269606+00,3.0,
bc1e6a49-5901-4db7-8cfb-9794c9a09e44,cake-1352,Cake 1352,Title,-,flavours,"[{""name"":""Butterscotch"",""price"":""1200.0"",""customName"":""""},{""name"":""Strawberry"",""price"":""1200.0"",""customName"":""""},{""name"":""Pineapple"",""price"":""1200.0"",""customName"":""""},{""name"":""Black Forest"",""price"":""1200.0"",""customName"":""""},{""name"":""Mix Fruit"",""price"":""1200.0"",""customName"":""""},{""name"":""Almond Honey"",""price"":""1200.0"",""customName"":""""},{""name"":""Choco Crunch"",""price"":""1200.0"",""customName"":""""},{""name"":""Rainbow"",""price"":""1200.0"",""customName"":""""},{""name"":""Choco Vanilla"",""price"":""1200.0"",""customName"":""""},{""name"":""White Forest"",""price"":""1200.0"",""customName"":""""}]",,,,Moti bakery,,0,0,0,0,0,,Cake 1352,General,1200.0,,10,active,https://jygsbebawnkvyaqohxes.supabase.co/storage/v1/object/public/cake-images/converted_webp/resized_1652767351.webp,2025-02-05 14:47:46+00,2026-05-07 15:28:39.295846+00,2.0,
bc2a9a22-1ceb-4b4b-8711-7090dc9365b1,cake-1141,Cake 1141,Title,-,flavours,"[{""name"":""Butterscotch"",""price"":""775.0"",""customName"":""""},{""name"":""Strawberry"",""price"":""775.0"",""customName"":""""},{""name"":""Pineapple"",""price"":""775.0"",""customName"":""""},{""name"":""Black Forest"",""price"":""775.0"",""customName"":""""},{""name"":""Mix Fruit"",""price"":""775.0"",""customName"":""""},{""name"":""Almond Honey"",""price"":""775.0"",""customName"":""""},{""name"":""Choco Crunch"",""price"":""775.0"",""customName"":""""},{""name"":""Rainbow"",""price"":""775.0"",""customName"":""""},{""name"":""Choco Vanilla"",""price"":""775.0"",""customName"":""""},{""name"":""White Forest"",""price"":""775.0"",""customName"":""""}]",,,,Moti bakery,,0,0,0,0,0,,Cake 1141,General,775.0,,10,active,https://jygsbebawnkvyaqohxes.supabase.co/storage/v1/object/public/cake-images/converted_webp/resized_1652686668.webp,2025-02-05 14:09:37+00,2026-05-07 15:26:44.363004+00,3.0,
bca83259-2ff0-4561-ab5d-e06b2767ac3e,cake-1070,Cake 1070,Title,-,flavours,"[{""name"":""Pineapple"",""price"":""1000.0"",""customName"":""""},{""name"":""Butterscotch"",""price"":""1000.0"",""customName"":""""},{""name"":""Stawberry"",""price"":""1000.0"",""customName"":""""},{""name"":""Caramel Crunch"",""price"":""1000.0"",""customName"":""""},{""name"":""Almond Honey"",""price"":""1000.0"",""customName"":""""},{""name"":""Redvelvet"",""price"":""1000.0"",""customName"":""""}]",,,,Moti bakery,,0,0,0,0,0,,Cake 1070,General,1000.0,,6,active,https://jygsbebawnkvyaqohxes.supabase.co/storage/v1/object/public/cake-images/converted_webp/resized_1576584588956.webp,2025-02-05 14:48:44+00,2026-05-07 15:25:43.355843+00,5.0,
bccafc2d-f460-48ef-b7f0-afff6f41b608,cake-748,Cake 748,Title,-,flavours,"[{""name"":""Pineapple"",""price"":""1200.0"",""customName"":""""},{""name"":""Butter Scotch"",""price"":""1200.0"",""customName"":""""},{""name"":""Strawberry"",""price"":""1200.0"",""customName"":""""}]",,,,Moti bakery,,0,0,0,0,0,,Cake 748,General,1200.0,,3,active,https://jygsbebawnkvyaqohxes.supabase.co/storage/v1/object/public/cake-images/converted_webp/resized_361.webp,2025-02-05 14:17:42+00,2026-05-07 15:23:09.874437+00,3.0,
bcf96779-a98c-417b-9e4e-67476878f288,cake-1211,Cake 1211,Title,-,flavours,"[{""name"":""Butterscotch"",""price"":""825.0"",""customName"":""""},{""name"":""Strawberry"",""price"":""825.0"",""customName"":""""},{""name"":""Pineapple"",""price"":""825.0"",""customName"":""""},{""name"":""Black Forest"",""price"":""825.0"",""customName"":""""},{""name"":""Mix Fruit"",""price"":""825.0"",""customName"":""""},{""name"":""Almond Honey"",""price"":""825.0"",""customName"":""""},{""name"":""Choco Crunch"",""price"":""825.0"",""customName"":""""},{""name"":""Rainbow"",""price"":""825.0"",""customName"":""""},{""name"":""Choco Vanilla"",""price"":""825.0"",""customName"":""""},{""name"":""White Forest"",""price"":""825.0"",""customName"":""""}]",,,,Moti bakery,,0,0,0,0,0,,Cake 1211,General,825.0,,10,active,https://jygsbebawnkvyaqohxes.supabase.co/storage/v1/object/public/cake-images/converted_webp/resized_1652698096.webp,2025-02-05 14:09:37+00,2026-05-07 15:27:25.146742+00,3.0,
bd0ba3ac-6fb5-44f2-9d9c-9c7ce8dab23c,cake-521,Cake 521,Title,-,flavours,"[{""name"":""Pineapple"",""price"":""675.0"",""customName"":""""},{""name"":""Butterscotch"",""price"":""675.0"",""customName"":""""},{""name"":""Strawberry"",""price"":""675.0"",""customName"":""""},{""name"":""Almond Honey"",""price"":""675.0"",""customName"":""""},{""name"":""Caramel Crunch"",""price"":""675.0"",""customName"":""""},{""name"":""Redvelvet"",""price"":""675.0"",""customName"":""""}]",,,,Moti bakery,,0,0,0,0,0,,Cake 521,General,675.0,,6,active,https://jygsbebawnkvyaqohxes.supabase.co/storage/v1/object/public/cake-images/converted_webp/resized_IMG20191217WA0033.webp,2025-02-05 16:22:51+00,2026-05-07 15:22:11.127751+00,5.0,
bd0bbfb0-ad62-471f-8c2c-303cd9136528,cake-1091,Cake 1091,Title,-,flavours,"[{""name"":""Pineapple"",""price"":""1200.0"",""customName"":""""},{""name"":""Btter Scotch"",""price"":""1200.0"",""customName"":""""},{""name"":""Strawberry"",""price"":""1200.0"",""customName"":""""}]",,,,Moti bakery,,0,0,0,0,0,,Cake 1091,General,1200.0,,3,active,https://jygsbebawnkvyaqohxes.supabase.co/storage/v1/object/public/cake-images/converted_webp/resized_FBIMG1579161872760.webp,2025-02-05 14:47:46+00,2026-05-07 15:25:55.887225+00,2.0,
bd15d3df-a5d8-483a-bbab-0ac9193e1218,cake-21,Cake 21,Title,-,flavours,"[{""name"":""Pineapple"",""price"":""700.00"",""customName"":""""},{""name"":""Butterscotch"",""price"":""675"",""customName"":""""},{""name"":""Strawberry"",""price"":""675"",""customName"":""""}]",,,,Moti bakery,,0,0,0,0,0,,Cake 21,General,675,,3,active,https://jygsbebawnkvyaqohxes.supabase.co/storage/v1/object/public/cake-images/converted_webp/00021.webp,2026-04-01 08:33:40.519523+00,2026-05-07 15:19:06.383374+00,1,
bd7a63a9-3a5c-4472-b066-f0f8950486b8,cake-810,Cake 810,Title,-,flavours,"[{""name"":""Pineapple"",""price"":""700.0"",""customName"":""""},{""name"":""Butter Scotch"",""price"":""700.0"",""customName"":""""},{""name"":""Strawberry"",""price"":""700.0"",""customName"":""""}]",,,,Moti bakery,,0,0,0,0,0,,Cake 810,General,700.0,,3,active,https://jygsbebawnkvyaqohxes.supabase.co/storage/v1/object/public/cake-images/converted_webp/resized_375.webp,2025-02-05 14:09:37+00,2026-05-07 15:23:40.941494+00,2.5,
bd88d7b5-ae1d-4d95-b280-54edb6c181d8,cake-490,Cake 490,Title,-,flavours,"[{""name"":""Pineapple"",""price"":""725.0"",""customName"":""""},{""name"":""Butter Scotch"",""price"":""725.0"",""customName"":""""},{""name"":""Strawberry"",""price"":""725.0"",""customName"":""""},{""name"":""Almond Honey"",""price"":""725.0"",""customName"":""""},{""name"":""Caramel Crunch"",""price"":""725.0"",""customName"":""""},{""name"":""Redvelvet"",""price"":""725.0"",""customName"":""""}]",,,,Moti bakery,,0,0,0,0,0,,Cake 490,General,725.0,,6,active,https://jygsbebawnkvyaqohxes.supabase.co/storage/v1/object/public/cake-images/converted_webp/resized_1576604904661.webp,2025-02-05 16:17:16+00,2026-05-07 15:21:52.272157+00,6.0,
bd9eb143-b588-4a7f-a312-445533a65867,cake-1142,Cake 1142,Title,-,flavours,"[{""name"":""Butterscotch"",""price"":""725.0"",""customName"":""""},{""name"":""Strawberry"",""price"":""725.0"",""customName"":""""},{""name"":""Pineapple"",""price"":""725.0"",""customName"":""""},{""name"":""Black Forest"",""price"":""725.0"",""customName"":""""},{""name"":""Mix Fruit"",""price"":""725.0"",""customName"":""""},{""name"":""Almond Honey"",""price"":""725.0"",""customName"":""""},{""name"":""Choco Crunch"",""price"":""725.0"",""customName"":""""},{""name"":""Rainbow"",""price"":""725.0"",""customName"":""""},{""name"":""Choco Vanilla"",""price"":""725.0"",""customName"":""""},{""name"":""White Forest"",""price"":""725.0"",""customName"":""""}]",,,,Moti bakery,,0,0,0,0,0,,Cake 1142,General,725.0,,10,active,https://jygsbebawnkvyaqohxes.supabase.co/storage/v1/object/public/cake-images/converted_webp/resized_1652686825.webp,2025-02-05 14:09:37+00,2026-05-07 15:26:44.98409+00,3.0,
beab2ca7-e158-4db8-90cf-7c1eb6518c07,cake-1343,Cake 1343,Title,-,flavours,"[{""name"":""Butterscotch"",""price"":""1200.0"",""customName"":""""},{""name"":""Strawberry"",""price"":""1200.0"",""customName"":""""},{""name"":""Pineapple"",""price"":""1200.0"",""customName"":""""},{""name"":""Black Forest"",""price"":""1200.0"",""customName"":""""},{""name"":""Mix Fruit"",""price"":""1200.0"",""customName"":""""},{""name"":""Almond Honey"",""price"":""1200.0"",""customName"":""""},{""name"":""Choco Crunch"",""price"":""1200.0"",""customName"":""""},{""name"":""Rainbow"",""price"":""1200.0"",""customName"":""""},{""name"":""Choco Vanilla"",""price"":""1200.0"",""customName"":""""},{""name"":""White Forest"",""price"":""1200.0"",""customName"":""""}]",,,,Moti bakery,,0,0,0,0,0,,Cake 1343,General,1200.0,,10,active,https://jygsbebawnkvyaqohxes.supabase.co/storage/v1/object/public/cake-images/converted_webp/resized_1652767023.webp,2025-02-05 14:47:46+00,2026-05-07 15:28:33.251302+00,3.0,
bec8ee64-49e8-4d4d-9d02-53aff51ebfc2,cake-139,Cake 139,Title,-,flavours,"[{""name"":""Pineapple"",""price"":""650.0"",""customName"":""""},{""name"":""Butter Scotch"",""price"":""650.0"",""customName"":""""},{""name"":""Strawberry"",""price"":""650.0"",""customName"":""""}]",,,,Moti bakery,,0,0,0,0,0,,Cake 139,General,650.0,,3,active,https://jygsbebawnkvyaqohxes.supabase.co/storage/v1/object/public/cake-images/converted_webp/resized_0139.webp,2025-02-05 14:09:37+00,2026-05-07 15:20:15.393474+00,1.0,
bee1336a-5f01-405a-b099-d4012d92f150,cake-988,Cake 988,Title,-,flavours,"[{""name"":""Pineapple"",""price"":""1200.0"",""customName"":""""},{""name"":""Butter Scotch"",""price"":""1200.0"",""customName"":""""},{""name"":""Strawberry"",""price"":""1200.0"",""customName"":""""}]",,,,Moti bakery,,0,0,0,0,0,,Cake 988,General,1200.0,,3,active,https://jygsbebawnkvyaqohxes.supabase.co/storage/v1/object/public/cake-images/converted_webp/00494.webp,2025-02-05 14:47:46+00,2026-05-07 15:24:57.186513+00,2.0,
bef5e9f3-5db4-4c12-9ada-416626e0d9b3,cake-202,Cake 202,Title,-,flavours,"[{""name"":""Pineapple"",""price"":""700.0"",""customName"":""""},{""name"":""Butter Scotch"",""price"":""700.0"",""customName"":""""},{""name"":""Strawberry"",""price"":""700.0"",""customName"":""""},{""name"":""Almond Honey"",""price"":""700.0"",""customName"":""""},{""name"":""Caramel Crunch"",""price"":""700.0"",""customName"":""""},{""name"":""Redvelvet"",""price"":""700.0"",""customName"":""""}]",,,,Moti bakery,,0,0,0,0,0,,Cake 202,General,700.0,,6,active,https://jygsbebawnkvyaqohxes.supabase.co/storage/v1/object/public/cake-images/converted_webp/resized_FBIMG1562518198076.webp,2025-02-05 15:50:06+00,2026-05-07 15:20:47.77628+00,2.5,
bf28715c-b3a0-45f9-b8dd-ff92070433a6,cake-134,Cake 134,Title,-,flavours,"[{""name"":""Pineapple"",""price"":""25.0"",""customName"":""""},{""name"":""Butter Scotch"",""price"":""25.0"",""customName"":""""},{""name"":""Strawberry"",""price"":""25.0"",""customName"":""""}]",,,,Moti bakery,,0,0,0,0,0,,Cake 134,General,25.0,,3,active,https://jygsbebawnkvyaqohxes.supabase.co/storage/v1/object/public/cake-images/converted_webp/resized_0134.webp,2025-02-05 14:09:37+00,2026-05-07 15:20:12.864088+00,2.0,
bf5c5de2-0fd9-4593-a038-bb25d4d6a38b,cake-633,Cake 633,Title,-,flavours,"[{""name"":""Chocolate Truffle"",""price"":""775.0"",""customName"":""""}]",,,,Moti bakery,,0,0,0,0,0,,Cake 633,General,775.0,,1,active,https://jygsbebawnkvyaqohxes.supabase.co/storage/v1/object/public/cake-images/converted_webp/resized_273.webp,2025-02-05 14:09:37+00,2026-05-07 15:22:29.616345+00,1.5,
bf6d6a13-bcbd-40b5-ba29-960f24473933,cake-28,Cake 28,Title,-,flavours,"[{""name"":""Pineapple"",""price"":""650.0"",""customName"":""""},{""name"":""Butter Scotch"",""price"":""650.0"",""customName"":""""},{""name"":""Strawberry"",""price"":""650.0"",""customName"":""""}]",,,,Moti bakery,,0,0,0,0,0,,Cake 28,General,650.0,,3,active,https://jygsbebawnkvyaqohxes.supabase.co/storage/v1/object/public/cake-images/converted_webp/00028.webp,2025-02-05 14:09:37+00,2026-05-07 15:19:11.135847+00,1.0,
bf790589-a3d1-4a28-848d-a8d49e3766e9,cake-1043,Cake 1043,Title,-,flavours,"[{""name"":""Pineapple"",""price"":""1200.0"",""customName"":""""},{""name"":""Butter Scotch"",""price"":""1200.0"",""customName"":""""},{""name"":""Strawberry"",""price"":""1200.0"",""customName"":""""}]",,,,Moti bakery,,0,0,0,0,0,,Cake 1043,General,1200.0,,3,active,https://jygsbebawnkvyaqohxes.supabase.co/storage/v1/object/public/cake-images/converted_webp/000551.webp,2025-02-05 14:48:44+00,2026-05-07 15:25:28.592534+00,3.0,
bf882fee-5bd6-4fa2-9694-2f8f0046b5aa,cake-709,Cake 709,Title,-,flavours,"[{""name"":""Pineapple"",""price"":""675.0"",""customName"":""""},{""name"":""Butter Scotch"",""price"":""675.0"",""customName"":""""},{""name"":""Strawberry"",""price"":""675.0"",""customName"":""""}]",,,,Moti bakery,,0,0,0,0,0,,Cake 709,General,675.0,,3,active,https://jygsbebawnkvyaqohxes.supabase.co/storage/v1/object/public/cake-images/converted_webp/resized_310.webp,2025-02-05 14:09:37+00,2026-05-07 15:22:49.899164+00,3.0,
bffbda20-d024-4ef0-abf9-6a3552de8e40,cake-1244,Cake 1244,Title,-,flavours,"[{""name"":""Butterscotch"",""price"":""700.0"",""customName"":""""},{""name"":""Strawberry"",""price"":""700.0"",""customName"":""""},{""name"":""Pineapple"",""price"":""700.0"",""customName"":""""},{""name"":""Black Forest"",""price"":""700.0"",""customName"":""""},{""name"":""Mix Fruit"",""price"":""700.0"",""customName"":""""},{""name"":""Almond Honey"",""price"":""700.0"",""customName"":""""},{""name"":""Choco Crunch"",""price"":""700.0"",""customName"":""""},{""name"":""Rainbow"",""price"":""700.0"",""customName"":""""},{""name"":""Choco Vanilla"",""price"":""700.0"",""customName"":""""},{""name"":""White Forest"",""price"":""700.0"",""customName"":""""}]",,,,Moti bakery,,0,0,0,0,0,,Cake 1244,General,700.0,,10,active,https://jygsbebawnkvyaqohxes.supabase.co/storage/v1/object/public/cake-images/converted_webp/resized_1652700036.webp,2025-02-05 14:09:37+00,2026-05-07 15:27:44.497895+00,3.0,
c04e075e-efab-4e6f-b209-3c614611cc0c,cake-2,Cake 2,Title,-,flavours,"[{""name"":""Pineapple"",""price"":""700.00"",""customName"":""""},{""name"":""Butterscotch"",""price"":""675"",""customName"":""""},{""name"":""Strawberry"",""price"":""675"",""customName"":""""}]",,,,Moti bakery,,0,0,0,0,0,,Cake 2,General,675,,3,active,https://jygsbebawnkvyaqohxes.supabase.co/storage/v1/object/public/cake-images/converted_webp/0002.webp,2026-04-01 08:33:40.519523+00,2026-05-07 15:29:08.154681+00,1,5
c0f2f8a3-fff2-448f-be6b-c0df33ec26a6,cake-52,Cake 52,Title,-,flavours,"[{""name"":""Pineapple"",""price"":""675.0"",""customName"":""""},{""name"":""Butter Scotch"",""price"":""675.0"",""customName"":""""},{""name"":""Strawberry"",""price"":""675.0"",""customName"":""""}]",,,,Moti bakery,,0,0,0,0,0,,Cake 52,General,675.0,,3,active,https://jygsbebawnkvyaqohxes.supabase.co/storage/v1/object/public/cake-images/converted_webp/00052.webp,2025-02-05 14:09:37+00,2026-05-07 15:19:26.117238+00,2.0,
c1185588-784b-40a7-bfac-1b6ca724459d,cake-1287,Cake 1287,Title,-,flavours,"[{""name"":""Butterscotch"",""price"":""725.0"",""customName"":""""},{""name"":""Strawberry"",""price"":""725.0"",""customName"":""""},{""name"":""Pineapple"",""price"":""725.0"",""customName"":""""},{""name"":""Black Forest"",""price"":""725.0"",""customName"":""""},{""name"":""Mix Fruit"",""price"":""725.0"",""customName"":""""},{""name"":""Almond Honey"",""price"":""725.0"",""customName"":""""},{""name"":""Choco Crunch"",""price"":""725.0"",""customName"":""""},{""name"":""Rainbow"",""price"":""725.0"",""customName"":""""},{""name"":""Choco Vanilla"",""price"":""725.0"",""customName"":""""},{""name"":""White Forest"",""price"":""725.0"",""customName"":""""}]",,,,Moti bakery,,0,0,0,0,0,,Cake 1287,General,725.0,,10,active,https://jygsbebawnkvyaqohxes.supabase.co/storage/v1/object/public/cake-images/converted_webp/resized_1652705262.webp,2025-02-05 14:09:37+00,2026-05-07 15:28:04.036008+00,3.0,
c13c8fd8-710e-484a-944f-d957ce7e24fa,cake-140,Cake 140,Title,-,flavours,"[{""name"":""Pineapple"",""price"":""675.0"",""customName"":""""},{""name"":""Butter Scotch"",""price"":""675.0"",""customName"":""""},{""name"":""Strawberry"",""price"":""675.0"",""customName"":""""}]",,,,Moti bakery,,0,0,0,0,0,,Cake 140,General,675.0,,3,active,https://jygsbebawnkvyaqohxes.supabase.co/storage/v1/object/public/cake-images/converted_webp/resized_0140.webp,2025-02-05 15:44:15+00,2026-05-07 15:20:15.928942+00,2.0,
c1518116-7234-4275-b5a0-87f49a88de50,cake-487,Cake 487,Title,-,flavours,"[{""name"":""Pineapple"",""price"":""675.0"",""customName"":""""},{""name"":""Butter Scotch"",""price"":""675.0"",""customName"":""""},{""name"":""Strawberry"",""price"":""675.0"",""customName"":""""},{""name"":""Almond Honey"",""price"":""675.0"",""customName"":""""},{""name"":""Caramel Crunch"",""price"":""675.0"",""customName"":""""},{""name"":""Redvelvet"",""price"":""675.0"",""customName"":""""}]",,,,Moti bakery,,0,0,0,0,0,,Cake 487,General,675.0,,6,active,https://jygsbebawnkvyaqohxes.supabase.co/storage/v1/object/public/cake-images/converted_webp/resized_1576596438223.webp,2025-02-05 16:16:55+00,2026-05-07 15:21:50.513246+00,8.0,
c1ae9a69-789a-4e80-928d-a48d678575c3,cake-1266,Cake 1266,Title,-,flavours,"[{""name"":""Choco Crunch"",""price"":""1225.0"",""customName"":""""},{""name"":""Choco Vanilla"",""price"":""1225.0"",""customName"":""""},{""name"":""Chocolate Truffle"",""price"":""1225.0"",""customName"":""""}]",,,,Moti bakery,,0,0,0,0,0,,Cake 1266,General,1225.0,,3,active,https://jygsbebawnkvyaqohxes.supabase.co/storage/v1/object/public/cake-images/converted_webp/resized_1652702664.webp,2025-02-05 14:09:37+00,2026-05-07 15:27:58.895637+00,2.0,
c1e7730b-85a3-4f96-8189-c01b31f5ec6e,cake-527,Cake 527,Title,-,flavours,"[{""name"":""Pineapple"",""price"":""725.0"",""customName"":""""},{""name"":""Butter Scotch"",""price"":""725.0"",""customName"":""""},{""name"":""Strawberry"",""price"":""725.0"",""customName"":""""},{""name"":""Almond Honey"",""price"":""725.0"",""customName"":""""},{""name"":""Caramel Crunch"",""price"":""725.0"",""customName"":""""},{""name"":""Redvelvet"",""price"":""725.0"",""customName"":""""}]",,,,Moti bakery,,0,0,0,0,0,,Cake 527,General,725.0,,6,active,https://jygsbebawnkvyaqohxes.supabase.co/storage/v1/object/public/cake-images/converted_webp/resized_FBIMG1580291572773.webp,2025-02-05 16:23:37+00,2026-05-07 15:22:14.278687+00,5.0,
c23a3825-c634-4852-8633-cf4a09d3409b,cake-1116,Cake 1116,Title,-,flavours,"[{""name"":""Pineapple"",""price"":""1200.0"",""customName"":""""},{""name"":""Butter Scotch"",""price"":""1200.0"",""customName"":""""},{""name"":""Strawberry"",""price"":""1200.0"",""customName"":""""}]",,,,Moti bakery,,0,0,0,0,0,,Cake 1116,General,1200.0,,3,active,,2025-02-05 14:47:46+00,2026-05-07 08:17:48.306174+00,4.0,
c2e63ad4-0a5c-4ba6-b28d-fff6106a9408,cake-508,Cake 508,Title,-,flavours,"[{""name"":""Chocolate Truffle"",""price"":""875.0"",""customName"":""""}]",,,,Moti bakery,,0,0,0,0,0,,Cake 508,General,875.0,,1,active,https://jygsbebawnkvyaqohxes.supabase.co/storage/v1/object/public/cake-images/converted_webp/resized_1576604885354.webp,2025-02-05 14:09:37+00,2026-05-07 15:22:02.442355+00,7.0,
c3273ca6-60a3-43c2-8253-c509906c622e,cake-782,Cake 782,Title,-,flavours,"[{""name"":""Pineapple"",""price"":""725.0"",""customName"":""""},{""name"":""Butter Scotch"",""price"":""725.0"",""customName"":""""},{""name"":""Strawberry"",""price"":""725.0"",""customName"":""""}]",,,,Moti bakery,,0,0,0,0,0,,Cake 782,General,725.0,,3,active,https://jygsbebawnkvyaqohxes.supabase.co/storage/v1/object/public/cake-images/converted_webp/resized_1576596141003.webp,2025-02-05 16:31:13+00,2026-05-07 15:23:27.907537+00,6.0,
c33ba4dc-3c96-4d39-8e1f-ff4f3278e79b,cake-1057,Cake 1057,Title,-,flavours,"[{""name"":""Pineapple"",""price"":""1200.0"",""customName"":""""},{""name"":""Butter Scotch"",""price"":""1200.0"",""customName"":""""},{""name"":""Strawberry"",""price"":""1200.0"",""customName"":""""}]",,,,Moti bakery,,0,0,0,0,0,,Cake 1057,General,1200.0,,3,active,https://jygsbebawnkvyaqohxes.supabase.co/storage/v1/object/public/cake-images/converted_webp/resized_00564.webp,2025-02-05 14:48:44+00,2026-05-07 15:25:36.070613+00,3.0,
c37e13cb-c440-4f9d-a961-decfb4507885,cake-121,Cake 121,Title,-,flavours,"[{""name"":""Pineapple"",""price"":""700.0"",""customName"":""""},{""name"":""Butter Scotch"",""price"":""700.0"",""customName"":""""},{""name"":""Strawberry"",""price"":""700.0"",""customName"":""""}]",,,,Moti bakery,,0,0,0,0,0,,Cake 121,General,700.0,,3,active,https://jygsbebawnkvyaqohxes.supabase.co/storage/v1/object/public/cake-images/converted_webp/resized_0121.webp,2025-02-05 14:09:37+00,2026-05-07 15:20:05.991997+00,2.0,
c3ab4559-09b8-4f74-8871-f9372e735c16,cake-207,Cake 207,Title,-,flavours,"[{""name"":""Pineapple"",""price"":""850.0"",""customName"":""""},{""name"":""Butter Scotch"",""price"":""850.0"",""customName"":""""},{""name"":""Strawberry"",""price"":""850.0"",""customName"":""""},{""name"":""Almond Honey"",""price"":""850.0"",""customName"":""""},{""name"":""Caramel Crunch"",""price"":""850.0"",""customName"":""""},{""name"":""Redvelvet"",""price"":""850.0"",""customName"":""""}]",,,,Moti bakery,,0,0,0,0,0,,Cake 207,General,850.0,,6,active,https://jygsbebawnkvyaqohxes.supabase.co/storage/v1/object/public/cake-images/converted_webp/resized_IMG20200108WA0016.webp,2025-02-05 15:50:57+00,2026-05-07 15:20:51.284525+00,3.0,
c44ac16c-bd5c-4eb4-b3e2-3d92a3d36679,cake-30,Cake 30,Title,-,flavours,"[{""name"":""Pineapple"",""price"":""675.0"",""customName"":""""},{""name"":""Butter Scotch"",""price"":""675.0"",""customName"":""""},{""name"":""Strawberry"",""price"":""675.0"",""customName"":""""}]",,,,Moti bakery,,0,0,0,0,0,,Cake 30,General,675.0,,3,active,https://jygsbebawnkvyaqohxes.supabase.co/storage/v1/object/public/cake-images/converted_webp/00030.webp,2025-02-05 14:09:37+00,2026-05-07 15:19:12.453687+00,1.0,
c49af8aa-da27-4a0a-8036-f8d4fd2fc93e,cake-1172,Cake 1172,Title,-,flavours,"[{""name"":""Butterscotch"",""price"":""700.0"",""customName"":""""},{""name"":""Strawberry"",""price"":""700.0"",""customName"":""""},{""name"":""Pineapple"",""price"":""700.0"",""customName"":""""},{""name"":""Black Forest"",""price"":""700.0"",""customName"":""""},{""name"":""Mix Fruit"",""price"":""700.0"",""customName"":""""},{""name"":""Almond Honey"",""price"":""700.0"",""customName"":""""},{""name"":""Choco Crunch"",""price"":""700.0"",""customName"":""""},{""name"":""Rainbow"",""price"":""700.0"",""customName"":""""},{""name"":""Choco Vanilla"",""price"":""700.0"",""customName"":""""},{""name"":""White Forest"",""price"":""700.0"",""customName"":""""}]",,,,Moti bakery,,0,0,0,0,0,,Cake 1172,General,700.0,,10,active,https://jygsbebawnkvyaqohxes.supabase.co/storage/v1/object/public/cake-images/converted_webp/resized_1652693179.webp,2025-02-05 14:09:37+00,2026-05-07 15:27:03.746244+00,6.0,
c579e1e2-d9be-419d-a8d3-f8d25f119e35,cake-801,Cake 801,Title,-,flavours,"[{""name"":""Choco Truffle"",""price"":""900.0"",""customName"":""""}]",,,,Moti bakery,,0,0,0,0,0,,Cake 801,General,900.0,,1,active,https://jygsbebawnkvyaqohxes.supabase.co/storage/v1/object/public/cake-images/converted_webp/resized_337.webp,2025-02-05 14:22:57+00,2026-05-07 15:23:36.345559+00,5.0,
c58fbd67-813c-4aac-b63a-e67c6ac5dc39,cake-1112,Cake 1112,Title,-,flavours,"[{""name"":""Pineapple"",""price"":""25.0"",""customName"":""""},{""name"":""Btter Scotch"",""price"":""25.0"",""customName"":""""},{""name"":""Strawberry"",""price"":""25.0"",""customName"":""""}]",,,,Moti bakery,,0,0,0,0,0,,Cake 1112,General,25.0,,3,active,https://jygsbebawnkvyaqohxes.supabase.co/storage/v1/object/public/cake-images/converted_webp/resized_IMG20200225WA0014.webp,2025-02-05 14:09:37+00,2026-05-07 15:26:07.639264+00,6.0,
c59e87f8-8f3c-4e90-bc73-7bddf2ead611,cake-191,Cake 191,Title,-,flavours,"[{""name"":""Pineapple"",""price"":""700.0"",""customName"":""""},{""name"":""Butter Scotch"",""price"":""700.0"",""customName"":""""},{""name"":""Strawberry"",""price"":""700.0"",""customName"":""""},{""name"":""Almond Honey"",""price"":""700.0"",""customName"":""""},{""name"":""Caramel Crunch"",""price"":""700.0"",""customName"":""""},{""name"":""Redvelvet"",""price"":""700.0"",""customName"":""""}]",,,,Moti bakery,,0,0,0,0,0,,Cake 191,General,700.0,,6,active,https://jygsbebawnkvyaqohxes.supabase.co/storage/v1/object/public/cake-images/converted_webp/resized_FBIMG1562518152383.webp,2025-02-05 15:47:09+00,2026-05-07 15:20:41.850908+00,2.5,
c5e02c30-e746-413d-939f-1febec3ca2b5,cake-977,Cake 977,Title,-,flavours,"[{""name"":""Pineapple"",""price"":""1200.0"",""customName"":""""},{""name"":""Butter Scotch"",""price"":""1200.0"",""customName"":""""},{""name"":""Strawberry"",""price"":""1200.0"",""customName"":""""}]",,,,Moti bakery,,0,0,0,0,0,,Cake 977,General,1200.0,,3,active,https://jygsbebawnkvyaqohxes.supabase.co/storage/v1/object/public/cake-images/converted_webp/00485.webp,2025-02-05 14:47:46+00,2026-05-07 15:24:50.828275+00,2.0,
c6659b1c-448f-47e6-98fc-c1671fbbf0f0,cake-1068,Cake 1068,Title,-,flavours,"[{""name"":""Pineapple"",""price"":""1200.0"",""customName"":""""},{""name"":""Butter Scotch"",""price"":""1200.0"",""customName"":""""},{""name"":""Stawberry"",""price"":""1200.0"",""customName"":""""},{""name"":""Caramel Crunch"",""price"":""1200.0"",""customName"":""""},{""name"":""Almond Honey"",""price"":""1200.0"",""customName"":""""},{""name"":""Redvelvet"",""price"":""1200.0"",""customName"":""""}]",,,,Moti bakery,,0,0,0,0,0,,Cake 1068,General,1200.0,,6,active,https://jygsbebawnkvyaqohxes.supabase.co/storage/v1/object/public/cake-images/converted_webp/resized_1576174995265.webp,2025-02-05 14:48:44+00,2026-05-07 15:25:41.878633+00,4.0,
c68ca9e8-62ac-4421-80c8-96876416d13f,cake-1193,Cake 1193,Title,-,flavours,"[{""name"":""Butterscotch"",""price"":""750.0"",""customName"":""""},{""name"":""Strawberry"",""price"":""750.0"",""customName"":""""},{""name"":""Pineapple"",""price"":""750.0"",""customName"":""""},{""name"":""Black Forest"",""price"":""750.0"",""customName"":""""},{""name"":""Mix Fruit"",""price"":""750.0"",""customName"":""""},{""name"":""Almond Honey"",""price"":""750.0"",""customName"":""""},{""name"":""Choco Crunch"",""price"":""750.0"",""customName"":""""},{""name"":""Rainbow"",""price"":""750.0"",""customName"":""""},{""name"":""Choco Vanilla"",""price"":""750.0"",""customName"":""""},{""name"":""White Forest"",""price"":""750.0"",""customName"":""""}]",,,,Moti bakery,,0,0,0,0,0,,Cake 1193,General,750.0,,10,active,https://jygsbebawnkvyaqohxes.supabase.co/storage/v1/object/public/cake-images/converted_webp/resized_1652696161.webp,2025-02-05 14:09:37+00,2026-05-07 15:27:14.925746+00,4.0,
c6912980-7b66-4847-bcba-372bd2d155de,cake-954,Cake 954,Title,-,flavours,"[{""name"":""Pineapple"",""price"":""1200.0"",""customName"":""""},{""name"":""Butter Scotch"",""price"":""1200.0"",""customName"":""""},{""name"":""Strawberry"",""price"":""1200.0"",""customName"":""""}]",,,,Moti bakery,,0,0,0,0,0,,Cake 954,General,1200.0,,3,active,https://jygsbebawnkvyaqohxes.supabase.co/storage/v1/object/public/cake-images/converted_webp/00461.webp,2025-02-05 14:35:20+00,2026-05-07 15:24:38.440789+00,4.0,
c7292043-e772-4164-8122-183f7e5a9fa3,cake-194,Cake 194,Title,-,flavours,"[{""name"":""Pineapple"",""price"":""700.0"",""customName"":""""},{""name"":""Butter Scotch"",""price"":""700.0"",""customName"":""""},{""name"":""Strawberry"",""price"":""700.0"",""customName"":""""},{""name"":""Almond Honey"",""price"":""700.0"",""customName"":""""},{""name"":""Caramel Crunch"",""price"":""700.0"",""customName"":""""},{""name"":""Redvelvet"",""price"":""700.0"",""customName"":""""}]",,,,Moti bakery,,0,0,0,0,0,,Cake 194,General,700.0,,6,active,https://jygsbebawnkvyaqohxes.supabase.co/storage/v1/object/public/cake-images/converted_webp/resized_FBIMG1562518160020.webp,2025-02-05 15:47:36+00,2026-05-07 15:20:43.274601+00,2.5,
c7f5936b-849e-4275-9c78-573f8e22f1ba,cake-470,Cake 470,Title,-,flavours,"[{""name"":""Pineapple"",""price"":""675.0"",""customName"":""""},{""name"":""Butter Scotch"",""price"":""675.0"",""customName"":""""},{""name"":""Strawberry"",""price"":""675.0"",""customName"":""""}]",,,,Moti bakery,,0,0,0,0,0,,Cake 470,General,675.0,,3,active,https://jygsbebawnkvyaqohxes.supabase.co/storage/v1/object/public/cake-images/converted_webp/resized_246.webp,2025-02-05 14:09:37+00,2026-05-07 15:21:40.120337+00,4.0,
c8ba166d-c261-4e8c-bb03-cbe0527f2b56,cake-1076,Cake 1076,Title,-,flavours,"[{""name"":""Pineapple"",""price"":""1200.0"",""customName"":""""},{""name"":""Butterscotch"",""price"":""1200.0"",""customName"":""""},{""name"":""Stawberry"",""price"":""1200.0"",""customName"":""""},{""name"":""Caramel Crunch"",""price"":""1200.0"",""customName"":""""},{""name"":""Almond Honey"",""price"":""1200.0"",""customName"":""""},{""name"":""Redvelvet"",""price"":""1200.0"",""customName"":""""}]",,,,Moti bakery,,0,0,0,0,0,,Cake 1076,General,1200.0,,6,active,https://jygsbebawnkvyaqohxes.supabase.co/storage/v1/object/public/cake-images/converted_webp/resized_1576596383557.webp,2025-02-05 14:47:46+00,2026-05-07 15:25:46.755458+00,2.5,
c8c24021-e6e3-448a-92ca-ea6c90e7e2b7,cake-1347,Cake 1347,Title,-,flavours,"[{""name"":""Butterscotch"",""price"":""1200.0"",""customName"":""""},{""name"":""Strawberry"",""price"":""1200.0"",""customName"":""""},{""name"":""Pineapple"",""price"":""1200.0"",""customName"":""""},{""name"":""Black Forest"",""price"":""1200.0"",""customName"":""""},{""name"":""Mix Fruit"",""price"":""1200.0"",""customName"":""""},{""name"":""Almond Honey"",""price"":""1200.0"",""customName"":""""},{""name"":""Choco Crunch"",""price"":""1200.0"",""customName"":""""},{""name"":""Rainbow"",""price"":""1200.0"",""customName"":""""},{""name"":""Choco Vanilla"",""price"":""1200.0"",""customName"":""""},{""name"":""White Forest"",""price"":""1200.0"",""customName"":""""}]",,,,Moti bakery,,0,0,0,0,0,,Cake 1347,General,1200.0,,10,active,https://jygsbebawnkvyaqohxes.supabase.co/storage/v1/object/public/cake-images/converted_webp/resized_1652767163.webp,2025-02-05 14:47:46+00,2026-05-07 15:28:35.39745+00,5.0,
c9217432-0c64-4c4c-bd4e-1d62053137c0,cake-969,Cake 969,Title,-,flavours,"[{""name"":""Pineapple"",""price"":""1200.0"",""customName"":""""},{""name"":""Butter Scotch"",""price"":""1200.0"",""customName"":""""},{""name"":""Strawberry"",""price"":""1200.0"",""customName"":""""}]",,,,Moti bakery,,0,0,0,0,0,,Cake 969,General,1200.0,,3,active,https://jygsbebawnkvyaqohxes.supabase.co/storage/v1/object/public/cake-images/converted_webp/00477.webp,2025-02-05 14:47:46+00,2026-05-07 15:24:46.749214+00,2.5,
c960eb4c-2d8f-43b9-90f1-4dca6bcac202,cake-833,Cake 833,Title,-,flavours,"[{""name"":""Pineapple"",""price"":""700.0"",""customName"":""""},{""name"":""Butter Scotch"",""price"":""700.0"",""customName"":""""},{""name"":""Strawberry"",""price"":""700.0"",""customName"":""""}]",,,,Moti bakery,,0,0,0,0,0,,Cake 833,General,700.0,,3,active,https://jygsbebawnkvyaqohxes.supabase.co/storage/v1/object/public/cake-images/converted_webp/resized_399.webp,2025-02-05 14:09:37+00,2026-05-07 15:23:52.622131+00,4.0,
c96d3b77-ce2a-4be5-968c-c023492ff2b2,cake-29,Cake 29,Title,-,flavours,"[{""name"":""Pineapple"",""price"":""700.0"",""customName"":""""},{""name"":""Butter Scotch"",""price"":""700.0"",""customName"":""""},{""name"":""Strawberry"",""price"":""700.0"",""customName"":""""}]",,,,Moti bakery,,0,0,0,0,0,,Cake 29,General,700.0,,3,active,https://jygsbebawnkvyaqohxes.supabase.co/storage/v1/object/public/cake-images/converted_webp/00029.webp,2025-02-05 15:06:09+00,2026-05-07 15:19:11.685386+00,2.0,
c9b42e69-b5cc-4f61-982d-5aa27d7f4fff,cake-1247,Cake 1247,Title,-,flavours,"[{""name"":""Choco Crunch"",""price"":""900.0"",""customName"":""""},{""name"":""Choco Vanilla"",""price"":""900.0"",""customName"":""""},{""name"":""Chocolate Truffle"",""price"":""900.0"",""customName"":""""}]",,,,Moti bakery,,0,0,0,0,0,,Cake 1247,General,900.0,,3,active,https://jygsbebawnkvyaqohxes.supabase.co/storage/v1/object/public/cake-images/converted_webp/resized_1652701888.webp,2025-02-05 14:52:29+00,2026-05-07 15:27:46.548861+00,6.0,
c9d6d10f-4af2-41e6-bd35-7c8c492310fa,cake-1007,Cake 1007,Title,-,flavours,"[{""name"":""Pineapple"",""price"":""1200.0"",""customName"":""""},{""name"":""Butters Cotch"",""price"":""1200.0"",""customName"":""""},{""name"":""Strawberry"",""price"":""1200.0"",""customName"":""""}]",,,,Moti bakery,,0,0,0,0,0,,Cake 1007,General,1200.0,,3,active,https://jygsbebawnkvyaqohxes.supabase.co/storage/v1/object/public/cake-images/converted_webp/resized_00513.webp,2025-02-05 14:47:46+00,2026-05-07 15:25:06.750914+00,5.0,
ca91e943-5377-46ca-9db6-1a9e562613ff,cake-178,Cake 178,Title,-,flavours,"[{""name"":""- Pineapple"",""price"":""675.0"",""customName"":""""},{""name"":""Butter Scotch"",""price"":""675.0"",""customName"":""""},{""name"":""Stawberry"",""price"":""675.0"",""customName"":""""}]",,,,Moti bakery,,0,0,0,0,0,,Cake 178,General,675.0,,3,active,https://jygsbebawnkvyaqohxes.supabase.co/storage/v1/object/public/cake-images/converted_webp/resized_1576596438469.webp,2025-02-05 15:44:41+00,2026-05-07 15:20:35.441314+00,1.5,
cab50038-9114-45ea-b467-bd22b140dfa9,cake-998,Cake 998,Title,-,flavours,"[{""name"":""Pineapple"",""price"":""1200.0"",""customName"":""""},{""name"":""Butter Scotch"",""price"":""1200.0"",""customName"":""""},{""name"":""Strawberry"",""price"":""1200.0"",""customName"":""""}]",,,,Moti bakery,,0,0,0,0,0,,Cake 998,General,1200.0,,3,active,https://jygsbebawnkvyaqohxes.supabase.co/storage/v1/object/public/cake-images/converted_webp/resized_00504.webp,2025-02-05 14:47:46+00,2026-05-07 15:25:02.12531+00,3.0,
cb12410d-fc03-459f-ad2a-cff3cb170c48,cake-1113,Cake 1113,Title,-,flavours,"[{""name"":""Pineapple"",""price"":""925.0"",""customName"":""""},{""name"":""Btter Scotch"",""price"":""925.0"",""customName"":""""},{""name"":""Strawberry"",""price"":""925.0"",""customName"":""""}]",,,,Moti bakery,,0,0,0,0,0,,Cake 1113,General,925.0,,3,active,https://jygsbebawnkvyaqohxes.supabase.co/storage/v1/object/public/cake-images/converted_webp/resized_IMG20200823WA0102.webp,2025-02-05 14:09:37+00,2026-05-07 15:26:08.242991+00,4.0,
cb40ab23-9b0c-4161-834d-f38faf260c75,cake-1226,Cake 1226,Title,-,flavours,"[{""name"":""Butterscotch"",""price"":""825.0"",""customName"":""""},{""name"":""Strawberry"",""price"":""825.0"",""customName"":""""},{""name"":""Pineapple"",""price"":""825.0"",""customName"":""""},{""name"":""Black Forest"",""price"":""825.0"",""customName"":""""},{""name"":""Mix Fruit"",""price"":""825.0"",""customName"":""""},{""name"":""Almond Honey"",""price"":""825.0"",""customName"":""""},{""name"":""Choco Crunch"",""price"":""825.0"",""customName"":""""},{""name"":""Rainbow"",""price"":""825.0"",""customName"":""""},{""name"":""Choco Vanilla"",""price"":""825.0"",""customName"":""""},{""name"":""White Forest"",""price"":""825.0"",""customName"":""""}]",,,,Moti bakery,,0,0,0,0,0,,Cake 1226,General,825.0,,10,active,https://jygsbebawnkvyaqohxes.supabase.co/storage/v1/object/public/cake-images/converted_webp/resized_1652699160.webp,2025-02-05 14:09:37+00,2026-05-07 15:27:33.339525+00,3.0,
cbb44d57-bfbf-4359-b627-8997dd773617,cake-1136,Cake 1136,Title,-,flavours,"[{""name"":""Butterscotch"",""price"":""700.0"",""customName"":""""},{""name"":""Strawberry"",""price"":""700.0"",""customName"":""""},{""name"":""Pineapple"",""price"":""700.0"",""customName"":""""},{""name"":""Black Forest"",""price"":""700.0"",""customName"":""""},{""name"":""Mix Fruit"",""price"":""700.0"",""customName"":""""},{""name"":""Almond Honey"",""price"":""700.0"",""customName"":""""},{""name"":""Choco Crunch"",""price"":""700.0"",""customName"":""""},{""name"":""Rainbow"",""price"":""700.0"",""customName"":""""},{""name"":""Choco Vanilla"",""price"":""700.0"",""customName"":""""},{""name"":""White Forest"",""price"":""700.0"",""customName"":""""}]",,,,Moti bakery,,0,0,0,0,0,,Cake 1136,General,700.0,,10,active,https://jygsbebawnkvyaqohxes.supabase.co/storage/v1/object/public/cake-images/converted_webp/resized_1652685814.webp,2025-02-05 14:09:37+00,2026-05-07 15:26:41.171103+00,6.0,
cbd64c93-3c88-4062-aaef-be48a2fdab65,cake-486,Cake 486,Title,-,flavours,"[{""name"":""Pineapple"",""price"":""675.0"",""customName"":""""},{""name"":""Butter Scotch"",""price"":""675.0"",""customName"":""""},{""name"":""Strawberry"",""price"":""675.0"",""customName"":""""},{""name"":""Almond Honey"",""price"":""675.0"",""customName"":""""},{""name"":""Caramel Crunch"",""price"":""675.0"",""customName"":""""},{""name"":""Redvelvet"",""price"":""675.0"",""customName"":""""}]",,,,Moti bakery,,0,0,0,0,0,,Cake 486,General,675.0,,6,active,https://jygsbebawnkvyaqohxes.supabase.co/storage/v1/object/public/cake-images/converted_webp/resized_1576596383413.webp,2025-02-05 16:16:47+00,2026-05-07 15:21:50.005931+00,6.0,
cc4eec11-decc-48e8-a9b7-1aba3fd40d4f,cake-854,Cake 854,Title,-,flavours,"[{""name"":""Pineapple"",""price"":""725.0"",""customName"":""""},{""name"":""Butterscotch"",""price"":""725.0"",""customName"":""""},{""name"":""Strawberry"",""price"":""725.0"",""customName"":""""},{""name"":""Caramel Crunch"",""price"":""725.0"",""customName"":""""},{""name"":""Red Velvet"",""price"":""725.0"",""customName"":""""},{""name"":""Almond Honey"",""price"":""725.0"",""customName"":""""}]",,,,Moti bakery,,0,0,0,0,0,,Cake 854,General,725.0,,6,active,https://jygsbebawnkvyaqohxes.supabase.co/storage/v1/object/public/cake-images/converted_webp/resized_IMG20191226WA0028.webp,2025-02-05 16:38:09+00,2026-05-07 15:24:03.215073+00,2.5,
cc52d99a-f279-4197-a164-5a3c6763baac,cake-1022,Cake 1022,Title,-,flavours,"[{""name"":""Pineapple"",""price"":""1200.0"",""customName"":""""},{""name"":""Butters Cotch"",""price"":""1200.0"",""customName"":""""},{""name"":""Strawberry"",""price"":""1200.0"",""customName"":""""}]",,,,Moti bakery,,0,0,0,0,0,,Cake 1022,General,1200.0,,3,active,https://jygsbebawnkvyaqohxes.supabase.co/storage/v1/object/public/cake-images/converted_webp/resized_00529.webp,2025-02-05 14:47:46+00,2026-05-07 15:25:15.606871+00,4.0,
cd41bb47-062f-4687-931b-3e473135001b,cake-955,Cake 955,Title,-,flavours,"[{""name"":""Pineapple"",""price"":""1200.0"",""customName"":""""},{""name"":""Butter Scotch"",""price"":""1200.0"",""customName"":""""},{""name"":""Strawberry"",""price"":""1200.0"",""customName"":""""}]",,,,Moti bakery,,0,0,0,0,0,,Cake 955,General,1200.0,,3,active,https://jygsbebawnkvyaqohxes.supabase.co/storage/v1/object/public/cake-images/converted_webp/00462.webp,2025-02-05 14:36:17+00,2026-05-07 15:24:38.903737+00,1.5,
cd73f98a-efad-4d09-857e-4154fbd904a1,cake-201,Cake 201,Title,-,flavours,"[{""name"":""Pineapple"",""price"":""700.0"",""customName"":""""},{""name"":""Butter Scotch"",""price"":""700.0"",""customName"":""""},{""name"":""Strawberry"",""price"":""700.0"",""customName"":""""},{""name"":""Almond Honey"",""price"":""700.0"",""customName"":""""},{""name"":""Caramel Crunch"",""price"":""700.0"",""customName"":""""},{""name"":""Redvelvet"",""price"":""700.0"",""customName"":""""}]",,,,Moti bakery,,0,0,0,0,0,,Cake 201,General,700.0,,6,active,https://jygsbebawnkvyaqohxes.supabase.co/storage/v1/object/public/cake-images/converted_webp/resized_FBIMG1562518194958.webp,2025-02-05 15:49:57+00,2026-05-07 15:20:46.958291+00,2.5,
cd7b3e2f-740e-4523-af7c-9e269d44a07b,cake-928,Cake 928,Title,-,flavours,"[{""name"":""Pineapple"",""price"":""1200.0"",""customName"":""""},{""name"":""Butter Scotch"",""price"":""1200.0"",""customName"":""""},{""name"":""Strawberry"",""price"":""1200.0"",""customName"":""""}]",,,,Moti bakery,,0,0,0,0,0,,Cake 928,General,1200.0,,3,active,https://jygsbebawnkvyaqohxes.supabase.co/storage/v1/object/public/cake-images/converted_webp/00435.webp,2025-02-05 14:29:09+00,2026-05-07 15:24:23.179492+00,4.0,
cd85cc06-e583-4794-9d97-127da4169f78,cake-174,Cake 174,Title,-,flavours,"[{""name"":""Pineapple"",""price"":""700.0"",""customName"":""""},{""name"":""Butter Scotch"",""price"":""700.0"",""customName"":""""},{""name"":""Strawberry"",""price"":""700.0"",""customName"":""""}]",,,,Moti bakery,,0,0,0,0,0,,Cake 174,General,700.0,,3,active,https://jygsbebawnkvyaqohxes.supabase.co/storage/v1/object/public/cake-images/converted_webp/resized_0174.webp,2025-02-05 14:09:37+00,2026-05-07 15:20:33.569703+00,2.0,
cda60429-f50b-43b8-8859-7e6efb752113,cake-406,Cake 406,Title,-,flavours,"[{""name"":""Pineapple"",""price"":""700.0"",""customName"":""""},{""name"":""Butter Scotch"",""price"":""700.0"",""customName"":""""},{""name"":""Strawberry"",""price"":""700.0"",""customName"":""""}]",,,,Moti bakery,,0,0,0,0,0,,Cake 406,General,700.0,,3,active,https://jygsbebawnkvyaqohxes.supabase.co/storage/v1/object/public/cake-images/converted_webp/resized_190.webp,2025-02-05 14:09:37+00,2026-05-07 15:21:06.379497+00,5.0,
ce3c9758-60a4-4960-af64-a0020f98b54b,cake-1140,Cake 1140,Title,-,flavours,"[{""name"":""Butterscotch"",""price"":""775.0"",""customName"":""""},{""name"":""Strawberry"",""price"":""775.0"",""customName"":""""},{""name"":""Pineapple"",""price"":""775.0"",""customName"":""""},{""name"":""Black Forest"",""price"":""775.0"",""customName"":""""},{""name"":""Mix Fruit"",""price"":""775.0"",""customName"":""""},{""name"":""Almond Honey"",""price"":""775.0"",""customName"":""""},{""name"":""Choco Crunch"",""price"":""775.0"",""customName"":""""},{""name"":""Rainbow"",""price"":""775.0"",""customName"":""""},{""name"":""Choco Vanilla"",""price"":""775.0"",""customName"":""""},{""name"":""White Forest"",""price"":""775.0"",""customName"":""""}]",,,,Moti bakery,,0,0,0,0,0,,Cake 1140,General,775.0,,10,active,https://jygsbebawnkvyaqohxes.supabase.co/storage/v1/object/public/cake-images/converted_webp/resized_1652686555.webp,2025-02-05 14:09:37+00,2026-05-07 15:26:43.695432+00,3.0,
ce42a381-4401-4c26-9c15-2d8c72a0b1e0,cake-1167,Cake 1167,Title,-,flavours,"[{""name"":""Butterscotch"",""price"":""700.0"",""customName"":""""},{""name"":""Strawberry"",""price"":""700.0"",""customName"":""""},{""name"":""Pineapple"",""price"":""700.0"",""customName"":""""},{""name"":""Black Forest"",""price"":""700.0"",""customName"":""""},{""name"":""Mix Fruit"",""price"":""700.0"",""customName"":""""},{""name"":""Almond Honey"",""price"":""700.0"",""customName"":""""},{""name"":""Choco Crunch"",""price"":""700.0"",""customName"":""""},{""name"":""Rainbow"",""price"":""700.0"",""customName"":""""},{""name"":""Choco Vanilla"",""price"":""700.0"",""customName"":""""},{""name"":""White Forest"",""price"":""700.0"",""customName"":""""}]",,,,Moti bakery,,0,0,0,0,0,,Cake 1167,General,700.0,,10,active,https://jygsbebawnkvyaqohxes.supabase.co/storage/v1/object/public/cake-images/converted_webp/resized_1652692352.webp,2025-02-05 14:09:37+00,2026-05-07 15:27:00.678247+00,3.0,
ce46a66b-0398-420c-9a72-46d8ec4a9fac,cake-917,Cake 917,Title,-,flavours,"[{""name"":""Pineapple"",""price"":""1200.0"",""customName"":""""},{""name"":""Butter Scotch"",""price"":""1200.0"",""customName"":""""},{""name"":""Strawberry"",""price"":""1200.0"",""customName"":""""}]",,,,Moti bakery,,0,0,0,0,0,,Cake 917,General,1200.0,,3,active,https://jygsbebawnkvyaqohxes.supabase.co/storage/v1/object/public/cake-images/converted_webp/00423.webp,2025-02-05 14:27:04+00,2026-05-07 15:24:17.440234+00,3.0,
ce7fb79e-6c74-4a1f-9be8-9b719f5668b7,cake-170,Cake 170,Title,-,flavours,"[{""name"":""Pineapple"",""price"":""725.0"",""customName"":""""},{""name"":""Butter Scotch"",""price"":""725.0"",""customName"":""""},{""name"":""Strawberry"",""price"":""725.0"",""customName"":""""}]",,,,Moti bakery,,0,0,0,0,0,,Cake 170,General,725.0,,3,active,https://jygsbebawnkvyaqohxes.supabase.co/storage/v1/object/public/cake-images/converted_webp/resized_0170.webp,2025-02-05 15:43:20+00,2026-05-07 15:20:31.299478+00,1.5,
cf071c79-56f8-4efc-b153-e3bd56a9b470,cake-141,Cake 141,Title,-,flavours,"[{""name"":""Pineapple"",""price"":""650.0"",""customName"":""""},{""name"":""Butter Scotch"",""price"":""650.0"",""customName"":""""},{""name"":""Strawberry"",""price"":""650.0"",""customName"":""""}]",,,,Moti bakery,,0,0,0,0,0,,Cake 141,General,650.0,,3,active,https://jygsbebawnkvyaqohxes.supabase.co/storage/v1/object/public/cake-images/converted_webp/resized_0141.webp,2025-02-05 14:09:37+00,2026-05-07 15:20:16.542254+00,1.0,
cf2e873e-279b-4013-9f5a-3e09d70b509d,cake-127,Cake 127,Title,-,flavours,"[{""name"":""Pineapple"",""price"":""650.0"",""customName"":""""},{""name"":""Butter Scotch"",""price"":""650.0"",""customName"":""""},{""name"":""Strawberry"",""price"":""650.0"",""customName"":""""}]",,,,Moti bakery,,0,0,0,0,0,,Cake 127,General,650.0,,3,active,https://jygsbebawnkvyaqohxes.supabase.co/storage/v1/object/public/cake-images/converted_webp/resized_0127.webp,2025-02-05 14:09:37+00,2026-05-07 15:20:09.230307+00,1.0,
cf48c007-40c4-44f9-aa78-ba5a17113f10,cake-192,Cake 192,Title,-,flavours,"[{""name"":""Pineapple"",""price"":""700.0"",""customName"":""""},{""name"":""Butter Scotch"",""price"":""700.0"",""customName"":""""},{""name"":""Strawberry"",""price"":""700.0"",""customName"":""""},{""name"":""Almond Honey"",""price"":""700.0"",""customName"":""""},{""name"":""Caramel Crunch"",""price"":""700.0"",""customName"":""""},{""name"":""Redvelvet"",""price"":""700.0"",""customName"":""""}]",,,,Moti bakery,,0,0,0,0,0,,Cake 192,General,700.0,,6,active,https://jygsbebawnkvyaqohxes.supabase.co/storage/v1/object/public/cake-images/converted_webp/resized_FBIMG1562518154746.webp,2025-02-05 15:47:19+00,2026-05-07 15:20:42.406043+00,2.5,
cf86af59-550f-4cd6-aa4b-4c78db1d43be,cake-404,Cake 404,Title,-,flavours,"[{""name"":""Pineapple"",""price"":""725.0"",""customName"":""""},{""name"":""Butter Scotch"",""price"":""725.0"",""customName"":""""},{""name"":""Strawberry"",""price"":""725.0"",""customName"":""""}]",,,,Moti bakery,,0,0,0,0,0,,Cake 404,General,725.0,,3,active,https://jygsbebawnkvyaqohxes.supabase.co/storage/v1/object/public/cake-images/converted_webp/resized_187.webp,2025-02-05 14:09:37+00,2026-05-07 15:21:05.409613+00,5.0,
cf997d60-77a4-426c-89cc-859a53922284,cake-51,Cake 51,Title,-,flavours,"[{""name"":""Pineapple"",""price"":""650.0"",""customName"":""""},{""name"":""Butter Scotch"",""price"":""650.0"",""customName"":""""},{""name"":""Strawberry"",""price"":""650.0"",""customName"":""""}]",,,,Moti bakery,,0,0,0,0,0,,Cake 51,General,650.0,,3,active,https://jygsbebawnkvyaqohxes.supabase.co/storage/v1/object/public/cake-images/converted_webp/00051.webp,2025-02-05 14:09:37+00,2026-05-07 15:19:25.621761+00,1.0,
d02c288c-54f7-4a53-9534-3ddf8d3f1a6f,cake-737,Cake 737,Title,-,flavours,"[{""name"":""Pineapple"",""price"":""675.0"",""customName"":""""},{""name"":""Butter Scotch"",""price"":""675.0"",""customName"":""""},{""name"":""Strawberry"",""price"":""675.0"",""customName"":""""}]",,,,Moti bakery,,0,0,0,0,0,,Cake 737,General,675.0,,3,active,https://jygsbebawnkvyaqohxes.supabase.co/storage/v1/object/public/cake-images/converted_webp/resized_304.webp,2025-02-05 14:09:37+00,2026-05-07 15:23:04.362067+00,2.0,
d085e0d0-1c3f-45be-aad7-3ffd32d487e7,cake-1235,Cake 1235,Title,-,flavours,"[{""name"":""Butterscotch"",""price"":""700.0"",""customName"":""""},{""name"":""Strawberry"",""price"":""700.0"",""customName"":""""},{""name"":""Pineapple"",""price"":""700.0"",""customName"":""""},{""name"":""Black Forest"",""price"":""700.0"",""customName"":""""},{""name"":""Mix Fruit"",""price"":""700.0"",""customName"":""""},{""name"":""Almond Honey"",""price"":""700.0"",""customName"":""""},{""name"":""Choco Crunch"",""price"":""700.0"",""customName"":""""},{""name"":""Rainbow"",""price"":""700.0"",""customName"":""""},{""name"":""Choco Vanilla"",""price"":""700.0"",""customName"":""""},{""name"":""White Forest"",""price"":""700.0"",""customName"":""""}]",,,,Moti bakery,,0,0,0,0,0,,Cake 1235,General,700.0,,10,active,https://jygsbebawnkvyaqohxes.supabase.co/storage/v1/object/public/cake-images/converted_webp/resized_1652699606.webp,2025-02-05 14:09:37+00,2026-05-07 15:27:39.278831+00,3.0,
d0960900-b310-4e4b-b512-fae0a57117cf,cake-1243,Cake 1243,Title,-,flavours,"[{""name"":""Butterscotch"",""price"":""700.0"",""customName"":""""},{""name"":""Strawberry"",""price"":""700.0"",""customName"":""""},{""name"":""Pineapple"",""price"":""700.0"",""customName"":""""},{""name"":""Black Forest"",""price"":""700.0"",""customName"":""""},{""name"":""Mix Fruit"",""price"":""700.0"",""customName"":""""},{""name"":""Almond Honey"",""price"":""700.0"",""customName"":""""},{""name"":""Choco Crunch"",""price"":""700.0"",""customName"":""""},{""name"":""Rainbow"",""price"":""700.0"",""customName"":""""},{""name"":""Choco Vanilla"",""price"":""700.0"",""customName"":""""},{""name"":""White Forest"",""price"":""700.0"",""customName"":""""}]",,,,Moti bakery,,0,0,0,0,0,,Cake 1243,General,700.0,,10,active,https://jygsbebawnkvyaqohxes.supabase.co/storage/v1/object/public/cake-images/converted_webp/resized_1652699991.webp,2025-02-05 14:09:37+00,2026-05-07 15:27:43.987855+00,3.0,
d0aa8b84-97f7-42a3-9273-1a5c1afc884b,cake-1045,Cake 1045,Title,-,flavours,"[{""name"":""Pineapple"",""price"":""1200.0"",""customName"":""""},{""name"":""Butter Scotch"",""price"":""1200.0"",""customName"":""""},{""name"":""Strawberry"",""price"":""1200.0"",""customName"":""""}]",,,,Moti bakery,,0,0,0,0,0,,Cake 1045,General,1200.0,,3,active,https://jygsbebawnkvyaqohxes.supabase.co/storage/v1/object/public/cake-images/converted_webp/resized_00553.webp,2025-02-05 14:48:44+00,2026-05-07 15:25:29.963364+00,2.0,
d0c758ba-9ac8-4fd7-b453-df24c455fe7c,cake-153,Cake 153,Title,-,flavours,"[{""name"":""Pineapple"",""price"":""675.0"",""customName"":""""},{""name"":""Butter Scotch"",""price"":""675.0"",""customName"":""""},{""name"":""Strawberry"",""price"":""675.0"",""customName"":""""}]",,,,Moti bakery,,0,0,0,0,0,,Cake 153,General,675.0,,3,active,https://jygsbebawnkvyaqohxes.supabase.co/storage/v1/object/public/cake-images/converted_webp/resized_0153.webp,2025-02-05 14:09:37+00,2026-05-07 15:20:22.861236+00,1.0,
d2027a4f-2fb4-48a9-9636-6df530881563,cake-994,Cake 994,Title,-,flavours,"[{""name"":""Pineapple"",""price"":""1200.0"",""customName"":""""},{""name"":""Butter Scotch"",""price"":""1200.0"",""customName"":""""},{""name"":""Strawberry"",""price"":""1200.0"",""customName"":""""}]",,,,Moti bakery,,0,0,0,0,0,,Cake 994,General,1200.0,,3,active,https://jygsbebawnkvyaqohxes.supabase.co/storage/v1/object/public/cake-images/converted_webp/resized_00500.webp,2025-02-05 14:47:46+00,2026-05-07 15:25:00.17976+00,2.0,
d245ed5f-d885-4b84-bd98-d780317bb2b4,cake-1037,Cake 1037,Title,-,flavours,"[{""name"":""Pineapple"",""price"":""1200.0"",""customName"":""""},{""name"":""Butter Scotch"",""price"":""1200.0"",""customName"":""""},{""name"":""Strawberry"",""price"":""1200.0"",""customName"":""""}]",,,,Moti bakery,,0,0,0,0,0,,Cake 1037,General,1200.0,,3,active,https://jygsbebawnkvyaqohxes.supabase.co/storage/v1/object/public/cake-images/converted_webp/resized_00545.webp,2025-02-05 14:47:46+00,2026-05-07 15:25:25.607127+00,4.0,
d26df76a-4948-4dea-8814-0f38c98d51aa,cake-3,Cake 3,Title,-,flavours,"[{""name"":""Pineapple"",""price"":""725.00"",""customName"":""""},{""name"":""Butterscotch"",""price"":""700"",""customName"":""""},{""name"":""Strawberry"",""price"":""700"",""customName"":""""}]",,,,Moti bakery,,0,0,0,0,0,,Cake 3,General,700,,3,active,https://jygsbebawnkvyaqohxes.supabase.co/storage/v1/object/public/cake-images/converted_webp/resized_3.webp,2026-04-01 08:33:40.519523+00,2026-05-07 15:29:08.597849+00,1,100
d27267ee-3016-4e6c-b2ad-75e8aba0e258,cake-1203,Cake 1203,Title,-,flavours,"[{""name"":""Butterscotch"",""price"":""725.0"",""customName"":""""},{""name"":""Strawberry"",""price"":""725.0"",""customName"":""""},{""name"":""Pineapple"",""price"":""725.0"",""customName"":""""},{""name"":""Black Forest"",""price"":""725.0"",""customName"":""""},{""name"":""Mix Fruit"",""price"":""725.0"",""customName"":""""},{""name"":""Almond Honey"",""price"":""725.0"",""customName"":""""},{""name"":""Choco Crunch"",""price"":""725.0"",""customName"":""""},{""name"":""Rainbow"",""price"":""725.0"",""customName"":""""},{""name"":""Choco Vanilla"",""price"":""725.0"",""customName"":""""},{""name"":""White Forest"",""price"":""725.0"",""customName"":""""}]",,,,Moti bakery,,0,0,0,0,0,,Cake 1203,General,725.0,,10,active,https://jygsbebawnkvyaqohxes.supabase.co/storage/v1/object/public/cake-images/converted_webp/resized_1652697709.webp,2025-02-05 14:09:37+00,2026-05-07 15:27:20.642504+00,3.0,
d2a1cfed-f785-43d4-9cc7-bb1c08e50844,cake-1372,Cake 1372,Title,-,flavours,"[{""name"":""Butterscotch"",""price"":""1200.0"",""customName"":""""},{""name"":""Strawberry"",""price"":""1200.0"",""customName"":""""},{""name"":""Pineapple"",""price"":""1200.0"",""customName"":""""},{""name"":""Black Forest"",""price"":""1200.0"",""customName"":""""},{""name"":""Mix Fruit"",""price"":""1200.0"",""customName"":""""},{""name"":""Almond Honey"",""price"":""1200.0"",""customName"":""""},{""name"":""Choco Crunch"",""price"":""1200.0"",""customName"":""""},{""name"":""Rainbow"",""price"":""1200.0"",""customName"":""""},{""name"":""Choco Vanilla"",""price"":""1200.0"",""customName"":""""},{""name"":""White Forest"",""price"":""1200.0"",""customName"":""""}]",,,,Moti bakery,,0,0,0,0,0,,Cake 1372,General,1200.0,,10,active,https://jygsbebawnkvyaqohxes.supabase.co/storage/v1/object/public/cake-images/converted_webp/resized_1652768095.webp,2025-02-05 14:47:46+00,2026-05-07 15:28:49.73477+00,7.0,
d354ee7f-d9d2-4f38-a17d-7c1072eafe99,cake-451,Cake 451,Title,-,flavours,"[{""name"":""Pineapple"",""price"":""700.0"",""customName"":""""},{""name"":""Butter Scotch"",""price"":""700.0"",""customName"":""""},{""name"":""Strawberry"",""price"":""700.0"",""customName"":""""}]",,,,Moti bakery,,0,0,0,0,0,,Cake 451,General,700.0,,3,active,https://jygsbebawnkvyaqohxes.supabase.co/storage/v1/object/public/cake-images/converted_webp/resized_259.webp,2025-02-05 14:09:37+00,2026-05-07 15:21:29.731222+00,5.0,
d3875af3-31e2-4f4d-9ccb-e96f4751dc5d,cake-1354,Cake 1354,Title,-,flavours,"[{""name"":""Butterscotch"",""price"":""1200.0"",""customName"":""""},{""name"":""Strawberry"",""price"":""1200.0"",""customName"":""""},{""name"":""Pineapple"",""price"":""1200.0"",""customName"":""""},{""name"":""Black Forest"",""price"":""1200.0"",""customName"":""""},{""name"":""Mix Fruit"",""price"":""1200.0"",""customName"":""""},{""name"":""Almond Honey"",""price"":""1200.0"",""customName"":""""},{""name"":""Choco Crunch"",""price"":""1200.0"",""customName"":""""},{""name"":""Rainbow"",""price"":""1200.0"",""customName"":""""},{""name"":""Choco Vanilla"",""price"":""1200.0"",""customName"":""""},{""name"":""White Forest"",""price"":""1200.0"",""customName"":""""}]",,,,Moti bakery,,0,0,0,0,0,,Cake 1354,General,1200.0,,10,active,https://jygsbebawnkvyaqohxes.supabase.co/storage/v1/object/public/cake-images/converted_webp/resized_1652767424.webp,2025-02-05 14:47:46+00,2026-05-07 15:28:40.313227+00,4.0,
d3a8e18e-e33a-492f-9e83-6ffc109ed332,cake-1180,Cake 1180,Title,-,flavours,"[{""name"":""Butterscotch"",""price"":""700.0"",""customName"":""""},{""name"":""Strawberry"",""price"":""700.0"",""customName"":""""},{""name"":""Pineapple"",""price"":""700.0"",""customName"":""""},{""name"":""Black Forest"",""price"":""700.0"",""customName"":""""},{""name"":""Mix Fruit"",""price"":""700.0"",""customName"":""""},{""name"":""Almond Honey"",""price"":""700.0"",""customName"":""""},{""name"":""Choco Crunch"",""price"":""700.0"",""customName"":""""},{""name"":""Rainbow"",""price"":""700.0"",""customName"":""""},{""name"":""Choco Vanilla"",""price"":""700.0"",""customName"":""""},{""name"":""White Forest"",""price"":""700.0"",""customName"":""""}]",,,,Moti bakery,,0,0,0,0,0,,Cake 1180,General,700.0,,10,active,https://jygsbebawnkvyaqohxes.supabase.co/storage/v1/object/public/cake-images/converted_webp/resized_1652694872.webp,2025-02-05 14:50:43+00,2026-05-07 15:27:07.947051+00,4.0,
d3bc2385-4246-4358-8b47-8d069c9e9f3f,cake-413,Cake 413,Title,-,flavours,"[{""name"":""Pineapple"",""price"":""675.0"",""customName"":""""},{""name"":""Butter Scotch"",""price"":""675.0"",""customName"":""""},{""name"":""Strawberry"",""price"":""675.0"",""customName"":""""},{""name"":""Almond Honey"",""price"":""675.0"",""customName"":""""},{""name"":""Caramel Crunch"",""price"":""675.0"",""customName"":""""},{""name"":""Redvelvet"",""price"":""675.0"",""customName"":""""}]",,,,Moti bakery,,0,0,0,0,0,,Cake 413,General,675.0,,6,active,https://jygsbebawnkvyaqohxes.supabase.co/storage/v1/object/public/cake-images/converted_webp/resized_1576596633212.webp,2025-02-05 16:05:16+00,2026-05-07 15:21:10.066202+00,6.0,
d42c6798-5660-45d4-85d0-52378b4849ab,cake-522,Cake 522,Title,-,flavours,"[{""name"":""Pineapple"",""price"":""725.0"",""customName"":""""},{""name"":""Butter Scotch"",""price"":""725.0"",""customName"":""""},{""name"":""Strawberry"",""price"":""725.0"",""customName"":""""},{""name"":""Almond Honey"",""price"":""725.0"",""customName"":""""},{""name"":""Caramel Crunch"",""price"":""725.0"",""customName"":""""},{""name"":""Redvelvet"",""price"":""725.0"",""customName"":""""}]",,,,Moti bakery,,0,0,0,0,0,,Cake 522,General,725.0,,6,active,https://jygsbebawnkvyaqohxes.supabase.co/storage/v1/object/public/cake-images/converted_webp/resized_IMG20200110WA0037.webp,2025-02-05 16:23:00+00,2026-05-07 15:22:11.71275+00,6.0,
d43a0404-8ff9-40ea-a39b-0b9796b1aeb8,cake-480,Cake 480,Title,-,flavours,"[{""name"":""Pineapple"",""price"":""675.0"",""customName"":""""},{""name"":""Butter Scotch"",""price"":""675.0"",""customName"":""""},{""name"":""Strawberry"",""price"":""675.0"",""customName"":""""},{""name"":""Almond Honey"",""price"":""675.0"",""customName"":""""},{""name"":""Caramel Crunch"",""price"":""675.0"",""customName"":""""},{""name"":""Redvelvet"",""price"":""675.0"",""customName"":""""}]",,,,Moti bakery,,0,0,0,0,0,,Cake 480,General,675.0,,6,active,https://jygsbebawnkvyaqohxes.supabase.co/storage/v1/object/public/cake-images/converted_webp/resized_1576604904595.webp,2025-02-05 16:07:21+00,2026-05-07 15:21:46.931859+00,6.0,
d48d5fd3-a9fa-4b95-b5dc-6027b975521e,cake-1252,Cake 1252,Title,-,flavours,"[{""name"":""Choco Crunch"",""price"":""950.0"",""customName"":""""},{""name"":""Choco Vanilla"",""price"":""950.0"",""customName"":""""},{""name"":""Chocolate Truffle"",""price"":""950.0"",""customName"":""""}]",,,,Moti bakery,,0,0,0,0,0,,Cake 1252,General,950.0,,3,active,https://jygsbebawnkvyaqohxes.supabase.co/storage/v1/object/public/cake-images/converted_webp/resized_1652702130.webp,2025-02-05 14:09:37+00,2026-05-07 15:27:49.92673+00,1.0,
d4a370b8-83e0-422f-853e-1f93dbec601f,cake-1359,Cake 1359,Title,-,flavours,"[{""name"":""Butterscotch"",""price"":""0.00"",""customName"":""""},{""name"":""Strawberry"",""price"":""0.00"",""customName"":""""},{""name"":""Pineapple"",""price"":""0.00"",""customName"":""""},{""name"":""Black Forest"",""price"":""0.00"",""customName"":""""},{""name"":""Mix Fruit"",""price"":""0.00"",""customName"":""""},{""name"":""Almond Honey"",""price"":""0.00"",""customName"":""""},{""name"":""Choco Crunch"",""price"":""0.00"",""customName"":""""},{""name"":""Rainbow"",""price"":""0.00"",""customName"":""""},{""name"":""Choco Vanilla"",""price"":""0.00"",""customName"":""""},{""name"":""White Forest"",""price"":""0.00"",""customName"":""""}]",,,,Moti bakery,,0,0,0,0,0,,Cake 1359,General,,,10,active,https://jygsbebawnkvyaqohxes.supabase.co/storage/v1/object/public/cake-images/converted_webp/resized_1652767603.webp,2025-02-05 14:56:01+00,2026-05-07 15:28:42.786272+00,5.0,
d527bfe6-a0d5-4f5a-9385-d3e4ec881e9b,cake-949,Cake 949,Title,-,flavours,"[{""name"":""Pineapple"",""price"":""1200.0"",""customName"":""""},{""name"":""Butter Scotch"",""price"":""1200.0"",""customName"":""""},{""name"":""Strawberry"",""price"":""1200.0"",""customName"":""""}]",,,,Moti bakery,,0,0,0,0,0,,Cake 949,General,1200.0,,3,active,https://jygsbebawnkvyaqohxes.supabase.co/storage/v1/object/public/cake-images/converted_webp/00456.webp,2025-02-05 14:33:56+00,2026-05-07 15:24:36.015854+00,2.5,
d565617b-7e7a-4bd4-82c7-6df4cb5cfdfe,cake-1334,Cake 1334,Title,-,flavours,"[{""name"":""Butterscotch"",""price"":""1200.0"",""customName"":""""},{""name"":""Strawberry"",""price"":""1200.0"",""customName"":""""},{""name"":""Pineapple"",""price"":""1200.0"",""customName"":""""},{""name"":""Black Forest"",""price"":""1200.0"",""customName"":""""},{""name"":""Mix Fruit"",""price"":""1200.0"",""customName"":""""},{""name"":""Almond Honey"",""price"":""1200.0"",""customName"":""""},{""name"":""Choco Crunch"",""price"":""1200.0"",""customName"":""""},{""name"":""Rainbow"",""price"":""1200.0"",""customName"":""""},{""name"":""Choco Vanilla"",""price"":""1200.0"",""customName"":""""},{""name"":""White Forest"",""price"":""1200.0"",""customName"":""""}]",,,,Moti bakery,,0,0,0,0,0,,Cake 1334,General,1200.0,,10,active,https://jygsbebawnkvyaqohxes.supabase.co/storage/v1/object/public/cake-images/converted_webp/resized_1652710254.webp,2025-02-05 14:47:46+00,2026-05-07 15:28:28.636518+00,3.0,
d589ecaa-2e3b-4b28-b20a-fc4ccb5e3664,cake-1324,Cake 1324,Title,-,flavours,"[{""name"":""Butterscotch"",""price"":""1200.0"",""customName"":""""},{""name"":""Strawberry"",""price"":""1200.0"",""customName"":""""},{""name"":""Pineapple"",""price"":""1200.0"",""customName"":""""},{""name"":""Black Forest"",""price"":""1200.0"",""customName"":""""},{""name"":""Mix Fruit"",""price"":""1200.0"",""customName"":""""},{""name"":""Almond Honey"",""price"":""1200.0"",""customName"":""""},{""name"":""Choco Crunch"",""price"":""1200.0"",""customName"":""""},{""name"":""Rainbow"",""price"":""1200.0"",""customName"":""""},{""name"":""Choco Vanilla"",""price"":""1200.0"",""customName"":""""},{""name"":""White Forest"",""price"":""1200.0"",""customName"":""""}]",,,,Moti bakery,,0,0,0,0,0,,Cake 1324,General,1200.0,,10,active,https://jygsbebawnkvyaqohxes.supabase.co/storage/v1/object/public/cake-images/converted_webp/resized_1652709726.webp,2025-02-05 14:47:46+00,2026-05-07 15:28:23.204987+00,5.0,
d5ad5d74-7dc7-4cb7-a8bb-29aec3f1c71c,cake-115,Cake 115,Title,-,flavours,"[{""name"":""Pineapple"",""price"":""650.0"",""customName"":""""},{""name"":""Butter Scotch"",""price"":""650.0"",""customName"":""""},{""name"":""Strawberry"",""price"":""650.0"",""customName"":""""}]",,,,Moti bakery,,0,0,0,0,0,,Cake 115,General,650.0,,3,active,https://jygsbebawnkvyaqohxes.supabase.co/storage/v1/object/public/cake-images/converted_webp/resized_0115.webp,2025-02-05 14:09:37+00,2026-05-07 15:20:02.89405+00,1.5,
d5f834ec-f5ee-4777-bac5-86e6a2ccbd19,cake-702,Cake 702,Title,-,flavours,"[{""name"":""Pineapple"",""price"":""625.0"",""customName"":""""},{""name"":""Butters Cotch"",""price"":""625.0"",""customName"":""""},{""name"":""Strawberry"",""price"":""625.0"",""customName"":""""}]",,,,Moti bakery,,0,0,0,0,0,,Cake 702,General,625.0,,3,active,https://jygsbebawnkvyaqohxes.supabase.co/storage/v1/object/public/cake-images/converted_webp/resized_191.webp,2025-02-05 16:27:55+00,2026-05-07 15:22:46.06337+00,3.0,
d664e3de-48e3-486d-9368-38703b31b0ec,cake-775,Cake 775,Title,-,flavours,"[{""name"":""Pineapple"",""price"":""675.0"",""customName"":""""},{""name"":""Butter Scotch"",""price"":""675.0"",""customName"":""""},{""name"":""Strawberry"",""price"":""675.0"",""customName"":""""}]",,,,Moti bakery,,0,0,0,0,0,,Cake 775,General,675.0,,3,active,https://jygsbebawnkvyaqohxes.supabase.co/storage/v1/object/public/cake-images/converted_webp/resized_IMG20200103WA0006.webp,2025-02-05 16:30:31+00,2026-05-07 15:23:24.633873+00,5.0,
d6722a0e-41e3-4c9e-a966-df866a80df2e,cake-5,Cake 5,Title,-,flavours,"[{""name"":""Pineapple"",""price"":""700.00"",""customName"":""""},{""name"":""Butterscotch"",""price"":""675"",""customName"":""""},{""name"":""Strawberry"",""price"":""675"",""customName"":""""}]",,,,Moti bakery,,0,0,0,0,0,,Cake 5,General,675,,3,active,https://jygsbebawnkvyaqohxes.supabase.co/storage/v1/object/public/cake-images/converted_webp/0005.webp,2026-04-01 08:33:40.519523+00,2026-05-07 15:29:09.594469+00,2,
d68655a1-9bf1-462f-91ed-13d74320d1fc,cake-745,Cake 745,Title,-,flavours,"[{""name"":""Pineapple"",""price"":""625.0"",""customName"":""""},{""name"":""Butterscotch"",""price"":""625.0"",""customName"":""""},{""name"":""Strawberry"",""price"":""625.0"",""customName"":""""}]",,,,Moti bakery,,0,0,0,0,0,,Cake 745,General,625.0,,3,active,https://jygsbebawnkvyaqohxes.supabase.co/storage/v1/object/public/cake-images/converted_webp/resized_358.webp,2025-02-05 14:09:37+00,2026-05-07 15:23:08.423019+00,2.5,
d68d74e1-cab4-42c4-9266-09deee51a93e,cake-1379,Cake 1379,Title,-,flavours,"[{""name"":""Butterscotch"",""price"":""1200.0"",""customName"":""""},{""name"":""Strawberry"",""price"":""1200.0"",""customName"":""""},{""name"":""Pineapple"",""price"":""1200.0"",""customName"":""""},{""name"":""Black Forest"",""price"":""1200.0"",""customName"":""""},{""name"":""Mix Fruit"",""price"":""1200.0"",""customName"":""""},{""name"":""Almond Honey"",""price"":""1200.0"",""customName"":""""},{""name"":""Choco Crunch"",""price"":""1200.0"",""customName"":""""},{""name"":""Rainbow"",""price"":""1200.0"",""customName"":""""},{""name"":""Choco Vanilla"",""price"":""1200.0"",""customName"":""""},{""name"":""White Forest"",""price"":""1200.0"",""customName"":""""}]",,,,Moti bakery,,0,0,0,0,0,,Cake 1379,General,1200.0,,10,active,https://jygsbebawnkvyaqohxes.supabase.co/storage/v1/object/public/cake-images/converted_webp/resized_1652768355.webp,2025-02-05 14:47:46+00,2026-05-07 15:28:53.511413+00,5.0,
d6a06481-e543-4c8c-ab8e-7e62c6fcf846,cake-819,Cake 819,Title,-,flavours,"[{""name"":""Pineapple"",""price"":""700.0"",""customName"":""""},{""name"":""Butter Scotch"",""price"":""700.0"",""customName"":""""},{""name"":""Strawberry"",""price"":""700.0"",""customName"":""""}]",,,,Moti bakery,,0,0,0,0,0,,Cake 819,General,700.0,,3,active,https://jygsbebawnkvyaqohxes.supabase.co/storage/v1/object/public/cake-images/converted_webp/resized_384.webp,2025-02-05 14:09:37+00,2026-05-07 15:23:45.60727+00,3.0,
d6b48219-ebde-4360-b93e-97b8a7e5f0f3,cake-1075,Cake 1075,Title,-,flavours,"[{""name"":""Pineapple"",""price"":""1200.0"",""customName"":""""},{""name"":""Butterscotch"",""price"":""1200.0"",""customName"":""""},{""name"":""Stawberry"",""price"":""1200.0"",""customName"":""""},{""name"":""Caramel Crunch"",""price"":""1200.0"",""customName"":""""},{""name"":""Almond Honey"",""price"":""1200.0"",""customName"":""""},{""name"":""Redvelvet"",""price"":""1200.0"",""customName"":""""}]",,,,Moti bakery,,0,0,0,0,0,,Cake 1075,General,1200.0,,6,active,https://jygsbebawnkvyaqohxes.supabase.co/storage/v1/object/public/cake-images/converted_webp/resized_1576596365836.webp,2025-02-05 14:47:46+00,2026-05-07 15:25:46.229452+00,3.0,
d6d70df3-cd0a-412c-b13f-7cc19c14d50b,cake-626,Cake 626,Title,-,flavours,"[{""name"":""Chocolate Truffle"",""price"":""875.0"",""customName"":""""}]",,,,Moti bakery,,0,0,0,0,0,,Cake 626,General,875.0,,1,active,https://jygsbebawnkvyaqohxes.supabase.co/storage/v1/object/public/cake-images/converted_webp/resized_266.webp,2025-02-05 14:09:37+00,2026-05-07 15:22:26.181657+00,1.0,
d6eb3264-017d-49a9-80ba-89452657fd51,cake-841,Cake 841,Title,-,flavours,"[{""name"":""Pineapple"",""price"":""700.0"",""customName"":""""},{""name"":""Butter Scotch"",""price"":""700.0"",""customName"":""""},{""name"":""Strawberry"",""price"":""700.0"",""customName"":""""}]",,,,Moti bakery,,0,0,0,0,0,,Cake 841,General,700.0,,3,active,https://jygsbebawnkvyaqohxes.supabase.co/storage/v1/object/public/cake-images/converted_webp/resized_388.webp,2025-02-05 14:09:37+00,2026-05-07 15:23:56.820253+00,3.0,
d718de68-7e8f-4fd4-8e8e-4dcc1cde24d4,cake-918,Cake 918,Title,-,flavours,"[{""name"":""Pineapple"",""price"":""1200.0"",""customName"":""""},{""name"":""Butter Scotch"",""price"":""1200.0"",""customName"":""""},{""name"":""Strawberry"",""price"":""1200.0"",""customName"":""""}]",,,,Moti bakery,,0,0,0,0,0,,Cake 918,General,1200.0,,3,active,https://jygsbebawnkvyaqohxes.supabase.co/storage/v1/object/public/cake-images/converted_webp/00425.webp,2025-02-05 14:27:15+00,2026-05-07 15:24:17.859199+00,9.0,
d71a13ba-b7dd-4dbc-990e-899b1995c402,cake-465,Cake 465,Title,-,flavours,"[{""name"":""Pineapple"",""price"":""675.0"",""customName"":""""},{""name"":""Butter Scotch"",""price"":""675.0"",""customName"":""""},{""name"":""Strawberry"",""price"":""675.0"",""customName"":""""}]",,,,Moti bakery,,0,0,0,0,0,,Cake 465,General,675.0,,3,active,https://jygsbebawnkvyaqohxes.supabase.co/storage/v1/object/public/cake-images/converted_webp/resized_244.webp,2025-02-05 14:09:37+00,2026-05-07 15:21:37.591528+00,3.0,
d72a8f1a-5435-4142-bfdc-047f0e6deec7,cake-1190,Cake 1190,Title,-,flavours,"[{""name"":""Butterscotch"",""price"":""700.0"",""customName"":""""},{""name"":""Strawberry"",""price"":""700.0"",""customName"":""""},{""name"":""Pineapple"",""price"":""700.0"",""customName"":""""},{""name"":""Black Forest"",""price"":""700.0"",""customName"":""""},{""name"":""Mix Fruit"",""price"":""700.0"",""customName"":""""},{""name"":""Almond Honey"",""price"":""700.0"",""customName"":""""},{""name"":""Choco Crunch"",""price"":""700.0"",""customName"":""""},{""name"":""Rainbow"",""price"":""700.0"",""customName"":""""},{""name"":""Choco Vanilla"",""price"":""700.0"",""customName"":""""},{""name"":""White Forest"",""price"":""700.0"",""customName"":""""}]",,,,Moti bakery,,0,0,0,0,0,,Cake 1190,General,700.0,,10,active,https://jygsbebawnkvyaqohxes.supabase.co/storage/v1/object/public/cake-images/converted_webp/resized_1652696003.webp,2025-02-05 14:09:37+00,2026-05-07 15:27:13.367864+00,3.0,
d72bfc78-6207-410b-800f-20b853dc8e52,cake-1306,Cake 1306,Title,-,flavours,"[{""name"":""Butterscotch"",""price"":""1200.0"",""customName"":""""},{""name"":""Strawberry"",""price"":""1200.0"",""customName"":""""},{""name"":""Pineapple"",""price"":""1200.0"",""customName"":""""},{""name"":""Black Forest"",""price"":""1200.0"",""customName"":""""},{""name"":""Mix Fruit"",""price"":""1200.0"",""customName"":""""},{""name"":""Almond Honey"",""price"":""1200.0"",""customName"":""""},{""name"":""Choco Crunch"",""price"":""1200.0"",""customName"":""""},{""name"":""Rainbow"",""price"":""1200.0"",""customName"":""""},{""name"":""Choco Vanilla"",""price"":""1200.0"",""customName"":""""},{""name"":""White Forest"",""price"":""1200.0"",""customName"":""""}]",,,,Moti bakery,,0,0,0,0,0,,Cake 1306,General,1200.0,,10,active,https://jygsbebawnkvyaqohxes.supabase.co/storage/v1/object/public/cake-images/converted_webp/resized_1652708146.webp,2025-02-05 14:47:46+00,2026-05-07 15:28:13.027776+00,4.0,
d7304558-7a2e-49c4-9e68-56a702fbcb38,cake-505,Cake 505,Title,-,flavours,"[{""name"":""Pineapple"",""price"":""775.0"",""customName"":""""},{""name"":""Butter Scotch"",""price"":""775.0"",""customName"":""""},{""name"":""Strawberry"",""price"":""775.0"",""customName"":""""},{""name"":""Almond Honey"",""price"":""775.0"",""customName"":""""},{""name"":""Caramel Crunch"",""price"":""775.0"",""customName"":""""},{""name"":""Redvelvet"",""price"":""775.0"",""customName"":""""}]",,,,Moti bakery,,0,0,0,0,0,,Cake 505,General,775.0,,6,active,https://jygsbebawnkvyaqohxes.supabase.co/storage/v1/object/public/cake-images/converted_webp/resized_1576596139594.webp,2025-02-05 16:20:06+00,2026-05-07 15:22:00.882683+00,6.0,
d76f21b4-8abc-4493-87d3-e66d7e9c76af,cake-1128,Cake 1128,Title,-,flavours,"[{""name"":""Butterscotch"",""price"":""700.0"",""customName"":""""},{""name"":""Strawberry"",""price"":""700.0"",""customName"":""""},{""name"":""Pineapple"",""price"":""700.0"",""customName"":""""},{""name"":""Black Forest"",""price"":""700.0"",""customName"":""""},{""name"":""Mix Fruit"",""price"":""700.0"",""customName"":""""},{""name"":""Almond Honey"",""price"":""700.0"",""customName"":""""},{""name"":""Choco Crunch"",""price"":""700.0"",""customName"":""""},{""name"":""Rainbow"",""price"":""700.0"",""customName"":""""},{""name"":""Choco Vanilla"",""price"":""700.0"",""customName"":""""},{""name"":""White Forest"",""price"":""700.0"",""customName"":""""}]",,,,Moti bakery,,0,0,0,0,0,,Cake 1128,General,700.0,,10,active,https://jygsbebawnkvyaqohxes.supabase.co/storage/v1/object/public/cake-images/converted_webp/resized_1652683837.webp,2025-02-05 14:09:37+00,2026-05-07 15:26:35.34817+00,5.0,
d775f047-c297-49c3-8a00-85134beff1df,cake-1130,Cake 1130,Title,-,flavours,"[{""name"":""Butterscotch"",""price"":""775.0"",""customName"":""""},{""name"":""Strawberry"",""price"":""775.0"",""customName"":""""},{""name"":""Pineapple"",""price"":""775.0"",""customName"":""""},{""name"":""Black Forest"",""price"":""775.0"",""customName"":""""},{""name"":""Mix Fruit"",""price"":""775.0"",""customName"":""""},{""name"":""Almond Honey"",""price"":""775.0"",""customName"":""""},{""name"":""Choco Crunch"",""price"":""775.0"",""customName"":""""},{""name"":""Rainbow"",""price"":""775.0"",""customName"":""""},{""name"":""Choco Vanilla"",""price"":""775.0"",""customName"":""""},{""name"":""White Forest"",""price"":""775.0"",""customName"":""""}]",,,,Moti bakery,,0,0,0,0,0,,Cake 1130,General,775.0,,10,active,https://jygsbebawnkvyaqohxes.supabase.co/storage/v1/object/public/cake-images/converted_webp/resized_1652684407.webp,2025-02-05 14:09:37+00,2026-05-07 15:26:36.530416+00,10.0,
d79f8946-165f-47e6-bada-84aa8ba9cc9f,cake-435,Cake 435,Title,-,flavours,"[{""name"":""Pineapple"",""price"":""1200.0"",""customName"":""""},{""name"":""Butter Scotch"",""price"":""1200.0"",""customName"":""""},{""name"":""Strawberry"",""price"":""1200.0"",""customName"":""""}]",,,,Moti bakery,,0,0,0,0,0,,Cake 435,General,1200.0,,3,active,https://jygsbebawnkvyaqohxes.supabase.co/storage/v1/object/public/cake-images/converted_webp/resized_224.webp,2025-02-05 14:47:46+00,2026-05-07 15:21:21.618566+00,6.0,
d8220edc-2072-4d5a-8b5d-88d22cf0692f,cake-83,Cake 83,Title,-,flavours,"[{""name"":""Pineapple"",""price"":""675.0"",""customName"":""""},{""name"":""Butter Scotch"",""price"":""675.0"",""customName"":""""},{""name"":""Strawberry"",""price"":""675.0"",""customName"":""""}]",,,,Moti bakery,,0,0,0,0,0,,Cake 83,General,675.0,,3,active,https://jygsbebawnkvyaqohxes.supabase.co/storage/v1/object/public/cake-images/converted_webp/00083.webp,2025-02-05 14:09:37+00,2026-05-07 15:19:43.331672+00,2.0,
d87a6ffb-36dc-4fd2-8be2-36433a29668c,cake-1230,Cake 1230,Title,-,flavours,"[{""name"":""Butterscotch"",""price"":""825.0"",""customName"":""""},{""name"":""Strawberry"",""price"":""825.0"",""customName"":""""},{""name"":""Pineapple"",""price"":""825.0"",""customName"":""""},{""name"":""Black Forest"",""price"":""825.0"",""customName"":""""},{""name"":""Mix Fruit"",""price"":""825.0"",""customName"":""""},{""name"":""Almond Honey"",""price"":""825.0"",""customName"":""""},{""name"":""Choco Crunch"",""price"":""825.0"",""customName"":""""},{""name"":""Rainbow"",""price"":""825.0"",""customName"":""""},{""name"":""Choco Vanilla"",""price"":""825.0"",""customName"":""""},{""name"":""White Forest"",""price"":""825.0"",""customName"":""""}]",,,,Moti bakery,,0,0,0,0,0,,Cake 1230,General,825.0,,10,active,https://jygsbebawnkvyaqohxes.supabase.co/storage/v1/object/public/cake-images/converted_webp/resized_1652699384.webp,2025-02-05 14:09:37+00,2026-05-07 15:27:35.383493+00,3.0,
d8e5601b-32ea-4dbb-969c-cab3270b90e2,cake-1145,Cake 1145,Title,-,flavours,"[{""name"":""Butterscotch"",""price"":""700.0"",""customName"":""""},{""name"":""Strawberry"",""price"":""700.0"",""customName"":""""},{""name"":""Pineapple"",""price"":""700.0"",""customName"":""""},{""name"":""Black Forest"",""price"":""700.0"",""customName"":""""},{""name"":""Mix Fruit"",""price"":""700.0"",""customName"":""""},{""name"":""Almond Honey"",""price"":""700.0"",""customName"":""""},{""name"":""Choco Crunch"",""price"":""700.0"",""customName"":""""},{""name"":""Rainbow"",""price"":""700.0"",""customName"":""""},{""name"":""Choco Vanilla"",""price"":""700.0"",""customName"":""""},{""name"":""White Forest"",""price"":""700.0"",""customName"":""""}]",,,,Moti bakery,,0,0,0,0,0,,Cake 1145,General,700.0,,10,active,https://jygsbebawnkvyaqohxes.supabase.co/storage/v1/object/public/cake-images/converted_webp/resized_1652687115.webp,2025-02-05 14:09:37+00,2026-05-07 15:26:47.120055+00,5.0,
d90398da-a1a4-43a6-86a3-0e659bf522f9,cake-438,Cake 438,Title,-,flavours,"[{""name"":""Pineapple"",""price"":""700.0"",""customName"":""""},{""name"":""Butter Scotch"",""price"":""700.0"",""customName"":""""},{""name"":""Strawberry"",""price"":""700.0"",""customName"":""""}]",,,,Moti bakery,,0,0,0,0,0,,Cake 438,General,700.0,,3,active,https://jygsbebawnkvyaqohxes.supabase.co/storage/v1/object/public/cake-images/converted_webp/resized_237.webp,2025-02-05 14:09:37+00,2026-05-07 15:21:23.150589+00,3.0,
d9402649-4a1d-4970-a7da-048fd6e33495,cake-1208,Cake 1208,Title,-,flavours,"[{""name"":""Butterscotch"",""price"":""725.0"",""customName"":""""},{""name"":""Strawberry"",""price"":""725.0"",""customName"":""""},{""name"":""Pineapple"",""price"":""725.0"",""customName"":""""},{""name"":""Black Forest"",""price"":""725.0"",""customName"":""""},{""name"":""Mix Fruit"",""price"":""725.0"",""customName"":""""},{""name"":""Almond Honey"",""price"":""725.0"",""customName"":""""},{""name"":""Choco Crunch"",""price"":""725.0"",""customName"":""""},{""name"":""Rainbow"",""price"":""725.0"",""customName"":""""},{""name"":""Choco Vanilla"",""price"":""725.0"",""customName"":""""},{""name"":""White Forest"",""price"":""725.0"",""customName"":""""}]",,,,Moti bakery,,0,0,0,0,0,,Cake 1208,General,725.0,,10,active,https://jygsbebawnkvyaqohxes.supabase.co/storage/v1/object/public/cake-images/converted_webp/resized_1652697947.webp,2025-02-05 14:09:37+00,2026-05-07 15:27:23.674821+00,4.0,
d94c5273-eec3-43e9-a0e4-aa38bce9b991,cake-847,Cake 847,Title,-,flavours,"[{""name"":""Pineapple"",""price"":""1200.0"",""customName"":""""},{""name"":""Butterscotch"",""price"":""1200.0"",""customName"":""""},{""name"":""Strawberry"",""price"":""1200.0"",""customName"":""""},{""name"":""Caramel Crunch"",""price"":""1200.0"",""customName"":""""},{""name"":""Red Velvet"",""price"":""1200.0"",""customName"":""""},{""name"":""Almond Honey"",""price"":""1200.0"",""customName"":""""}]",,,,Moti bakery,,0,0,0,0,0,,Cake 847,General,1200.0,,6,active,https://jygsbebawnkvyaqohxes.supabase.co/storage/v1/object/public/cake-images/converted_webp/resized_FBIMG1573189511202.webp,2025-02-05 16:37:08+00,2026-05-07 15:23:59.597362+00,3.0,
da19c5d6-31fd-441b-a7c2-1301893e1ee9,cake-1371,Cake 1371,Title,-,flavours,"[{""name"":""Butterscotch"",""price"":""1200.0"",""customName"":""""},{""name"":""Strawberry"",""price"":""1200.0"",""customName"":""""},{""name"":""Pineapple"",""price"":""1200.0"",""customName"":""""},{""name"":""Black Forest"",""price"":""1200.0"",""customName"":""""},{""name"":""Mix Fruit"",""price"":""1200.0"",""customName"":""""},{""name"":""Almond Honey"",""price"":""1200.0"",""customName"":""""},{""name"":""Choco Crunch"",""price"":""1200.0"",""customName"":""""},{""name"":""Rainbow"",""price"":""1200.0"",""customName"":""""},{""name"":""Choco Vanilla"",""price"":""1200.0"",""customName"":""""},{""name"":""White Forest"",""price"":""1200.0"",""customName"":""""}]",,,,Moti bakery,,0,0,0,0,0,,Cake 1371,General,1200.0,,10,active,https://jygsbebawnkvyaqohxes.supabase.co/storage/v1/object/public/cake-images/converted_webp/resized_1652768054.webp,2025-02-05 14:47:46+00,2026-05-07 15:28:49.215239+00,5.0,
db010e52-9988-48ed-ab6f-50477c83d86a,cake-221,Cake 221,Title,-,flavours,"[{""name"":""Pineapple"",""price"":""675.0"",""customName"":""""},{""name"":""Butter Scotch"",""price"":""675.0"",""customName"":""""},{""name"":""Strawberry"",""price"":""675.0"",""customName"":""""}]",,,,Moti bakery,,0,0,0,0,0,,Cake 221,General,675.0,,3,active,https://jygsbebawnkvyaqohxes.supabase.co/storage/v1/object/public/cake-images/converted_webp/resized_IMG20201002WA0012.webp,2025-02-05 14:09:37+00,2026-05-07 15:20:59.089003+00,1.0,
db61345d-783b-4a98-8e16-9cb71167d1ce,cake-1361,Cake 1361,Title,-,flavours,"[{""name"":""Butterscotch"",""price"":""1200.0"",""customName"":""""},{""name"":""Strawberry"",""price"":""1200.0"",""customName"":""""},{""name"":""Pineapple"",""price"":""1200.0"",""customName"":""""},{""name"":""Black Forest"",""price"":""1200.0"",""customName"":""""},{""name"":""Mix Fruit"",""price"":""1200.0"",""customName"":""""},{""name"":""Almond Honey"",""price"":""1200.0"",""customName"":""""},{""name"":""Choco Crunch"",""price"":""1200.0"",""customName"":""""},{""name"":""Rainbow"",""price"":""1200.0"",""customName"":""""},{""name"":""Choco Vanilla"",""price"":""1200.0"",""customName"":""""},{""name"":""White Forest"",""price"":""1200.0"",""customName"":""""}]",,,,Moti bakery,,0,0,0,0,0,,Cake 1361,General,1200.0,,10,active,https://jygsbebawnkvyaqohxes.supabase.co/storage/v1/object/public/cake-images/converted_webp/resized_1652767675.webp,2025-02-05 14:47:46+00,2026-05-07 15:28:43.68627+00,4.0,
dbbeaf60-d5b3-4c1f-8884-34d334e243c7,cake-1199,Cake 1199,Title,-,flavours,"[{""name"":""Butterscotch"",""price"":""775.0"",""customName"":""""},{""name"":""Strawberry"",""price"":""775.0"",""customName"":""""},{""name"":""Pineapple"",""price"":""775.0"",""customName"":""""},{""name"":""Black Forest"",""price"":""775.0"",""customName"":""""},{""name"":""Mix Fruit"",""price"":""775.0"",""customName"":""""},{""name"":""Almond Honey"",""price"":""775.0"",""customName"":""""},{""name"":""Choco Crunch"",""price"":""775.0"",""customName"":""""},{""name"":""Rainbow"",""price"":""775.0"",""customName"":""""},{""name"":""Choco Vanilla"",""price"":""775.0"",""customName"":""""},{""name"":""White Forest"",""price"":""775.0"",""customName"":""""}]",,,,Moti bakery,,0,0,0,0,0,,Cake 1199,General,775.0,,10,active,https://jygsbebawnkvyaqohxes.supabase.co/storage/v1/object/public/cake-images/converted_webp/resized_1652696427.webp,2025-02-05 14:09:37+00,2026-05-07 15:27:18.285706+00,3.0,
dbe37991-ac82-4856-b675-0c40ab8d99d0,cake-1083,Cake 1083,Title,-,flavours,"[{""name"":""Pineapple"",""price"":""1100.0"",""customName"":""""},{""name"":""Butter Scotch"",""price"":""1100.0"",""customName"":""""},{""name"":""Stawberry"",""price"":""1100.0"",""customName"":""""},{""name"":""Caramel Crunch"",""price"":""1100.0"",""customName"":""""},{""name"":""Almond Honey"",""price"":""1100.0"",""customName"":""""},{""name"":""Redvelvet"",""price"":""1100.0"",""customName"":""""}]",,,,Moti bakery,,0,0,0,0,0,,Cake 1083,General,1100.0,,6,active,https://jygsbebawnkvyaqohxes.supabase.co/storage/v1/object/public/cake-images/converted_webp/resized_1576604930825.webp,2025-02-05 14:48:44+00,2026-05-07 15:25:50.573678+00,3.0,
dbfca7f1-7798-470f-a7a8-57717697745e,cake-961,Cake 961,Title,-,flavours,"[{""name"":""Pineapple"",""price"":""1200.0"",""customName"":""""},{""name"":""Butter Scotch"",""price"":""1200.0"",""customName"":""""},{""name"":""Strawberry"",""price"":""1200.0"",""customName"":""""}]",,,,Moti bakery,,0,0,0,0,0,,Cake 961,General,1200.0,,3,active,https://jygsbebawnkvyaqohxes.supabase.co/storage/v1/object/public/cake-images/converted_webp/00468.webp,2025-02-05 14:37:01+00,2026-05-07 15:24:42.325258+00,5.0,
dc44ef48-72ab-468c-bb8e-68e628156685,cake-471,Cake 471,Title,-,flavours,"[{""name"":""Pine Apple"",""price"":""675.0"",""customName"":""""},{""name"":""Strawberry"",""price"":""675.0"",""customName"":""""},{""name"":""Butter Scotch"",""price"":""675.0"",""customName"":""""}]",,,,Moti bakery,,0,0,0,0,0,,Cake 471,General,675.0,,3,active,https://jygsbebawnkvyaqohxes.supabase.co/storage/v1/object/public/cake-images/converted_webp/resized_172176.webp,2025-02-05 14:09:37+00,2026-05-07 15:21:40.563667+00,5.0,
dc4726fd-f521-4f97-bb8d-5cf03dc5e826,cake-491,Cake 491,Title,-,flavours,"[{""name"":""Pineapple"",""price"":""675.0"",""customName"":""""},{""name"":""Butter Scotch"",""price"":""675.0"",""customName"":""""},{""name"":""Strawberry"",""price"":""675.0"",""customName"":""""},{""name"":""Almond Honey"",""price"":""675.0"",""customName"":""""},{""name"":""Caramel Crunch"",""price"":""675.0"",""customName"":""""},{""name"":""Redvelvet"",""price"":""675.0"",""customName"":""""}]",,,,Moti bakery,,0,0,0,0,0,,Cake 491,General,675.0,,6,active,https://jygsbebawnkvyaqohxes.supabase.co/storage/v1/object/public/cake-images/converted_webp/resized_1576604904750.webp,2025-02-05 16:17:23+00,2026-05-07 15:21:52.874967+00,6.0,
dc9a79c8-c818-46cb-ae47-35132af41ce9,cake-430,Cake 430,Title,-,flavours,"[{""name"":""Pineapple"",""price"":""700.0"",""customName"":""""},{""name"":""Butter Scotch"",""price"":""700.0"",""customName"":""""},{""name"":""Strawberry"",""price"":""700.0"",""customName"":""""}]",,,,Moti bakery,,0,0,0,0,0,,Cake 430,General,700.0,,3,active,https://jygsbebawnkvyaqohxes.supabase.co/storage/v1/object/public/cake-images/converted_webp/resized_218.webp,2025-02-05 14:09:37+00,2026-05-07 15:21:18.988422+00,5.0,
dd5cb849-0470-43d2-9ef0-151e0000e1fc,cake-622,Cake 622,Title,-,flavours,"[{""name"":""Black Forest"",""price"":""675.0"",""customName"":""""},{""name"":""White Forest"",""price"":""675.0"",""customName"":""""}]",,,,Moti bakery,,0,0,0,0,0,,Cake 622,General,675.0,,2,active,https://jygsbebawnkvyaqohxes.supabase.co/storage/v1/object/public/cake-images/converted_webp/resized_262.webp,2025-02-05 14:09:37+00,2026-05-07 15:22:24.361642+00,2.0,
dd8e9b0a-2f7f-4194-8977-c4699486f57e,cake-959,Cake 959,Title,-,flavours,"[{""name"":""Pineapple"",""price"":""1200.0"",""customName"":""""},{""name"":""Butter Scotch"",""price"":""1200.0"",""customName"":""""},{""name"":""Strawberry"",""price"":""1200.0"",""customName"":""""}]",,,,Moti bakery,,0,0,0,0,0,,Cake 959,General,1200.0,,3,active,https://jygsbebawnkvyaqohxes.supabase.co/storage/v1/object/public/cake-images/converted_webp/resized_192.webp,2025-02-05 14:36:50+00,2026-05-07 15:24:41.372018+00,3.0,
dd988774-f3fa-470c-9349-e89a6854e49f,cake-960,Cake 960,Title,-,flavours,"[{""name"":""Pineapple"",""price"":""1200.0"",""customName"":""""},{""name"":""Butter Scotch"",""price"":""1200.0"",""customName"":""""},{""name"":""Strawberry"",""price"":""1200.0"",""customName"":""""}]",,,,Moti bakery,,0,0,0,0,0,,Cake 960,General,1200.0,,3,active,https://jygsbebawnkvyaqohxes.supabase.co/storage/v1/object/public/cake-images/converted_webp/00467.webp,2025-02-05 14:36:55+00,2026-05-07 15:24:41.824372+00,3.0,
de3be130-3d8d-4d7a-a361-4b08c8bc2fc3,cake-529,Cake 529,Title,-,flavours,"[{""name"":""Pineapple"",""price"":""725.0"",""customName"":""""},{""name"":""Butter Scotch"",""price"":""725.0"",""customName"":""""},{""name"":""Strawberry"",""price"":""725.0"",""customName"":""""},{""name"":""Almond Honey"",""price"":""725.0"",""customName"":""""},{""name"":""Caramel Crunch"",""price"":""725.0"",""customName"":""""},{""name"":""Redvelvet"",""price"":""725.0"",""customName"":""""}]",,,,Moti bakery,,0,0,0,0,0,,Cake 529,General,725.0,,6,active,https://jygsbebawnkvyaqohxes.supabase.co/storage/v1/object/public/cake-images/converted_webp/resized_FBIMG1580655355866.webp,2025-02-05 16:23:50+00,2026-05-07 15:22:15.400065+00,6.0,
de64409d-286e-4b1a-8ebe-32dccf3e8a17,cake-138,Cake 138,Title,-,flavours,"[{""name"":""Pineapple"",""price"":""650.0"",""customName"":""""},{""name"":""Butter Scotch"",""price"":""650.0"",""customName"":""""},{""name"":""Strawberry"",""price"":""650.0"",""customName"":""""}]",,,,Moti bakery,,0,0,0,0,0,,Cake 138,General,650.0,,3,active,https://jygsbebawnkvyaqohxes.supabase.co/storage/v1/object/public/cake-images/converted_webp/resized_0138.webp,2025-02-05 14:09:37+00,2026-05-07 15:20:14.868579+00,1.0,
def9a867-00e3-4fd4-967d-ca0d46ffa7db,cake-58,Cake 58,Title,-,flavours,"[{""name"":""Pineapple"",""price"":""675.0"",""customName"":""""},{""name"":""Butter Scotch"",""price"":""675.0"",""customName"":""""},{""name"":""Strawberry"",""price"":""675.0"",""customName"":""""}]",,,,Moti bakery,,0,0,0,0,0,,Cake 58,General,675.0,,3,active,https://jygsbebawnkvyaqohxes.supabase.co/storage/v1/object/public/cake-images/converted_webp/00058.webp,2025-02-05 14:09:37+00,2026-05-07 15:19:29.422782+00,1.0,
df4700d7-d175-44bc-bb21-80f4f979006b,cake-1099,Cake 1099,Title,-,flavours,"[{""name"":""Pineapple"",""price"":""1200.0"",""customName"":""""},{""name"":""Btter Scotch"",""price"":""1200.0"",""customName"":""""},{""name"":""Strawberry"",""price"":""1200.0"",""customName"":""""}]",,,,Moti bakery,,0,0,0,0,0,,Cake 1099,General,1200.0,,3,active,https://jygsbebawnkvyaqohxes.supabase.co/storage/v1/object/public/cake-images/converted_webp/resized_FBIMG1580654901957.webp,2025-02-05 14:47:46+00,2026-05-07 15:26:00.152287+00,3.0,
df7adbee-f8a5-4f66-814d-319ea64da4f5,cake-1233,Cake 1233,Title,-,flavours,"[{""name"":""Butterscotch"",""price"":""825.0"",""customName"":""""},{""name"":""Strawberry"",""price"":""825.0"",""customName"":""""},{""name"":""Pineapple"",""price"":""825.0"",""customName"":""""},{""name"":""Black Forest"",""price"":""825.0"",""customName"":""""},{""name"":""Mix Fruit"",""price"":""825.0"",""customName"":""""},{""name"":""Almond Honey"",""price"":""825.0"",""customName"":""""},{""name"":""Choco Crunch"",""price"":""825.0"",""customName"":""""},{""name"":""Rainbow"",""price"":""825.0"",""customName"":""""},{""name"":""Choco Vanilla"",""price"":""825.0"",""customName"":""""},{""name"":""White Forest"",""price"":""825.0"",""customName"":""""}]",,,,Moti bakery,,0,0,0,0,0,,Cake 1233,General,825.0,,10,active,https://jygsbebawnkvyaqohxes.supabase.co/storage/v1/object/public/cake-images/converted_webp/resized_1652699507.webp,2025-02-05 14:09:37+00,2026-05-07 15:27:37.231033+00,4.0,
df7c8efc-5dbd-45da-982d-d9e8c28968a6,cake-77,Cake 77,Title,-,flavours,"[{""name"":""Pineapple"",""price"":""675.0"",""customName"":""""},{""name"":""Butter Scotch"",""price"":""675.0"",""customName"":""""},{""name"":""Strawberry"",""price"":""675.0"",""customName"":""""}]",,,,Moti bakery,,0,0,0,0,0,,Cake 77,General,675.0,,3,active,https://jygsbebawnkvyaqohxes.supabase.co/storage/v1/object/public/cake-images/converted_webp/00077.webp,2025-02-05 14:09:37+00,2026-05-07 15:19:39.940378+00,2.0,
dfa48479-f49c-4364-aa80-3a4408be724d,cake-929,Cake 929,Title,-,flavours,"[{""name"":""Pineapple"",""price"":""1200.0"",""customName"":""""},{""name"":""Butters Cotch"",""price"":""1200.0"",""customName"":""""},{""name"":""Strawberry"",""price"":""1200.0"",""customName"":""""}]",,,,Moti bakery,,0,0,0,0,0,,Cake 929,General,1200.0,,3,active,https://jygsbebawnkvyaqohxes.supabase.co/storage/v1/object/public/cake-images/converted_webp/00436.webp,2025-02-05 14:29:19+00,2026-05-07 15:24:23.806547+00,4.0,
e05e282f-9902-4f3c-a6ac-c2e1f371118d,cake-33,Cake 33,Title,-,flavours,"[{""name"":""Pineapple"",""price"":""650.0"",""customName"":""""},{""name"":""Butter Scotch"",""price"":""650.0"",""customName"":""""},{""name"":""Strawberry"",""price"":""650.0"",""customName"":""""}]",,,,Moti bakery,,0,0,0,0,0,,Cake 33,General,650.0,,3,active,https://jygsbebawnkvyaqohxes.supabase.co/storage/v1/object/public/cake-images/converted_webp/resized_033.webp,2025-02-05 14:09:37+00,2026-05-07 15:19:14.611512+00,2.0,
e0ab4924-b5dc-4d7f-b242-7cd37e860179,cake-970,Cake 970,Title,-,flavours,"[{""name"":""Pineapple"",""price"":""1200.0"",""customName"":""""},{""name"":""Butter Scotch"",""price"":""1200.0"",""customName"":""""},{""name"":""Strawberry"",""price"":""1200.0"",""customName"":""""}]",,,,Moti bakery,,0,0,0,0,0,,Cake 970,General,1200.0,,3,active,https://jygsbebawnkvyaqohxes.supabase.co/storage/v1/object/public/cake-images/converted_webp/00478.webp,2025-02-05 14:47:46+00,2026-05-07 15:24:47.226258+00,2.5,
e0b36f33-3177-4ee2-ba39-aacc8426e473,cake-443,Cake 443,Title,-,flavours,"[{""name"":""Pineapple"",""price"":""675.0"",""customName"":""""},{""name"":""Butter Scotch"",""price"":""675.0"",""customName"":""""},{""name"":""Strawberry"",""price"":""675.0"",""customName"":""""}]",,,,Moti bakery,,0,0,0,0,0,,Cake 443,General,675.0,,3,active,https://jygsbebawnkvyaqohxes.supabase.co/storage/v1/object/public/cake-images/converted_webp/resized_251.webp,2025-02-05 14:09:37+00,2026-05-07 15:21:25.805798+00,3.0,
e0d1e122-85fb-4df1-95f1-e40eb0ab542e,cake-39,Cake 39,Title,-,flavours,"[{""name"":""Red Velvet"",""price"":""800.0"",""customName"":""""}]",,,,Moti bakery,,0,0,0,0,0,,Cake 39,General,800.0,,1,active,https://jygsbebawnkvyaqohxes.supabase.co/storage/v1/object/public/cake-images/converted_webp/00039.webp,2025-02-05 14:09:37+00,2026-05-07 15:19:19.031045+00,1.0,
e14df3d7-877b-456e-9f8a-df68c553b239,cake-464,Cake 464,Title,-,flavours,"[{""name"":""Choco Truffle"",""price"":""875.0"",""customName"":""""}]",,,,Moti bakery,,0,0,0,0,0,,Cake 464,General,875.0,,1,active,https://jygsbebawnkvyaqohxes.supabase.co/storage/v1/object/public/cake-images/converted_webp/resized_243.webp,2025-02-05 14:09:37+00,2026-05-07 15:21:37.096152+00,3.5,
e1519eb7-6cac-40ac-8103-e8ba2922b21d,cake-488,Cake 488,Title,-,flavours,"[{""name"":""Pineapple"",""price"":""675.0"",""customName"":""""},{""name"":""Butter Scotch"",""price"":""675.0"",""customName"":""""},{""name"":""Strawberry"",""price"":""675.0"",""customName"":""""},{""name"":""Almond Honey"",""price"":""675.0"",""customName"":""""},{""name"":""Caramel Crunch"",""price"":""675.0"",""customName"":""""},{""name"":""Redvelvet"",""price"":""675.0"",""customName"":""""}]",,,,Moti bakery,,0,0,0,0,0,,Cake 488,General,675.0,,6,active,https://jygsbebawnkvyaqohxes.supabase.co/storage/v1/object/public/cake-images/converted_webp/resized_1576596634204.webp,2025-02-05 16:17:01+00,2026-05-07 15:21:51.034294+00,6.0,
e196a8ff-f2cd-4abe-9405-afbee9c2a5b0,cake-1178,Cake 1178,Title,-,flavours,"[{""name"":""Butterscotch"",""price"":""725.0"",""customName"":""""},{""name"":""Strawberry"",""price"":""725.0"",""customName"":""""},{""name"":""Pineapple"",""price"":""725.0"",""customName"":""""},{""name"":""Black Forest"",""price"":""725.0"",""customName"":""""},{""name"":""Mix Fruit"",""price"":""725.0"",""customName"":""""},{""name"":""Almond Honey"",""price"":""725.0"",""customName"":""""},{""name"":""Choco Crunch"",""price"":""725.0"",""customName"":""""},{""name"":""Rainbow"",""price"":""725.0"",""customName"":""""},{""name"":""Choco Vanilla"",""price"":""725.0"",""customName"":""""},{""name"":""White Forest"",""price"":""725.0"",""customName"":""""}]",,,,Moti bakery,,0,0,0,0,0,,Cake 1178,General,725.0,,10,active,https://jygsbebawnkvyaqohxes.supabase.co/storage/v1/object/public/cake-images/converted_webp/resized_1652694784.webp,2025-02-05 14:09:37+00,2026-05-07 15:27:06.870026+00,4.0,
e1b7eed0-74fd-43c4-9cd5-5540f6919246,cake-1332,Cake 1332,Title,-,flavours,"[{""name"":""Butterscotch"",""price"":""1200.0"",""customName"":""""},{""name"":""Strawberry"",""price"":""1200.0"",""customName"":""""},{""name"":""Pineapple"",""price"":""1200.0"",""customName"":""""},{""name"":""Black Forest"",""price"":""1200.0"",""customName"":""""},{""name"":""Mix Fruit"",""price"":""1200.0"",""customName"":""""},{""name"":""Almond Honey"",""price"":""1200.0"",""customName"":""""},{""name"":""Choco Crunch"",""price"":""1200.0"",""customName"":""""},{""name"":""Rainbow"",""price"":""1200.0"",""customName"":""""},{""name"":""Choco Vanilla"",""price"":""1200.0"",""customName"":""""},{""name"":""White Forest"",""price"":""1200.0"",""customName"":""""}]",,,,Moti bakery,,0,0,0,0,0,,Cake 1332,General,1200.0,,10,active,https://jygsbebawnkvyaqohxes.supabase.co/storage/v1/object/public/cake-images/converted_webp/resized_1652710173.webp,2025-02-05 14:47:46+00,2026-05-07 15:28:27.619004+00,5.0,
e2496854-c220-4933-8721-e29f3755f9d1,cake-462,Cake 462,Title,-,flavours,"[{""name"":""Pineapple"",""price"":""700.0"",""customName"":""""},{""name"":""Butter Scotch"",""price"":""700.0"",""customName"":""""},{""name"":""Strawberry"",""price"":""700.0"",""customName"":""""}]",,,,Moti bakery,,0,0,0,0,0,,Cake 462,General,700.0,,3,active,https://jygsbebawnkvyaqohxes.supabase.co/storage/v1/object/public/cake-images/converted_webp/resized_241.webp,2025-02-05 14:09:37+00,2026-05-07 15:21:35.88808+00,3.0,
e2498b55-cf68-4207-9127-1f8158c77b47,cake-850,Cake 850,Title,-,flavours,"[{""name"":""Pineapple"",""price"":""700.0"",""customName"":""""},{""name"":""Butterscotch"",""price"":""700.0"",""customName"":""""},{""name"":""Strawberry"",""price"":""700.0"",""customName"":""""},{""name"":""Caramel Crunch"",""price"":""700.0"",""customName"":""""},{""name"":""Red Velvet"",""price"":""700.0"",""customName"":""""},{""name"":""Almond Honey"",""price"":""700.0"",""customName"":""""}]",,,,Moti bakery,,0,0,0,0,0,,Cake 850,General,700.0,,6,active,https://jygsbebawnkvyaqohxes.supabase.co/storage/v1/object/public/cake-images/converted_webp/resized_IMG20190201WA0008.webp,2025-02-05 16:37:36+00,2026-05-07 15:24:01.119927+00,2.5,
e27795a5-ae96-4461-bc54-3699d1106a4d,cake-914,Cake 914,Title,-,flavours,"[{""name"":""Pineapple"",""price"":""1200.0"",""customName"":""""},{""name"":""Butter Scotch"",""price"":""1200.0"",""customName"":""""},{""name"":""Strawberry"",""price"":""1200.0"",""customName"":""""}]",,,,Moti bakery,,0,0,0,0,0,,Cake 914,General,1200.0,,3,active,https://jygsbebawnkvyaqohxes.supabase.co/storage/v1/object/public/cake-images/converted_webp/004212.webp,2025-02-05 14:26:23+00,2026-05-07 15:24:15.960408+00,4.0,
e2b9e5c5-a71e-42b2-9970-b5d6495223b8,cake-1338,Cake 1338,Title,-,flavours,"[{""name"":""Butterscotch"",""price"":""1200.0"",""customName"":""""},{""name"":""Strawberry"",""price"":""1200.0"",""customName"":""""},{""name"":""Pineapple"",""price"":""1200.0"",""customName"":""""},{""name"":""Black Forest"",""price"":""1200.0"",""customName"":""""},{""name"":""Mix Fruit"",""price"":""1200.0"",""customName"":""""},{""name"":""Almond Honey"",""price"":""1200.0"",""customName"":""""},{""name"":""Choco Crunch"",""price"":""1200.0"",""customName"":""""},{""name"":""Rainbow"",""price"":""1200.0"",""customName"":""""},{""name"":""Choco Vanilla"",""price"":""1200.0"",""customName"":""""},{""name"":""White Forest"",""price"":""1200.0"",""customName"":""""}]",,,,Moti bakery,,0,0,0,0,0,,Cake 1338,General,1200.0,,10,active,https://jygsbebawnkvyaqohxes.supabase.co/storage/v1/object/public/cake-images/converted_webp/resized_1652766752.webp,2025-02-05 14:47:46+00,2026-05-07 15:28:30.659972+00,5.0,
e2bf95d8-8d83-4736-bb40-be450c9a6732,cake-155,Cake 155,Title,-,flavours,"[{""name"":""Pineapple"",""price"":""650.0"",""customName"":""""},{""name"":""Butter Scotch"",""price"":""650.0"",""customName"":""""},{""name"":""Strawberry"",""price"":""650.0"",""customName"":""""}]",,,,Moti bakery,,0,0,0,0,0,,Cake 155,General,650.0,,3,active,https://jygsbebawnkvyaqohxes.supabase.co/storage/v1/object/public/cake-images/converted_webp/resized_0155.webp,2025-02-05 14:09:37+00,2026-05-07 15:20:23.797452+00,1.0,
e2d7bf8a-6be0-485d-b12b-0826257e2b9a,cake-223,Cake 223,Title,-,flavours,"[{""name"":""Butterscotch"",""price"":""700.0"",""customName"":""""},{""name"":""Black Forest"",""price"":""700.0"",""customName"":""""},{""name"":""Almond Honey"",""price"":""700.0"",""customName"":""""},{""name"":""Choco Crunch"",""price"":""700.0"",""customName"":""""},{""name"":""Choco Vanilla"",""price"":""700.0"",""customName"":""""}]",,,,Moti bakery,,0,0,0,0,0,,Cake 223,General,700.0,,5,active,https://jygsbebawnkvyaqohxes.supabase.co/storage/v1/object/public/cake-images/converted_webp/resized_1652704505.webp,2025-02-05 14:09:37+00,2026-05-07 15:21:00.356971+00,2.0,
e2f9c942-4eab-4d69-854f-7fe6ddf94a61,cake-204,Cake 204,Title,-,flavours,"[{""name"":""Pineapple"",""price"":""700.0"",""customName"":""""},{""name"":""Butter Scotch"",""price"":""700.0"",""customName"":""""},{""name"":""Strawberry"",""price"":""700.0"",""customName"":""""},{""name"":""Almond Honey"",""price"":""700.0"",""customName"":""""},{""name"":""Caramel Crunch"",""price"":""700.0"",""customName"":""""},{""name"":""Redvelvet"",""price"":""700.0"",""customName"":""""}]",,,,Moti bakery,,0,0,0,0,0,,Cake 204,General,700.0,,6,active,https://jygsbebawnkvyaqohxes.supabase.co/storage/v1/object/public/cake-images/converted_webp/resized_FBIMG1562518309752.webp,2025-02-05 15:50:28+00,2026-05-07 15:20:49.814015+00,1.5,
e30a98c8-0340-41bc-8d9a-86a1e5386144,cake-445,Cake 445,Title,-,flavours,"[{""name"":""Pineapple"",""price"":""675.0"",""customName"":""""},{""name"":""Butter Scotch"",""price"":""675.0"",""customName"":""""},{""name"":""Strawberry"",""price"":""675.0"",""customName"":""""}]",,,,Moti bakery,,0,0,0,0,0,,Cake 445,General,675.0,,3,active,https://jygsbebawnkvyaqohxes.supabase.co/storage/v1/object/public/cake-images/converted_webp/resized_253.webp,2025-02-05 14:09:37+00,2026-05-07 15:21:26.756785+00,3.0,
e30d7fe8-f96a-4782-8dc6-573ee030bf59,cake-84,Cake 84,Title,-,flavours,"[{""name"":""Pineapple"",""price"":""675.0"",""customName"":""""},{""name"":""Butter Scotch"",""price"":""675.0"",""customName"":""""},{""name"":""Strawberry"",""price"":""675.0"",""customName"":""""}]",,,,Moti bakery,,0,0,0,0,0,,Cake 84,General,675.0,,3,active,https://jygsbebawnkvyaqohxes.supabase.co/storage/v1/object/public/cake-images/converted_webp/00084.webp,2025-02-05 14:09:37+00,2026-05-07 15:19:43.827153+00,2.0,
e3454898-4a13-400b-934b-cb41ec93ace5,cake-1041,Cake 1041,Title,-,flavours,"[{""name"":""Pineapple"",""price"":""1200.0"",""customName"":""""},{""name"":""Butter Scotch"",""price"":""1200.0"",""customName"":""""},{""name"":""Strawberry"",""price"":""1200.0"",""customName"":""""}]",,,,Moti bakery,,0,0,0,0,0,,Cake 1041,General,1200.0,,3,active,https://jygsbebawnkvyaqohxes.supabase.co/storage/v1/object/public/cake-images/converted_webp/resized_00549.webp,2025-02-05 14:48:44+00,2026-05-07 15:25:27.733484+00,3.0,
e36cba44-ff47-4deb-9862-3c5603658318,cake-37,Cake 37,Title,-,flavours,"[{""name"":""Pineapple"",""price"":""650.0"",""customName"":""""},{""name"":""Butter Scotch"",""price"":""650.0"",""customName"":""""},{""name"":""Strawberry"",""price"":""650.0"",""customName"":""""}]",,,,Moti bakery,,0,0,0,0,0,,Cake 37,General,650.0,,3,active,https://jygsbebawnkvyaqohxes.supabase.co/storage/v1/object/public/cake-images/converted_webp/00037.webp,2025-02-05 14:09:37+00,2026-05-07 15:19:17.765517+00,1.0,
e3707e89-b638-46f6-bf71-b64bd78ac93e,cake-49,Cake 49,Title,-,flavours,"[{""name"":""Pineapple"",""price"":""650.0"",""customName"":""""},{""name"":""Butter Scotch"",""price"":""650.0"",""customName"":""""},{""name"":""Strawberry"",""price"":""650.0"",""customName"":""""}]",,,,Moti bakery,,0,0,0,0,0,,Cake 49,General,650.0,,3,active,https://jygsbebawnkvyaqohxes.supabase.co/storage/v1/object/public/cake-images/converted_webp/00049.webp,2025-02-05 14:09:37+00,2026-05-07 15:19:24.468115+00,1.0,
e3c5f618-fa5d-4c8c-9dcf-af070d5bb6be,cake-1224,Cake 1224,Title,-,flavours,"[{""name"":""Butterscotch"",""price"":""775.0"",""customName"":""""},{""name"":""Strawberry"",""price"":""775.0"",""customName"":""""},{""name"":""Pineapple"",""price"":""775.0"",""customName"":""""},{""name"":""Black Forest"",""price"":""775.0"",""customName"":""""},{""name"":""Mix Fruit"",""price"":""775.0"",""customName"":""""},{""name"":""Almond Honey"",""price"":""775.0"",""customName"":""""},{""name"":""Choco Crunch"",""price"":""775.0"",""customName"":""""},{""name"":""Rainbow"",""price"":""775.0"",""customName"":""""},{""name"":""Choco Vanilla"",""price"":""775.0"",""customName"":""""},{""name"":""White Forest"",""price"":""775.0"",""customName"":""""}]",,,,Moti bakery,,0,0,0,0,0,,Cake 1224,General,775.0,,10,active,https://jygsbebawnkvyaqohxes.supabase.co/storage/v1/object/public/cake-images/converted_webp/resized_1652699041.webp,2025-02-05 14:09:37+00,2026-05-07 15:27:32.424527+00,4.0,
e42dc9b3-82cc-48b6-b6b0-589acc5457b9,cake-714,Cake 714,Title,-,flavours,"[{""name"":""Pineapple"",""price"":""1200.0"",""customName"":""""},{""name"":""Butterscotch"",""price"":""1200.0"",""customName"":""""},{""name"":""Strawberry"",""price"":""1200.0"",""customName"":""""}]",,,,Moti bakery,,0,0,0,0,0,,Cake 714,General,1200.0,,3,active,https://jygsbebawnkvyaqohxes.supabase.co/storage/v1/object/public/cake-images/converted_webp/resized_315.webp,2025-02-05 14:16:07+00,2026-05-07 15:22:52.359141+00,5.0,
e481c859-b2c8-4911-b0a3-032e21d5099b,cake-419,Cake 419,Title,-,flavours,"[{""name"":""Pineapple"",""price"":""675.0"",""customName"":""""},{""name"":""Butter Scotch"",""price"":""675.0"",""customName"":""""},{""name"":""Strawberry"",""price"":""675.0"",""customName"":""""}]",,,,Moti bakery,,0,0,0,0,0,,Cake 419,General,675.0,,3,active,https://jygsbebawnkvyaqohxes.supabase.co/storage/v1/object/public/cake-images/converted_webp/resized_206.webp,2025-02-05 14:09:37+00,2026-05-07 15:21:13.34183+00,3.0,
e50d7821-a65f-4158-900c-c9b6d2595f19,cake-1053,Cake 1053,Title,-,flavours,"[{""name"":""Pineapple"",""price"":""1200.0"",""customName"":""""},{""name"":""Butter Scotch"",""price"":""1200.0"",""customName"":""""},{""name"":""Strawberry"",""price"":""1200.0"",""customName"":""""}]",,,,Moti bakery,,0,0,0,0,0,,Cake 1053,General,1200.0,,3,active,https://jygsbebawnkvyaqohxes.supabase.co/storage/v1/object/public/cake-images/converted_webp/resized_00560.webp,2025-02-05 14:48:44+00,2026-05-07 15:25:34.141652+00,2.5,
e5806408-b3e1-4ba7-acdf-899bd9ff8ac8,cake-638,Cake 638,Title,-,flavours,"[{""name"":""Chocolate Cream Cake"",""price"":""825.0"",""customName"":""""}]",,,,Moti bakery,,0,0,0,0,0,,Cake 638,General,825.0,,1,active,https://jygsbebawnkvyaqohxes.supabase.co/storage/v1/object/public/cake-images/converted_webp/resized_278.webp,2025-02-05 14:09:37+00,2026-05-07 15:22:31.990925+00,2.0,
e5bbe581-6601-41b7-b382-5a7484bfb372,cake-1238,Cake 1238,Title,-,flavours,"[{""name"":""Butterscotch"",""price"":""700.0"",""customName"":""""},{""name"":""Strawberry"",""price"":""700.0"",""customName"":""""},{""name"":""Pineapple"",""price"":""700.0"",""customName"":""""},{""name"":""Black Forest"",""price"":""700.0"",""customName"":""""},{""name"":""Mix Fruit"",""price"":""700.0"",""customName"":""""},{""name"":""Almond Honey"",""price"":""700.0"",""customName"":""""},{""name"":""Choco Crunch"",""price"":""700.0"",""customName"":""""},{""name"":""Rainbow"",""price"":""700.0"",""customName"":""""},{""name"":""Choco Vanilla"",""price"":""700.0"",""customName"":""""},{""name"":""White Forest"",""price"":""700.0"",""customName"":""""}]",,,,Moti bakery,,0,0,0,0,0,,Cake 1238,General,700.0,,10,active,https://jygsbebawnkvyaqohxes.supabase.co/storage/v1/object/public/cake-images/converted_webp/resized_1652699728.webp,2025-02-05 14:09:37+00,2026-05-07 15:27:41.121537+00,3.0,
e5bea53b-70ab-4f6e-8ff8-f30d989822ed,cake-176,Cake 176,Title,-,flavours,"[{""name"":""Pineapple"",""price"":""675.0"",""customName"":""""},{""name"":""Butter Scotch"",""price"":""675.0"",""customName"":""""},{""name"":""Strawberry"",""price"":""675.0"",""customName"":""""}]",,,,Moti bakery,,0,0,0,0,0,,Cake 176,General,675.0,,3,active,https://jygsbebawnkvyaqohxes.supabase.co/storage/v1/object/public/cake-images/converted_webp/resized_0176.webp,2025-02-05 14:09:37+00,2026-05-07 15:20:34.498062+00,2.0,
e65ba392-a639-4a20-9016-613ef436da61,cake-634,Cake 634,Title,-,flavours,"[{""name"":""Chocolate Cream Cake"",""price"":""875.0"",""customName"":""""}]",,,,Moti bakery,,0,0,0,0,0,,Cake 634,General,875.0,,1,active,https://jygsbebawnkvyaqohxes.supabase.co/storage/v1/object/public/cake-images/converted_webp/resized_274.webp,2025-02-05 14:09:37+00,2026-05-07 15:22:30.054443+00,2.0,
e693617a-cc26-4181-8a0f-364a42acfe2a,cake-792,Cake 792,Title,-,flavours,"[{""name"":""Pineapple"",""price"":""675.0"",""customName"":""""},{""name"":""Butter Scotch"",""price"":""675.0"",""customName"":""""},{""name"":""Strawberry"",""price"":""675.0"",""customName"":""""}]",,,,Moti bakery,,0,0,0,0,0,,Cake 792,General,675.0,,3,active,https://jygsbebawnkvyaqohxes.supabase.co/storage/v1/object/public/cake-images/converted_webp/resized_1576604961923.webp,2025-02-05 16:32:47+00,2026-05-07 15:23:34.021859+00,3.0,
e6a55e8c-d590-40d0-b8a4-7817a5fe6c32,cake-1035,Cake 1035,Title,-,flavours,"[{""name"":""Pineapple"",""price"":""1200.0"",""customName"":""""},{""name"":""Butter Scotch"",""price"":""1200.0"",""customName"":""""},{""name"":""Strawberry"",""price"":""1200.0"",""customName"":""""}]",,,,Moti bakery,,0,0,0,0,0,,Cake 1035,General,1200.0,,3,active,https://jygsbebawnkvyaqohxes.supabase.co/storage/v1/object/public/cake-images/converted_webp/resized_00543.webp,2025-02-05 14:47:46+00,2026-05-07 15:25:24.645944+00,3.0,
e6de6e56-da25-43f8-ab57-b8dd70ecaa95,cake-92,Cake 92,Title,-,flavours,"[{""name"":""Pineapple"",""price"":""25.0"",""customName"":""""},{""name"":""Butter Scotch"",""price"":""25.0"",""customName"":""""},{""name"":""Strawberry"",""price"":""25.0"",""customName"":""""}]",,,,Moti bakery,,0,0,0,0,0,,Cake 92,General,25.0,,3,active,https://jygsbebawnkvyaqohxes.supabase.co/storage/v1/object/public/cake-images/converted_webp/00092.webp,2025-02-05 14:09:37+00,2026-05-07 15:19:49.163857+00,2.0,
e737bef5-eb40-441d-befd-f2a34d023340,cake-940,Cake 940,Title,-,flavours,"[{""name"":""Pineapple"",""price"":""1200.0"",""customName"":""""},{""name"":""Butter Scotch"",""price"":""1200.0"",""customName"":""""},{""name"":""Strawberry"",""price"":""1200.0"",""customName"":""""}]",,,,Moti bakery,,0,0,0,0,0,,Cake 940,General,1200.0,,3,active,https://jygsbebawnkvyaqohxes.supabase.co/storage/v1/object/public/cake-images/converted_webp/00447.webp,2025-02-05 14:31:06+00,2026-05-07 15:24:30.866629+00,3.0,
e81214cc-8ad0-4b93-9512-23719cc40764,cake-24,Cake 24,Title,-,flavours,"[{""name"":""Pineapple"",""price"":""725.00"",""customName"":""""},{""name"":""Butterscotch"",""price"":""700"",""customName"":""""},{""name"":""Strawberry"",""price"":""700"",""customName"":""""}]",,,,Moti bakery,,0,0,0,0,0,,Cake 24,General,700,,3,active,https://jygsbebawnkvyaqohxes.supabase.co/storage/v1/object/public/cake-images/converted_webp/00024.webp,2026-04-01 08:33:40.519523+00,2026-05-07 15:19:08.462862+00,,
e8222004-808d-4600-9174-c6ec038c3850,cake-1220,Cake 1220,Title,-,flavours,"[{""name"":""Butterscotch"",""price"":""775.0"",""customName"":""""},{""name"":""Strawberry"",""price"":""775.0"",""customName"":""""},{""name"":""Pineapple"",""price"":""775.0"",""customName"":""""},{""name"":""Black Forest"",""price"":""775.0"",""customName"":""""},{""name"":""Mix Fruit"",""price"":""775.0"",""customName"":""""},{""name"":""Almond Honey"",""price"":""775.0"",""customName"":""""},{""name"":""Choco Crunch"",""price"":""775.0"",""customName"":""""},{""name"":""Rainbow"",""price"":""775.0"",""customName"":""""},{""name"":""Choco Vanilla"",""price"":""775.0"",""customName"":""""},{""name"":""White Forest"",""price"":""775.0"",""customName"":""""}]",,,,Moti bakery,,0,0,0,0,0,,Cake 1220,General,775.0,,10,active,https://jygsbebawnkvyaqohxes.supabase.co/storage/v1/object/public/cake-images/converted_webp/resized_1652698861.webp,2025-02-05 14:09:37+00,2026-05-07 15:27:30.372837+00,3.0,
e84de4f5-9e70-4516-a03a-644fcaac1228,cake-1082,Cake 1082,Title,-,flavours,"[{""name"":""Pineapple"",""price"":""1100.0"",""customName"":""""},{""name"":""Butter Scotch"",""price"":""1100.0"",""customName"":""""},{""name"":""Stawberry"",""price"":""1100.0"",""customName"":""""},{""name"":""Caramel Crunch"",""price"":""1100.0"",""customName"":""""},{""name"":""Almond Honey"",""price"":""1100.0"",""customName"":""""},{""name"":""Redvelvet"",""price"":""1100.0"",""customName"":""""}]",,,,Moti bakery,,0,0,0,0,0,,Cake 1082,General,1100.0,,6,active,https://jygsbebawnkvyaqohxes.supabase.co/storage/v1/object/public/cake-images/converted_webp/resized_1576604905059.webp,2025-02-05 14:48:44+00,2026-05-07 15:25:50.1303+00,2.5,
e886d8e6-ef0a-4630-bce6-2ed349e72c48,cake-1344,Cake 1344,Title,-,flavours,"[{""name"":""Butterscotch"",""price"":""1200.0"",""customName"":""""},{""name"":""Strawberry"",""price"":""1200.0"",""customName"":""""},{""name"":""Pineapple"",""price"":""1200.0"",""customName"":""""},{""name"":""Black Forest"",""price"":""1200.0"",""customName"":""""},{""name"":""Mix Fruit"",""price"":""1200.0"",""customName"":""""},{""name"":""Almond Honey"",""price"":""1200.0"",""customName"":""""},{""name"":""Choco Crunch"",""price"":""1200.0"",""customName"":""""},{""name"":""Rainbow"",""price"":""1200.0"",""customName"":""""},{""name"":""Choco Vanilla"",""price"":""1200.0"",""customName"":""""},{""name"":""White Forest"",""price"":""1200.0"",""customName"":""""}]",,,,Moti bakery,,0,0,0,0,0,,Cake 1344,General,1200.0,,10,active,https://jygsbebawnkvyaqohxes.supabase.co/storage/v1/object/public/cake-images/converted_webp/resized_1652767057.webp,2025-02-05 14:47:46+00,2026-05-07 15:28:33.758536+00,5.0,
e9856770-10d1-4418-b857-bddb3308b8b5,cake-1175,Cake 1175,Title,-,flavours,"[{""name"":""Butterscotch"",""price"":""825.0"",""customName"":""""},{""name"":""Strawberry"",""price"":""825.0"",""customName"":""""},{""name"":""Pineapple"",""price"":""825.0"",""customName"":""""},{""name"":""Black Forest"",""price"":""825.0"",""customName"":""""},{""name"":""Mix Fruit"",""price"":""825.0"",""customName"":""""},{""name"":""Almond Honey"",""price"":""825.0"",""customName"":""""},{""name"":""Choco Crunch"",""price"":""825.0"",""customName"":""""},{""name"":""Rainbow"",""price"":""825.0"",""customName"":""""},{""name"":""Choco Vanilla"",""price"":""825.0"",""customName"":""""},{""name"":""White Forest"",""price"":""825.0"",""customName"":""""}]",,,,Moti bakery,,0,0,0,0,0,,Cake 1175,General,825.0,,10,active,https://jygsbebawnkvyaqohxes.supabase.co/storage/v1/object/public/cake-images/converted_webp/resized_1652693457.webp,2025-02-05 14:09:37+00,2026-05-07 15:27:05.396852+00,5.0,
ea4a49c4-9982-4013-9703-fee141f93a5d,cake-144,Cake 144,Title,-,flavours,"[{""name"":""Royal Chocolate"",""price"":""800.0"",""customName"":""""}]",,,,Moti bakery,,0,0,0,0,0,,Cake 144,General,800.0,,1,active,https://jygsbebawnkvyaqohxes.supabase.co/storage/v1/object/public/cake-images/converted_webp/resized_0144.webp,2025-02-05 14:09:37+00,2026-05-07 15:20:18.088968+00,1.0,
ea6d3e99-dd47-482d-aa62-ae44edfb3ac1,cake-540,Cake 540,Title,-,flavours,"[{""name"":""Pineapple"",""price"":""675.0"",""customName"":""""},{""name"":""Butter Scotch"",""price"":""675.0"",""customName"":""""},{""name"":""Strawberry"",""price"":""675.0"",""customName"":""""},{""name"":""Almond Honey"",""price"":""675.0"",""customName"":""""},{""name"":""Caramel Crunch"",""price"":""675.0"",""customName"":""""},{""name"":""Redvelvet"",""price"":""675.0"",""customName"":""""}]",,,,Moti bakery,,0,0,0,0,0,,Cake 540,General,675.0,,6,active,https://jygsbebawnkvyaqohxes.supabase.co/storage/v1/object/public/cake-images/converted_webp/resized_IMG20200823WA0048.webp,2025-02-05 16:25:52+00,2026-05-07 15:22:21.125685+00,8.0,
ea76b262-ca7a-42d9-b687-4afa7e03e9b8,cake-1147,Cake 1147,Title,-,flavours,"[{""name"":""Butterscotch"",""price"":""700.0"",""customName"":""""},{""name"":""Strawberry"",""price"":""700.0"",""customName"":""""},{""name"":""Pineapple"",""price"":""700.0"",""customName"":""""},{""name"":""Black Forest"",""price"":""700.0"",""customName"":""""},{""name"":""Mix Fruit"",""price"":""700.0"",""customName"":""""},{""name"":""Almond Honey"",""price"":""700.0"",""customName"":""""},{""name"":""Choco Crunch"",""price"":""700.0"",""customName"":""""},{""name"":""Rainbow"",""price"":""700.0"",""customName"":""""},{""name"":""Choco Vanilla"",""price"":""700.0"",""customName"":""""},{""name"":""White Forest"",""price"":""700.0"",""customName"":""""}]",,,,Moti bakery,,0,0,0,0,0,,Cake 1147,General,700.0,,10,active,https://jygsbebawnkvyaqohxes.supabase.co/storage/v1/object/public/cake-images/converted_webp/resized_1652687299.webp,2025-02-05 14:09:37+00,2026-05-07 15:26:49.209253+00,6.0,
eaa7f8d6-5567-4adb-9119-d092b4682864,cake-1046,Cake 1046,Title,-,flavours,"[{""name"":""Pineapple"",""price"":""1200.0"",""customName"":""""},{""name"":""Butter Scotch"",""price"":""1200.0"",""customName"":""""},{""name"":""Strawberry"",""price"":""1200.0"",""customName"":""""}]",,,,Moti bakery,,0,0,0,0,0,,Cake 1046,General,1200.0,,3,active,https://jygsbebawnkvyaqohxes.supabase.co/storage/v1/object/public/cake-images/converted_webp/resized_00539.webp,2025-02-05 14:48:44+00,2026-05-07 15:25:30.791651+00,2.0,
eabc5c12-9f2e-4758-8d42-df578f2eec07,cake-707,Cake 707,Title,-,flavours,"[{""name"":""Pineapple"",""price"":""725.0"",""customName"":""""},{""name"":""Butter Scotch"",""price"":""725.0"",""customName"":""""},{""name"":""Strawberry"",""price"":""725.0"",""customName"":""""}]",,,,Moti bakery,,0,0,0,0,0,,Cake 707,General,725.0,,3,active,https://jygsbebawnkvyaqohxes.supabase.co/storage/v1/object/public/cake-images/converted_webp/resized_308.webp,2025-02-05 14:09:37+00,2026-05-07 15:22:48.819388+00,3.0,
eace7b35-05aa-47df-95b5-784432459740,cake-510,Cake 510,Title,-,flavours,"[{""name"":""Pineapple"",""price"":""675.0"",""customName"":""""},{""name"":""Butter Scotch"",""price"":""675.0"",""customName"":""""},{""name"":""Strawberry"",""price"":""675.0"",""customName"":""""},{""name"":""Almond Honey"",""price"":""675.0"",""customName"":""""},{""name"":""Caramel Crunch"",""price"":""675.0"",""customName"":""""},{""name"":""Redvelvet"",""price"":""675.0"",""customName"":""""}]",,,,Moti bakery,,0,0,0,0,0,,Cake 510,General,675.0,,6,active,https://jygsbebawnkvyaqohxes.supabase.co/storage/v1/object/public/cake-images/converted_webp/resized_FBIMG1562560524760.webp,2025-02-05 16:20:40+00,2026-05-07 15:22:04.017939+00,6.0,
eb149615-8da1-4075-b401-44c10f05736d,cake-517,Cake 517,Title,-,flavours,"[{""name"":""Pineapple"",""price"":""675.0"",""customName"":""""},{""name"":""Butter Scotch"",""price"":""675.0"",""customName"":""""},{""name"":""Strawberry"",""price"":""675.0"",""customName"":""""},{""name"":""Almond Honey"",""price"":""675.0"",""customName"":""""},{""name"":""Caramel Crunch"",""price"":""675.0"",""customName"":""""},{""name"":""Redvelvet"",""price"":""675.0"",""customName"":""""}]",,,,Moti bakery,,0,0,0,0,0,,Cake 517,General,675.0,,6,active,https://jygsbebawnkvyaqohxes.supabase.co/storage/v1/object/public/cake-images/converted_webp/resized_IMG20180927WA0009.webp,2025-02-05 16:22:13+00,2026-05-07 15:22:08.647771+00,6.0,
eb67e4d4-641a-4f00-a2ca-fd363b200304,cake-70,Cake 70,Title,-,flavours,"[{""name"":""Pineapple"",""price"":""675.0"",""customName"":""""},{""name"":""Butter Scotch"",""price"":""675.0"",""customName"":""""},{""name"":""Strawberry"",""price"":""675.0"",""customName"":""""}]",,,,Moti bakery,,0,0,0,0,0,,Cake 70,General,675.0,,3,active,https://jygsbebawnkvyaqohxes.supabase.co/storage/v1/object/public/cake-images/converted_webp/00070.webp,2025-02-05 14:09:37+00,2026-05-07 15:19:35.961356+00,2.5,
eb6a6914-801e-40c6-8809-e0a1edb70ee9,cake-1216,Cake 1216,Title,-,flavours,"[{""name"":""Butterscotch"",""price"":""725.0"",""customName"":""""},{""name"":""Strawberry"",""price"":""725.0"",""customName"":""""},{""name"":""Pineapple"",""price"":""725.0"",""customName"":""""},{""name"":""Black Forest"",""price"":""725.0"",""customName"":""""},{""name"":""Mix Fruit"",""price"":""725.0"",""customName"":""""},{""name"":""Almond Honey"",""price"":""725.0"",""customName"":""""},{""name"":""Choco Crunch"",""price"":""725.0"",""customName"":""""},{""name"":""Rainbow"",""price"":""725.0"",""customName"":""""},{""name"":""Choco Vanilla"",""price"":""725.0"",""customName"":""""},{""name"":""White Forest"",""price"":""725.0"",""customName"":""""}]",,,,Moti bakery,,0,0,0,0,0,,Cake 1216,General,725.0,,10,active,https://jygsbebawnkvyaqohxes.supabase.co/storage/v1/object/public/cake-images/converted_webp/resized_1652698320.webp,2025-02-05 14:09:37+00,2026-05-07 15:27:27.675782+00,5.0,
ebb9d219-025a-46cd-9a1d-ddf348e3af60,cake-188,Cake 188,Title,-,flavours,"[{""name"":""Pineapple"",""price"":""720.0"",""customName"":""""},{""name"":""Butter Scotch"",""price"":""720.0"",""customName"":""""},{""name"":""Strawberry"",""price"":""720.0"",""customName"":""""},{""name"":""Almond Honey"",""price"":""720.0"",""customName"":""""},{""name"":""Caramel Crunch"",""price"":""720.0"",""customName"":""""},{""name"":""Redvelvet"",""price"":""720.0"",""customName"":""""}]",,,,Moti bakery,,0,0,0,0,0,,Cake 188,General,720.0,,6,active,https://jygsbebawnkvyaqohxes.supabase.co/storage/v1/object/public/cake-images/converted_webp/resized_1576605162007.webp,2025-07-31 15:01:36+00,2026-05-07 15:20:40.46311+00,2.0,
ebcaf84e-ed3b-413b-ace5-128744d73553,cake-485,Cake 485,Title,-,flavours,"[{""name"":""Pineapple"",""price"":""675.0"",""customName"":""""},{""name"":""Butter Scotch"",""price"":""675.0"",""customName"":""""},{""name"":""Strawberry"",""price"":""675.0"",""customName"":""""},{""name"":""Almond Honey"",""price"":""675.0"",""customName"":""""},{""name"":""Caramel Crunch"",""price"":""675.0"",""customName"":""""},{""name"":""Redvelvet"",""price"":""675.0"",""customName"":""""}]",,,,Moti bakery,,0,0,0,0,0,,Cake 485,General,675.0,,6,active,https://jygsbebawnkvyaqohxes.supabase.co/storage/v1/object/public/cake-images/converted_webp/resized_1576053387140.webp,2025-02-05 16:16:40+00,2026-05-07 15:21:49.433289+00,4.5,
ec61fc1c-6136-4bfc-97d8-66fe08d887eb,cake-184,Cake 184,Title,-,flavours,"[{""name"":""Pineapple"",""price"":""675.0"",""customName"":""""},{""name"":""Butterscotch"",""price"":""675.0"",""customName"":""""},{""name"":""Strawberry"",""price"":""675.0"",""customName"":""""},{""name"":""Almond Honey"",""price"":""675.0"",""customName"":""""},{""name"":""Caramel Crunch"",""price"":""675.0"",""customName"":""""},{""name"":""Redvelvet"",""price"":""675.0"",""customName"":""""}]",,,,Moti bakery,,0,0,0,0,0,,Cake 184,General,675.0,,6,active,https://jygsbebawnkvyaqohxes.supabase.co/storage/v1/object/public/cake-images/converted_webp/resized_1576605135978.webp,2025-02-05 16:03:06+00,2026-05-07 15:20:38.46769+00,2.5,
ecec5a1a-3698-40e2-99a9-c8a2e5735bc7,cake-708,Cake 708,Title,-,flavours,"[{""name"":""Chocolate Truffle"",""price"":""875.0"",""customName"":""""}]",,,,Moti bakery,,0,0,0,0,0,,Cake 708,General,875.0,,1,active,https://jygsbebawnkvyaqohxes.supabase.co/storage/v1/object/public/cake-images/converted_webp/resized_309.webp,2025-02-05 14:09:37+00,2026-05-07 15:22:49.415196+00,4.0,
ed90c908-279b-4298-ab01-acb902bff01b,cake-34,Cake 34,Title,-,flavours,"[{""name"":""Pineapple"",""price"":""675.0"",""customName"":""""},{""name"":""Butter Scotch"",""price"":""675.0"",""customName"":""""},{""name"":""Strawberry"",""price"":""675.0"",""customName"":""""}]",,,,Moti bakery,,0,0,0,0,0,,Cake 34,General,675.0,,3,active,https://jygsbebawnkvyaqohxes.supabase.co/storage/v1/object/public/cake-images/converted_webp/00034.webp,2025-02-05 14:09:37+00,2026-05-07 15:19:15.210165+00,1.0,
edf4ceeb-ce1a-452d-b653-a28a50d5a922,cake-1207,Cake 1207,Title,-,flavours,"[{""name"":""Butterscotch"",""price"":""700.0"",""customName"":""""},{""name"":""Strawberry"",""price"":""700.0"",""customName"":""""},{""name"":""Pineapple"",""price"":""700.0"",""customName"":""""},{""name"":""Black Forest"",""price"":""700.0"",""customName"":""""},{""name"":""Mix Fruit"",""price"":""700.0"",""customName"":""""},{""name"":""Almond Honey"",""price"":""700.0"",""customName"":""""},{""name"":""Choco Crunch"",""price"":""700.0"",""customName"":""""},{""name"":""Rainbow"",""price"":""700.0"",""customName"":""""},{""name"":""Choco Vanilla"",""price"":""700.0"",""customName"":""""},{""name"":""White Forest"",""price"":""700.0"",""customName"":""""}]",,,,Moti bakery,,0,0,0,0,0,,Cake 1207,General,700.0,,10,active,https://jygsbebawnkvyaqohxes.supabase.co/storage/v1/object/public/cake-images/converted_webp/resized_1652697909.webp,2025-02-05 14:09:37+00,2026-05-07 15:27:23.199252+00,3.0,
ee64b3e0-9538-47e0-adc7-56c758993fff,cake-901,Cake 901,Title,-,flavours,"[{""name"":""Pineapple"",""price"":""825.0"",""customName"":""""},{""name"":""Butter Scotch"",""price"":""825.0"",""customName"":""""},{""name"":""Strawberry"",""price"":""825.0"",""customName"":""""}]",,,,Moti bakery,,0,0,0,0,0,,Cake 901,General,825.0,,3,active,https://jygsbebawnkvyaqohxes.supabase.co/storage/v1/object/public/cake-images/converted_webp/00408.webp,2025-02-05 14:09:37+00,2026-05-07 15:24:08.844125+00,8.0,
ee8ac0fd-1868-458e-b614-0be956d057e0,cake-1370,Cake 1370,Title,-,flavours,"[{""name"":""Butterscotch"",""price"":""1200.0"",""customName"":""""},{""name"":""Strawberry"",""price"":""1200.0"",""customName"":""""},{""name"":""Pineapple"",""price"":""1200.0"",""customName"":""""},{""name"":""Black Forest"",""price"":""1200.0"",""customName"":""""},{""name"":""Mix Fruit"",""price"":""1200.0"",""customName"":""""},{""name"":""Almond Honey"",""price"":""1200.0"",""customName"":""""},{""name"":""Choco Crunch"",""price"":""1200.0"",""customName"":""""},{""name"":""Rainbow"",""price"":""1200.0"",""customName"":""""},{""name"":""Choco Vanilla"",""price"":""1200.0"",""customName"":""""},{""name"":""White Forest"",""price"":""1200.0"",""customName"":""""}]",,,,Moti bakery,,0,0,0,0,0,,Cake 1370,General,1200.0,,10,active,https://jygsbebawnkvyaqohxes.supabase.co/storage/v1/object/public/cake-images/converted_webp/resized_1652768019.webp,2025-02-05 14:47:46+00,2026-05-07 15:28:48.706161+00,4.0,
eed1a784-a89b-419c-b34a-0c1892741c63,cake-942,Cake 942,Title,-,flavours,"[{""name"":""Pineapple"",""price"":""1200.0"",""customName"":""""},{""name"":""Butter Scotch"",""price"":""1200.0"",""customName"":""""},{""name"":""Strawberry"",""price"":""1200.0"",""customName"":""""}]",,,,Moti bakery,,0,0,0,0,0,,Cake 942,General,1200.0,,3,active,https://jygsbebawnkvyaqohxes.supabase.co/storage/v1/object/public/cake-images/converted_webp/00449.webp,2025-02-05 14:31:40+00,2026-05-07 15:24:31.883521+00,2.5,
eed8d657-fdfb-403c-beb4-90c863226481,cake-809,Cake 809,Title,-,flavours,"[{""name"":""Pineapple"",""price"":""700.0"",""customName"":""""},{""name"":""Butter Scotch"",""price"":""700.0"",""customName"":""""},{""name"":""Strawberry"",""price"":""700.0"",""customName"":""""}]",,,,Moti bakery,,0,0,0,0,0,,Cake 809,General,700.0,,3,active,https://jygsbebawnkvyaqohxes.supabase.co/storage/v1/object/public/cake-images/converted_webp/resized_374.webp,2025-02-05 14:09:37+00,2026-05-07 15:23:40.501046+00,2.5,
ef10f627-02e4-460a-87fe-f320b1de1750,cake-1234,Cake 1234,Title,-,flavours,"[{""name"":""Butterscotch"",""price"":""875.0"",""customName"":""""},{""name"":""Strawberry"",""price"":""875.0"",""customName"":""""},{""name"":""Pineapple"",""price"":""875.0"",""customName"":""""},{""name"":""Black Forest"",""price"":""875.0"",""customName"":""""},{""name"":""Mix Fruit"",""price"":""875.0"",""customName"":""""},{""name"":""Almond Honey"",""price"":""875.0"",""customName"":""""},{""name"":""Choco Crunch"",""price"":""875.0"",""customName"":""""},{""name"":""Rainbow"",""price"":""875.0"",""customName"":""""},{""name"":""Choco Vanilla"",""price"":""875.0"",""customName"":""""},{""name"":""White Forest"",""price"":""875.0"",""customName"":""""}]",,,,Moti bakery,,0,0,0,0,0,,Cake 1234,General,875.0,,10,active,https://jygsbebawnkvyaqohxes.supabase.co/storage/v1/object/public/cake-images/converted_webp/resized_1652699546.webp,2025-02-05 14:09:37+00,2026-05-07 15:27:38.699677+00,4.0,
ef39cbfc-84df-43f8-b132-6e7a6cf096b6,cake-944,Cake 944,Title,-,flavours,"[{""name"":""Pineapple"",""price"":""1200.0"",""customName"":""""},{""name"":""Butter Scotch"",""price"":""1200.0"",""customName"":""""},{""name"":""Strawberry"",""price"":""1200.0"",""customName"":""""}]",,,,Moti bakery,,0,0,0,0,0,,Cake 944,General,1200.0,,3,active,https://jygsbebawnkvyaqohxes.supabase.co/storage/v1/object/public/cake-images/converted_webp/00451.webp,2025-02-05 14:31:57+00,2026-05-07 15:24:33.513953+00,2.5,
ef908027-6455-4ed4-9928-1df8c8869e33,cake-794,Cake 794,Title,-,flavours,"[{""name"":""Pineapple"",""price"":""675.0"",""customName"":""""},{""name"":""Butter Scotch"",""price"":""675.0"",""customName"":""""},{""name"":""Strawberry"",""price"":""675.0"",""customName"":""""}]",,,,Moti bakery,,0,0,0,0,0,,Cake 794,General,675.0,,3,active,https://jygsbebawnkvyaqohxes.supabase.co/storage/v1/object/public/cake-images/converted_webp/resized_IMG20180927WA0022.webp,2025-02-05 16:33:04+00,2026-05-07 15:23:35.114304+00,5.0,
ef917e59-0a0f-4fbd-b993-c1b02c7b509c,cake-1179,Cake 1179,Title,-,flavours,"[{""name"":""Butterscotch"",""price"":""700.0"",""customName"":""""},{""name"":""Strawberry"",""price"":""700.0"",""customName"":""""},{""name"":""Pineapple"",""price"":""700.0"",""customName"":""""},{""name"":""Black Forest"",""price"":""700.0"",""customName"":""""},{""name"":""Mix Fruit"",""price"":""700.0"",""customName"":""""},{""name"":""Almond Honey"",""price"":""700.0"",""customName"":""""},{""name"":""Choco Crunch"",""price"":""700.0"",""customName"":""""},{""name"":""Rainbow"",""price"":""700.0"",""customName"":""""},{""name"":""Choco Vanilla"",""price"":""700.0"",""customName"":""""},{""name"":""White Forest"",""price"":""700.0"",""customName"":""""}]",,,,Moti bakery,,0,0,0,0,0,,Cake 1179,General,700.0,,10,active,https://jygsbebawnkvyaqohxes.supabase.co/storage/v1/object/public/cake-images/converted_webp/resized_1652694829.webp,2025-02-05 14:09:37+00,2026-05-07 15:27:07.435786+00,4.0,
ef9c7cd9-aa2f-4722-acfa-8a81ac410bd4,cake-531,Cake 531,Title,-,flavours,"[{""name"":""Pineapple"",""price"":""725.0"",""customName"":""""},{""name"":""Butter Scotch"",""price"":""725.0"",""customName"":""""},{""name"":""Strawberry"",""price"":""725.0"",""customName"":""""},{""name"":""Almond Honey"",""price"":""725.0"",""customName"":""""},{""name"":""Caramel Crunch"",""price"":""725.0"",""customName"":""""},{""name"":""Redvelvet"",""price"":""725.0"",""customName"":""""}]",,,,Moti bakery,,0,0,0,0,0,,Cake 531,General,725.0,,6,active,https://jygsbebawnkvyaqohxes.supabase.co/storage/v1/object/public/cake-images/converted_webp/resized_FBIMG1599833510209.webp,2025-02-05 16:24:05+00,2026-05-07 15:22:16.537471+00,7.0,
efb8cde3-7668-4e6a-bea9-212c123ca81b,cake-719,Cake 719,Title,-,flavours,"[{""name"":""Pineapple"",""price"":""725.0"",""customName"":""""},{""name"":""Butter Scotch"",""price"":""725.0"",""customName"":""""},{""name"":""Strawberry"",""price"":""725.0"",""customName"":""""}]",,,,Moti bakery,,0,0,0,0,0,,Cake 719,General,725.0,,3,active,https://jygsbebawnkvyaqohxes.supabase.co/storage/v1/object/public/cake-images/converted_webp/resized_320.webp,2025-02-05 14:09:37+00,2026-05-07 15:22:54.710515+00,1.5,
efd93b21-6a44-45b4-9bdf-c2db51093b86,cake-953,Cake 953,Title,-,flavours,"[{""name"":""Pineapple"",""price"":""1200.0"",""customName"":""""},{""name"":""Butter Scotch"",""price"":""1200.0"",""customName"":""""},{""name"":""Strawberry"",""price"":""1200.0"",""customName"":""""}]",,,,Moti bakery,,0,0,0,0,0,,Cake 953,General,1200.0,,3,active,https://jygsbebawnkvyaqohxes.supabase.co/storage/v1/object/public/cake-images/converted_webp/00460.webp,2025-02-05 14:35:12+00,2026-05-07 15:24:37.950324+00,3.0,
efef9b69-6b04-475e-9e86-a436b9f3439f,cake-142,Cake 142,Title,-,flavours,"[{""name"":""Pineapple"",""price"":""650.0"",""customName"":""""},{""name"":""Butter Scotch"",""price"":""650.0"",""customName"":""""},{""name"":""Strawberry"",""price"":""650.0"",""customName"":""""}]",,,,Moti bakery,,0,0,0,0,0,,Cake 142,General,650.0,,3,active,https://jygsbebawnkvyaqohxes.supabase.co/storage/v1/object/public/cake-images/converted_webp/resized_0142.webp,2025-02-05 14:09:37+00,2026-05-07 15:20:17.115401+00,1.0,
f0289f27-018b-49dd-9ca6-d1c5e9497864,cake-937,Cake 937,Title,-,flavours,"[{""name"":""Pineapple"",""price"":""1200.0"",""customName"":""""},{""name"":""Butter Scotch"",""price"":""1200.0"",""customName"":""""},{""name"":""Strawberry"",""price"":""1200.0"",""customName"":""""}]",,,,Moti bakery,,0,0,0,0,0,,Cake 937,General,1200.0,,3,active,https://jygsbebawnkvyaqohxes.supabase.co/storage/v1/object/public/cake-images/converted_webp/00444.webp,2025-02-05 14:30:21+00,2026-05-07 15:24:29.262177+00,2.0,
f094f2cf-85e9-483d-ace4-d6a182b4865f,cake-1100,Cake 1100,Title,-,flavours,"[{""name"":""Pineapple"",""price"":""975.0"",""customName"":""""},{""name"":""Btter Scotch"",""price"":""975.0"",""customName"":""""},{""name"":""Strawberry"",""price"":""975.0"",""customName"":""""}]",,,,Moti bakery,,0,0,0,0,0,,Cake 1100,General,975.0,,3,active,https://jygsbebawnkvyaqohxes.supabase.co/storage/v1/object/public/cake-images/converted_webp/resized_FBIMG1600073144021.webp,2025-02-05 14:09:37+00,2026-05-07 15:26:00.667773+00,2.0,
f0c2af6b-07ce-48bb-a219-fe5c6d401cea,cake-476,Cake 476,Title,-,flavours,"[{""name"":""Pineapple"",""price"":""675.0"",""customName"":""""},{""name"":""Butter Scotch"",""price"":""675.0"",""customName"":""""},{""name"":""Strawberry"",""price"":""675.0"",""customName"":""""},{""name"":""Almond Honey"",""price"":""675.0"",""customName"":""""},{""name"":""Caramel Crunch"",""price"":""675.0"",""customName"":""""},{""name"":""Redvelvet"",""price"":""675.0"",""customName"":""""}]",,,,Moti bakery,,0,0,0,0,0,,Cake 476,General,675.0,,6,active,https://jygsbebawnkvyaqohxes.supabase.co/storage/v1/object/public/cake-images/converted_webp/resized_1576604894210.webp,2025-02-05 14:09:37+00,2026-05-07 15:21:44.364526+00,6.0,
f0d55d0b-f503-4f50-ab21-7008edb969c2,cake-1254,Cake 1254,Title,-,flavours,"[{""name"":""Choco Crunch"",""price"":""875.0"",""customName"":""""},{""name"":""Choco Vanilla"",""price"":""875.0"",""customName"":""""},{""name"":""Chocolate Truffle"",""price"":""875.0"",""customName"":""""}]",,,,Moti bakery,,0,0,0,0,0,,Cake 1254,General,875.0,,3,active,https://jygsbebawnkvyaqohxes.supabase.co/storage/v1/object/public/cake-images/converted_webp/resized_1652702202.webp,2025-02-05 14:09:37+00,2026-05-07 15:27:51.420243+00,1.0,
f17ff850-93ac-479d-8924-49d1deabc334,cake-907,Cake 907,Title,-,flavours,"[{""name"":""Pineapple"",""price"":""1200.0"",""customName"":""""},{""name"":""Butters Scotch"",""price"":""1200.0"",""customName"":""""},{""name"":""Strawberry"",""price"":""1200.0"",""customName"":""""}]",,,,Moti bakery,,0,0,0,0,0,,Cake 907,General,1200.0,,3,active,https://jygsbebawnkvyaqohxes.supabase.co/storage/v1/object/public/cake-images/converted_webp/00414.webp,2025-02-05 14:48:44+00,2026-05-07 15:24:12.135628+00,4.0,
f188740c-f8fd-4a97-be66-0e6b88c050c2,cake-1078,Cake 1078,Title,-,flavours,"[{""name"":""Pineapple"",""price"":""1100.0"",""customName"":""""},{""name"":""Butterscotch"",""price"":""1100.0"",""customName"":""""},{""name"":""Stawberry"",""price"":""1100.0"",""customName"":""""},{""name"":""Caramel Crunch"",""price"":""1100.0"",""customName"":""""},{""name"":""Almond Honey"",""price"":""1100.0"",""customName"":""""},{""name"":""Redvelvet"",""price"":""1100.0"",""customName"":""""}]",,,,Moti bakery,,0,0,0,0,0,,Cake 1078,General,1100.0,,6,active,https://jygsbebawnkvyaqohxes.supabase.co/storage/v1/object/public/cake-images/converted_webp/resized_1576596438341.webp,2025-02-05 14:48:44+00,2026-05-07 15:25:47.978575+00,4.0,
f198b35d-6a75-41bb-bbe7-a3c078072596,cake-902,Cake 902,Title,-,flavours,"[{""name"":""Pineapple"",""price"":""1200.0"",""customName"":""""},{""name"":""Butter Scotch"",""price"":""1200.0"",""customName"":""""},{""name"":""Strawberry"",""price"":""1200.0"",""customName"":""""}]",,,,Moti bakery,,0,0,0,0,0,,Cake 902,General,1200.0,,3,active,https://jygsbebawnkvyaqohxes.supabase.co/storage/v1/object/public/cake-images/converted_webp/004162.webp,2025-02-05 14:48:44+00,2026-05-07 15:24:09.377389+00,4.0,
f1ac07be-f90d-42f9-86de-23fb7aa8db80,cake-498,Cake 498,Title,-,flavours,"[{""name"":""Pineapple"",""price"":""700.0"",""customName"":""""},{""name"":""Butter Scotch"",""price"":""700.0"",""customName"":""""},{""name"":""Strawberry"",""price"":""700.0"",""customName"":""""},{""name"":""Almond Honey"",""price"":""700.0"",""customName"":""""},{""name"":""Caramel Crunch"",""price"":""700.0"",""customName"":""""},{""name"":""Redvelvet"",""price"":""700.0"",""customName"":""""}]",,,,Moti bakery,,0,0,0,0,0,,Cake 498,General,700.0,,6,active,https://jygsbebawnkvyaqohxes.supabase.co/storage/v1/object/public/cake-images/converted_webp/resized_1576604975624.webp,2025-02-05 16:18:17+00,2026-05-07 15:21:56.987065+00,4.0,
f2061b1f-9af9-4c42-ba83-950461293b2e,cake-997,Cake 997,Title,-,flavours,"[{""name"":""Pineapple"",""price"":""1200.0"",""customName"":""""},{""name"":""Butter Scotch"",""price"":""1200.0"",""customName"":""""},{""name"":""Strawberry"",""price"":""1200.0"",""customName"":""""}]",,,,Moti bakery,,0,0,0,0,0,,Cake 997,General,1200.0,,3,active,https://jygsbebawnkvyaqohxes.supabase.co/storage/v1/object/public/cake-images/converted_webp/resized_00503.webp,2025-02-05 14:47:46+00,2026-05-07 15:25:01.634517+00,3.0,
f20eafe9-e61e-43fd-8c4e-441724bc418b,cake-492,Cake 492,Title,-,flavours,"[{""name"":""Pineapple"",""price"":""700.0"",""customName"":""""},{""name"":""Butter Scotch"",""price"":""700.0"",""customName"":""""},{""name"":""Strawberry"",""price"":""700.0"",""customName"":""""},{""name"":""Almond Honey"",""price"":""700.0"",""customName"":""""},{""name"":""Caramel Crunch"",""price"":""700.0"",""customName"":""""},{""name"":""Redvelvet"",""price"":""700.0"",""customName"":""""}]",,,,Moti bakery,,0,0,0,0,0,,Cake 492,General,700.0,,6,active,https://jygsbebawnkvyaqohxes.supabase.co/storage/v1/object/public/cake-images/converted_webp/resized_1576604904777.webp,2025-02-05 16:17:32+00,2026-05-07 15:21:53.389728+00,6.0,
f258a7f8-6911-4492-b534-9e4b88ce71f7,cake-209,Cake 209,Title,-,flavours,"[{""name"":""Pineapple"",""price"":""725.0"",""customName"":""""},{""name"":""Butter Scotch"",""price"":""725.0"",""customName"":""""},{""name"":""Strawberry"",""price"":""725.0"",""customName"":""""}]",,,,Moti bakery,,0,0,0,0,0,,Cake 209,General,725.0,,3,active,https://jygsbebawnkvyaqohxes.supabase.co/storage/v1/object/public/cake-images/converted_webp/resized_FBIMG1578902916057.webp,2025-02-05 15:51:15+00,2026-05-07 15:20:53.018693+00,1.5,
f260ed97-9f27-4bfa-8c8b-56c4cc4ba059,cake-489,Cake 489,Title,-,flavours,"[{""name"":""Pineapple"",""price"":""725.0"",""customName"":""""},{""name"":""Butter Scotch"",""price"":""725.0"",""customName"":""""},{""name"":""Strawberry"",""price"":""725.0"",""customName"":""""},{""name"":""Almond Honey"",""price"":""725.0"",""customName"":""""},{""name"":""Caramel Crunch"",""price"":""725.0"",""customName"":""""},{""name"":""Redvelvet"",""price"":""725.0"",""customName"":""""}]",,,,Moti bakery,,0,0,0,0,0,,Cake 489,General,725.0,,6,active,https://jygsbebawnkvyaqohxes.supabase.co/storage/v1/object/public/cake-images/converted_webp/resized_1576604885179.webp,2025-02-05 16:17:08+00,2026-05-07 15:21:51.646335+00,6.0,
f2b839fe-97f1-4a85-84dd-53605067f626,cake-658,Cake 658,Title,-,flavours,"[{""name"":""Chocolate Cream Cake"",""price"":""975.0"",""customName"":""""}]",,,,Moti bakery,,0,0,0,0,0,,Cake 658,General,975.0,,1,active,https://jygsbebawnkvyaqohxes.supabase.co/storage/v1/object/public/cake-images/converted_webp/resized_300.webp,2025-02-05 14:09:37+00,2026-05-07 15:22:43.038038+00,8.0,
f2d96713-ad72-45fd-8419-cfe151460abc,cake-1015,Cake 1015,Title,-,flavours,"[{""name"":""Pineapple"",""price"":""1200.0"",""customName"":""""},{""name"":""Butters Cotch"",""price"":""1200.0"",""customName"":""""},{""name"":""Strawberry"",""price"":""1200.0"",""customName"":""""}]",,,,Moti bakery,,0,0,0,0,0,,Cake 1015,General,1200.0,,3,active,https://jygsbebawnkvyaqohxes.supabase.co/storage/v1/object/public/cake-images/converted_webp/resized_00522.webp,2025-02-05 14:47:46+00,2026-05-07 15:25:10.990067+00,3.0,
f3041bf9-bd85-4216-a534-2e61b1cbc6b0,cake-1337,Cake 1337,Title,-,flavours,"[{""name"":""Butterscotch"",""price"":""1200.0"",""customName"":""""},{""name"":""Strawberry"",""price"":""1200.0"",""customName"":""""},{""name"":""Pineapple"",""price"":""1200.0"",""customName"":""""},{""name"":""Black Forest"",""price"":""1200.0"",""customName"":""""},{""name"":""Mix Fruit"",""price"":""1200.0"",""customName"":""""},{""name"":""Almond Honey"",""price"":""1200.0"",""customName"":""""},{""name"":""Choco Crunch"",""price"":""1200.0"",""customName"":""""},{""name"":""Rainbow"",""price"":""1200.0"",""customName"":""""},{""name"":""Choco Vanilla"",""price"":""1200.0"",""customName"":""""},{""name"":""White Forest"",""price"":""1200.0"",""customName"":""""}]",,,,Moti bakery,,0,0,0,0,0,,Cake 1337,General,1200.0,,10,active,https://jygsbebawnkvyaqohxes.supabase.co/storage/v1/object/public/cake-images/converted_webp/resized_1652766715.webp,2025-02-05 14:47:46+00,2026-05-07 15:28:30.168136+00,7.0,
f30be44b-7c80-45b5-89cd-e11ad134f5fe,cake-1268,Cake 1268,Title,-,flavours,"[{""name"":""Choco Crunch"",""price"":""925.0"",""customName"":""""},{""name"":""Choco Vanilla"",""price"":""925.0"",""customName"":""""},{""name"":""Chocolate Truffle"",""price"":""925.0"",""customName"":""""}]",,,,Moti bakery,,0,0,0,0,0,,Cake 1268,General,925.0,,3,active,https://jygsbebawnkvyaqohxes.supabase.co/storage/v1/object/public/cake-images/converted_webp/resized_1652702741.webp,2025-02-05 14:09:37+00,2026-05-07 15:28:00.592401+00,3.0,
f35e2799-f840-4b26-97d1-6f7bb47f0554,cake-448,Cake 448,Title,-,flavours,"[{""name"":""Pineapple"",""price"":""675.0"",""customName"":""""},{""name"":""Butter Scotch"",""price"":""675.0"",""customName"":""""},{""name"":""Strawberry"",""price"":""675.0"",""customName"":""""}]",,,,Moti bakery,,0,0,0,0,0,,Cake 448,General,675.0,,3,active,https://jygsbebawnkvyaqohxes.supabase.co/storage/v1/object/public/cake-images/converted_webp/resized_256.webp,2025-02-05 14:09:37+00,2026-05-07 15:21:28.228323+00,3.0,
f3b2a11a-924c-4d61-9efb-f707f8eedb43,cake-1059,Cake 1059,Title,-,flavours,"[{""name"":""Pineapple"",""price"":""1200.0"",""customName"":""""},{""name"":""Butter Scotch"",""price"":""1200.0"",""customName"":""""},{""name"":""Strawberry"",""price"":""1200.0"",""customName"":""""}]",,,,Moti bakery,,0,0,0,0,0,,Cake 1059,General,1200.0,,3,active,https://jygsbebawnkvyaqohxes.supabase.co/storage/v1/object/public/cake-images/converted_webp/resized_566.webp,2025-02-05 14:48:44+00,2026-05-07 15:25:37.027327+00,3.0,
f3e401db-dfb7-4300-8f1d-f89cb4f3302a,cake-65,Cake 65,Title,-,flavours,"[{""name"":""Pineapple"",""price"":""650.0"",""customName"":""""},{""name"":""Butter Scotch"",""price"":""650.0"",""customName"":""""},{""name"":""Strawberry"",""price"":""650.0"",""customName"":""""}]",,,,Moti bakery,,0,0,0,0,0,,Cake 65,General,650.0,,3,active,https://jygsbebawnkvyaqohxes.supabase.co/storage/v1/object/public/cake-images/converted_webp/00065.webp,2025-02-05 14:09:37+00,2026-05-07 15:19:33.193302+00,1.0,
f3ebf0b3-6c9c-4aaf-b92f-6209fe5f38eb,cake-1139,Cake 1139,Title,-,flavours,"[{""name"":""Butterscotch"",""price"":""1200.0"",""customName"":""""},{""name"":""Strawberry"",""price"":""1200.0"",""customName"":""""},{""name"":""Pineapple"",""price"":""1200.0"",""customName"":""""},{""name"":""Black Forest"",""price"":""1200.0"",""customName"":""""},{""name"":""Mix Fruit"",""price"":""1200.0"",""customName"":""""},{""name"":""Almond Honey"",""price"":""1200.0"",""customName"":""""},{""name"":""Choco Crunch"",""price"":""1200.0"",""customName"":""""},{""name"":""Rainbow"",""price"":""1200.0"",""customName"":""""},{""name"":""Choco Vanilla"",""price"":""1200.0"",""customName"":""""},{""name"":""White Forest"",""price"":""1200.0"",""customName"":""""}]",,,,Moti bakery,,0,0,0,0,0,,Cake 1139,General,1200.0,,10,active,https://jygsbebawnkvyaqohxes.supabase.co/storage/v1/object/public/cake-images/converted_webp/resized_1652686466.webp,2025-02-05 14:48:44+00,2026-05-07 15:26:43.014228+00,5.0,
f4771621-8509-4d42-b0dc-f5c005198f67,cake-1146,Cake 1146,Title,-,flavours,"[{""name"":""Butterscotch"",""price"":""700.0"",""customName"":""""},{""name"":""Strawberry"",""price"":""700.0"",""customName"":""""},{""name"":""Pineapple"",""price"":""700.0"",""customName"":""""},{""name"":""Black Forest"",""price"":""700.0"",""customName"":""""},{""name"":""Mix Fruit"",""price"":""700.0"",""customName"":""""},{""name"":""Almond Honey"",""price"":""700.0"",""customName"":""""},{""name"":""Choco Crunch"",""price"":""700.0"",""customName"":""""},{""name"":""Rainbow"",""price"":""700.0"",""customName"":""""},{""name"":""Choco Vanilla"",""price"":""700.0"",""customName"":""""},{""name"":""White Forest"",""price"":""700.0"",""customName"":""""}]",,,,Moti bakery,,0,0,0,0,0,,Cake 1146,General,700.0,,10,active,https://jygsbebawnkvyaqohxes.supabase.co/storage/v1/object/public/cake-images/converted_webp/resized_1652687204.webp,2025-02-05 14:09:37+00,2026-05-07 15:26:47.834038+00,5.0,
f4d28d8f-c9b0-485c-a5dd-ab43dd538146,cake-987,Cake 987,Title,-,flavours,"[{""name"":""Pineapple"",""price"":""1200.0"",""customName"":""""},{""name"":""Butter Scotch"",""price"":""1200.0"",""customName"":""""},{""name"":""Strawberry"",""price"":""1200.0"",""customName"":""""}]",,,,Moti bakery,,0,0,0,0,0,,Cake 987,General,1200.0,,3,active,https://jygsbebawnkvyaqohxes.supabase.co/storage/v1/object/public/cake-images/converted_webp/00493.webp,2025-02-05 14:47:46+00,2026-05-07 15:24:56.615672+00,2.0,
f4f4765f-3949-4996-aec5-ce79970b7ed6,cake-908,Cake 908,Title,-,flavours,"[{""name"":""Pineapple"",""price"":""1200.0"",""customName"":""""},{""name"":""Butter Scotch"",""price"":""1200.0"",""customName"":""""},{""name"":""Strawberry"",""price"":""1200.0"",""customName"":""""}]",,,,Moti bakery,,0,0,0,0,0,,Cake 908,General,1200.0,,3,active,https://jygsbebawnkvyaqohxes.supabase.co/storage/v1/object/public/cake-images/converted_webp/004152.webp,2025-02-05 14:48:44+00,2026-05-07 15:24:12.637063+00,7.0,
f55fc24c-ab23-40be-b7ac-c8bbff9c62bb,cake-701,Cake 701,Title,-,flavours,"[{""name"":""Pineapple/ Butterscotch/ Black Forest/ Strawberry"",""price"":""625.0"",""customName"":""""}]",,,,Moti bakery,,0,0,0,0,0,,Cake 701,General,625.0,,1,active,https://jygsbebawnkvyaqohxes.supabase.co/storage/v1/object/public/cake-images/converted_webp/resized_BEAUTYANDBEAST.webp,2025-02-05 14:09:37+00,2026-05-07 15:22:44.572469+00,,
f59a2901-2873-4024-8876-11ab104d08e3,cake-1092,Cake 1092,Title,-,flavours,"[{""name"":""Pineapple"",""price"":""1200.0"",""customName"":""""},{""name"":""Btter Scotch"",""price"":""1200.0"",""customName"":""""},{""name"":""Strawberry"",""price"":""1200.0"",""customName"":""""}]",,,,Moti bakery,,0,0,0,0,0,,Cake 1092,General,1200.0,,3,active,https://jygsbebawnkvyaqohxes.supabase.co/storage/v1/object/public/cake-images/converted_webp/resized_FBIMG1580310570391.webp,2025-02-05 14:47:46+00,2026-05-07 15:25:56.36658+00,4.0,
f5ac74e2-e489-4b22-91f9-26a1027e9fc0,cake-1363,Cake 1363,Title,-,flavours,"[{""name"":""Butterscotch"",""price"":""1200.0"",""customName"":""""},{""name"":""Strawberry"",""price"":""1200.0"",""customName"":""""},{""name"":""Pineapple"",""price"":""1200.0"",""customName"":""""},{""name"":""Black Forest"",""price"":""1200.0"",""customName"":""""},{""name"":""Mix Fruit"",""price"":""1200.0"",""customName"":""""},{""name"":""Almond Honey"",""price"":""1200.0"",""customName"":""""},{""name"":""Choco Crunch"",""price"":""1200.0"",""customName"":""""},{""name"":""Rainbow"",""price"":""1200.0"",""customName"":""""},{""name"":""Choco Vanilla"",""price"":""1200.0"",""customName"":""""},{""name"":""White Forest"",""price"":""1200.0"",""customName"":""""}]",,,,Moti bakery,,0,0,0,0,0,,Cake 1363,General,1200.0,,10,active,https://jygsbebawnkvyaqohxes.supabase.co/storage/v1/object/public/cake-images/converted_webp/resized_1652767752.webp,2025-02-05 14:47:46+00,2026-05-07 15:28:44.714066+00,4.0,
f5d4db99-a38f-497c-b45b-35595806bfc6,cake-1027,Cake 1027,Title,-,flavours,"[{""name"":""Pineapple"",""price"":""1200.0"",""customName"":""""},{""name"":""Butters Cotch"",""price"":""1200.0"",""customName"":""""},{""name"":""Strawberry"",""price"":""1200.0"",""customName"":""""}]",,,,Moti bakery,,0,0,0,0,0,,Cake 1027,General,1200.0,,3,active,https://jygsbebawnkvyaqohxes.supabase.co/storage/v1/object/public/cake-images/converted_webp/resized_00534.webp,2025-02-05 14:47:46+00,2026-05-07 15:25:18.593421+00,2.5,
f5d79525-0442-42c2-9258-91b8fa4fa8d4,cake-802,Cake 802,Title,-,flavours,"[{""name"":""Pineapple"",""price"":""725.0"",""customName"":""""},{""name"":""Butter Scotch"",""price"":""725.0"",""customName"":""""},{""name"":""Strawberry"",""price"":""725.0"",""customName"":""""}]",,,,Moti bakery,,0,0,0,0,0,,Cake 802,General,725.0,,3,active,https://jygsbebawnkvyaqohxes.supabase.co/storage/v1/object/public/cake-images/converted_webp/resized_367.webp,2025-02-05 14:09:37+00,2026-05-07 15:23:37.1182+00,2.5,
f60d31d1-e843-4772-801d-99c604515ee9,cake-718,Cake 718,Title,-,flavours,"[{""name"":""Pineapple"",""price"":""725.0"",""customName"":""""},{""name"":""Butterscotch"",""price"":""725.0"",""customName"":""""},{""name"":""Strawberry"",""price"":""725.0"",""customName"":""""}]",,,,Moti bakery,,0,0,0,0,0,,Cake 718,General,725.0,,3,active,https://jygsbebawnkvyaqohxes.supabase.co/storage/v1/object/public/cake-images/converted_webp/resized_319.webp,2025-02-05 14:09:37+00,2026-05-07 15:22:54.194259+00,5.0,
f626824a-19b7-473d-bd4d-70bd50131938,cake-91,Cake 91,Title,-,flavours,"[{""name"":""Pineapple"",""price"":""675.0"",""customName"":""""},{""name"":""Butter Scotch"",""price"":""675.0"",""customName"":""""},{""name"":""Strawberry"",""price"":""675.0"",""customName"":""""}]",,,,Moti bakery,,0,0,0,0,0,,Cake 91,General,675.0,,3,active,https://jygsbebawnkvyaqohxes.supabase.co/storage/v1/object/public/cake-images/converted_webp/00091.webp,2025-02-05 14:09:37+00,2026-05-07 15:19:48.65639+00,2.0,
f6b13d5a-458c-4d3d-b721-8d80c51de88b,cake-1300,Cake 1300,Title,-,flavours,"[{""name"":""Butterscotch"",""price"":""725.0"",""customName"":""""},{""name"":""Strawberry"",""price"":""725.0"",""customName"":""""},{""name"":""Pineapple"",""price"":""725.0"",""customName"":""""},{""name"":""Black Forest"",""price"":""725.0"",""customName"":""""},{""name"":""Mix Fruit"",""price"":""725.0"",""customName"":""""},{""name"":""Almond Honey"",""price"":""725.0"",""customName"":""""},{""name"":""Choco Crunch"",""price"":""725.0"",""customName"":""""},{""name"":""Rainbow"",""price"":""725.0"",""customName"":""""},{""name"":""Choco Vanilla"",""price"":""725.0"",""customName"":""""},{""name"":""White Forest"",""price"":""725.0"",""customName"":""""}]",,,,Moti bakery,,0,0,0,0,0,,Cake 1300,General,725.0,,10,active,https://jygsbebawnkvyaqohxes.supabase.co/storage/v1/object/public/cake-images/converted_webp/resized_1652706509.webp,2025-02-05 14:09:37+00,2026-05-07 15:28:09.870122+00,3.0,
f6b73b10-1a91-4f2d-82af-7a6a0d046707,cake-632,Cake 632,Title,-,flavours,"[{""name"":""Chocolate Cream With Coffee"",""price"":""775.0"",""customName"":""""}]",,,,Moti bakery,,0,0,0,0,0,,Cake 632,General,775.0,,1,active,https://jygsbebawnkvyaqohxes.supabase.co/storage/v1/object/public/cake-images/converted_webp/resized_272.webp,2025-02-05 14:09:37+00,2026-05-07 15:22:29.121655+00,2.0,
f772a804-6523-4c3b-909b-f20cdfa03c48,cake-129,Cake 129,Title,-,flavours,"[{""name"":""Pineapple"",""price"":""700.0"",""customName"":""""},{""name"":""Butter Scotch"",""price"":""700.0"",""customName"":""""},{""name"":""Strawberry"",""price"":""700.0"",""customName"":""""}]",,,,Moti bakery,,0,0,0,0,0,,Cake 129,General,700.0,,3,active,https://jygsbebawnkvyaqohxes.supabase.co/storage/v1/object/public/cake-images/converted_webp/resized_0129.webp,2025-02-05 15:21:45+00,2026-05-07 15:20:10.259202+00,2.0,
f7c1098e-cd2e-4a0e-8d6d-6dca454d6db7,cake-652,Cake 652,Title,-,flavours,"[{""name"":""Chocolate Cream Cake"",""price"":""725.0"",""customName"":""""}]",,,,Moti bakery,,0,0,0,0,0,,Cake 652,General,725.0,,1,active,https://jygsbebawnkvyaqohxes.supabase.co/storage/v1/object/public/cake-images/converted_webp/resized_293.webp,2025-02-05 14:09:37+00,2026-05-07 15:22:40.162701+00,2.0,
f7c62b35-7125-4d33-b30a-574f1e4321fa,cake-852,Cake 852,Title,-,flavours,"[{""name"":""Pineapple"",""price"":""700.0"",""customName"":""""},{""name"":""Butterscotch"",""price"":""700.0"",""customName"":""""},{""name"":""Strawberry"",""price"":""700.0"",""customName"":""""},{""name"":""Caramel Crunch"",""price"":""700.0"",""customName"":""""},{""name"":""Red Velvet"",""price"":""700.0"",""customName"":""""},{""name"":""Almond Honey"",""price"":""700.0"",""customName"":""""}]",,,,Moti bakery,,0,0,0,0,0,,Cake 852,General,700.0,,6,active,https://jygsbebawnkvyaqohxes.supabase.co/storage/v1/object/public/cake-images/converted_webp/resized_IMG20191217WA0040.webp,2025-02-05 16:37:54+00,2026-05-07 15:24:02.203552+00,,
f7eb8ce8-75fd-4f75-81b9-3d475e295a34,cake-1237,Cake 1237,Title,-,flavours,"[{""name"":""Butterscotch"",""price"":""800.0"",""customName"":""""},{""name"":""Strawberry"",""price"":""800.0"",""customName"":""""},{""name"":""Pineapple"",""price"":""800.0"",""customName"":""""},{""name"":""Black Forest"",""price"":""800.0"",""customName"":""""},{""name"":""Mix Fruit"",""price"":""800.0"",""customName"":""""},{""name"":""Almond Honey"",""price"":""800.0"",""customName"":""""},{""name"":""Choco Crunch"",""price"":""800.0"",""customName"":""""},{""name"":""Rainbow"",""price"":""800.0"",""customName"":""""},{""name"":""Choco Vanilla"",""price"":""800.0"",""customName"":""""},{""name"":""White Forest"",""price"":""800.0"",""customName"":""""}]",,,,Moti bakery,,0,0,0,0,0,,Cake 1237,General,800.0,,10,active,https://jygsbebawnkvyaqohxes.supabase.co/storage/v1/object/public/cake-images/converted_webp/resized_1652699683.webp,2025-02-05 14:09:37+00,2026-05-07 15:27:40.403275+00,6.0,
f82d8bb9-4d4c-4ca9-8141-a20dd29a8418,cake-1290,Cake 1290,Title,-,flavours,"[{""name"":""Butterscotch"",""price"":""775.0"",""customName"":""""},{""name"":""Strawberry"",""price"":""775.0"",""customName"":""""},{""name"":""Pineapple"",""price"":""775.0"",""customName"":""""},{""name"":""Black Forest"",""price"":""775.0"",""customName"":""""},{""name"":""Mix Fruit"",""price"":""775.0"",""customName"":""""},{""name"":""Almond Honey"",""price"":""775.0"",""customName"":""""},{""name"":""Choco Crunch"",""price"":""775.0"",""customName"":""""},{""name"":""Rainbow"",""price"":""775.0"",""customName"":""""},{""name"":""Choco Vanilla"",""price"":""775.0"",""customName"":""""},{""name"":""White Forest"",""price"":""775.0"",""customName"":""""}]",,,,Moti bakery,,0,0,0,0,0,,Cake 1290,General,775.0,,10,active,https://jygsbebawnkvyaqohxes.supabase.co/storage/v1/object/public/cake-images/converted_webp/resized_1652705371.webp,2025-02-05 14:52:56+00,2026-05-07 15:28:06.215986+00,1.0,
f87fa1d8-1490-4dad-ba54-db2c613e7143,cake-455,Cake 455,Title,-,flavours,"[{""name"":""Pineapple"",""price"":""675.0"",""customName"":""""},{""name"":""Butter Scotch"",""price"":""675.0"",""customName"":""""},{""name"":""Strawberry"",""price"":""675.0"",""customName"":""""}]",,,,Moti bakery,,0,0,0,0,0,,Cake 455,General,675.0,,3,active,https://jygsbebawnkvyaqohxes.supabase.co/storage/v1/object/public/cake-images/converted_webp/resized_233.webp,2025-02-05 14:09:37+00,2026-05-07 15:21:32.022052+00,3.0,
f9486f3e-6452-460d-8d05-2f2965d1eb49,cake-212,Cake 212,Title,-,flavours,"[{""name"":""Pineapple"",""price"":""700.0"",""customName"":""""},{""name"":""Butter Scotch"",""price"":""700.0"",""customName"":""""},{""name"":""Strawberry"",""price"":""700.0"",""customName"":""""}]",,,,Moti bakery,,0,0,0,0,0,,Cake 212,General,700.0,,3,active,https://jygsbebawnkvyaqohxes.supabase.co/storage/v1/object/public/cake-images/converted_webp/resized_FBIMG1600079364996.webp,2025-02-05 15:52:26+00,2026-05-07 15:20:54.32205+00,3.0,
f98c1188-2c1f-4283-b5a6-8ac26b32f7c6,cake-1291,Cake 1291,Title,-,flavours,"[{""name"":""Butterscotch"",""price"":""700.0"",""customName"":""""},{""name"":""Strawberry"",""price"":""700.0"",""customName"":""""},{""name"":""Pineapple"",""price"":""700.0"",""customName"":""""},{""name"":""Black Forest"",""price"":""700.0"",""customName"":""""},{""name"":""Mix Fruit"",""price"":""700.0"",""customName"":""""},{""name"":""Almond Honey"",""price"":""700.0"",""customName"":""""},{""name"":""Choco Crunch"",""price"":""700.0"",""customName"":""""},{""name"":""Rainbow"",""price"":""700.0"",""customName"":""""},{""name"":""Choco Vanilla"",""price"":""700.0"",""customName"":""""},{""name"":""White Forest"",""price"":""700.0"",""customName"":""""}]",,,,Moti bakery,,0,0,0,0,0,,Cake 1291,General,700.0,,10,active,https://jygsbebawnkvyaqohxes.supabase.co/storage/v1/object/public/cake-images/converted_webp/resized_1652705423.webp,2025-02-05 14:53:12+00,2026-05-07 15:28:06.677596+00,3.0,
f9c07aa1-e473-4cae-8a03-c52d0ba4d39c,cake-974,Cake 974,Title,-,flavours,"[{""name"":""Pineapple"",""price"":""1000.0"",""customName"":""""},{""name"":""Butter Scotch"",""price"":""1000.0"",""customName"":""""},{""name"":""Strawberry"",""price"":""1000.0"",""customName"":""""}]",,,,Moti bakery,,0,0,0,0,0,,Cake 974,General,1000.0,,3,active,https://jygsbebawnkvyaqohxes.supabase.co/storage/v1/object/public/cake-images/converted_webp/00482.webp,2022-06-03 11:27:32+00,2026-05-07 15:24:49.036617+00,3.0,
f9c6a401-c953-4566-a945-724f37d41268,cake-68,Cake 68,Title,-,flavours,"[{""name"":""Pineapple"",""price"":""700.0"",""customName"":""""},{""name"":""Butter Scotch"",""price"":""700.0"",""customName"":""""},{""name"":""Strawberry"",""price"":""700.0"",""customName"":""""}]",,,,Moti bakery,,0,0,0,0,0,,Cake 68,General,700.0,,3,active,https://jygsbebawnkvyaqohxes.supabase.co/storage/v1/object/public/cake-images/converted_webp/00068.webp,2025-02-05 14:09:37+00,2026-05-07 15:19:34.846819+00,2.0,
fa0b74c1-e130-4644-8d41-e163523ca0f5,cake-533,Cake 533,Title,-,flavours,"[{""name"":""Pineapple"",""price"":""725.0"",""customName"":""""},{""name"":""Butter Scotch"",""price"":""725.0"",""customName"":""""},{""name"":""Strawberry"",""price"":""725.0"",""customName"":""""},{""name"":""Almond Honey"",""price"":""725.0"",""customName"":""""},{""name"":""Caramel Crunch"",""price"":""725.0"",""customName"":""""},{""name"":""Redvelvet"",""price"":""725.0"",""customName"":""""}]",,,,Moti bakery,,0,0,0,0,0,,Cake 533,General,725.0,,6,active,https://jygsbebawnkvyaqohxes.supabase.co/storage/v1/object/public/cake-images/converted_webp/resized_FBIMG1600079378380.webp,2025-02-05 16:24:21+00,2026-05-07 15:22:17.552335+00,7.0,
fa16b946-fbb5-4f78-963b-d3221c68ed98,cake-913,Cake 913,Title,-,flavours,"[{""name"":""Pineapple"",""price"":""1200.0"",""customName"":""""},{""name"":""Butter Scotch"",""price"":""1200.0"",""customName"":""""},{""name"":""Strawberry"",""price"":""1200.0"",""customName"":""""}]",,,,Moti bakery,,0,0,0,0,0,,Cake 913,General,1200.0,,3,active,https://jygsbebawnkvyaqohxes.supabase.co/storage/v1/object/public/cake-images/converted_webp/00420.webp,2025-02-05 14:26:14+00,2026-05-07 15:24:15.501163+00,6.0,
fa390a40-cb2f-45eb-9c0a-a083897a1695,cake-53,Cake 53,Title,-,flavours,"[{""name"":""Pineapple"",""price"":""650.0"",""customName"":""""},{""name"":""Butter Scotch"",""price"":""650.0"",""customName"":""""},{""name"":""Strawberry"",""price"":""650.0"",""customName"":""""}]",,,,Moti bakery,,0,0,0,0,0,,Cake 53,General,650.0,,3,active,https://jygsbebawnkvyaqohxes.supabase.co/storage/v1/object/public/cake-images/converted_webp/00053.webp,2025-02-05 14:09:37+00,2026-05-07 15:19:26.576196+00,1.0,
fa3bd7f3-d3b9-49ff-95d6-16a8cb940be7,cake-700,Cake 700,Title,-,flavours,"[{""name"":""Pineapple"",""price"":""700.0"",""customName"":""""},{""name"":""Butters Cotch"",""price"":""700.0"",""customName"":""""},{""name"":""Strawberry"",""price"":""700.0"",""customName"":""""}]",,,,Moti bakery,,0,0,0,0,0,,Cake 700,General,700.0,,3,active,https://jygsbebawnkvyaqohxes.supabase.co/storage/v1/object/public/cake-images/converted_webp/resized_00554.webp,2025-02-05 14:09:37+00,2026-05-07 15:22:44.052179+00,3.0,
fa82a90e-0f3c-4c8f-9abc-5f71d162df56,cake-7,Cake 7,Title,-,flavours,"[{""name"":""Pineapple"",""price"":""125.00"",""customName"":""""},{""name"":""Butterscotch"",""price"":""0"",""customName"":""""},{""name"":""Strawberry"",""price"":""0"",""customName"":""""}]",,,,Moti bakery,,0,0,0,0,0,,Cake 7,General,,,3,active,https://jygsbebawnkvyaqohxes.supabase.co/storage/v1/object/public/cake-images/converted_webp/0007.webp,2026-04-01 08:33:40.519523+00,2026-05-07 15:29:10.497221+00,1.5,13
fa916838-6113-4720-a9d3-5cbfd410317c,cake-1002,Cake 1002,Title,-,flavours,"[{""name"":""Pineapple"",""price"":""1200.0"",""customName"":""""},{""name"":""Butter Scotch"",""price"":""1200.0"",""customName"":""""},{""name"":""Strawberry"",""price"":""1200.0"",""customName"":""""}]",,,,Moti bakery,,0,0,0,0,0,,Cake 1002,General,1200.0,,3,active,https://jygsbebawnkvyaqohxes.supabase.co/storage/v1/object/public/cake-images/converted_webp/resized_00508.webp,2025-02-05 14:47:46+00,2026-05-07 15:25:03.828275+00,4.0,
faaa7b7b-fc17-475e-a0a1-f5cae26bc124,cake-412,Cake 412,Title,-,flavours,"[{""name"":""Pineapple"",""price"":""725.0"",""customName"":""""},{""name"":""Butter Scotch"",""price"":""725.0"",""customName"":""""},{""name"":""Strawberry"",""price"":""725.0"",""customName"":""""}]",,,,Moti bakery,,0,0,0,0,0,,Cake 412,General,725.0,,3,active,https://jygsbebawnkvyaqohxes.supabase.co/storage/v1/object/public/cake-images/converted_webp/resized_198.webp,2025-02-05 14:09:37+00,2026-05-07 15:21:09.549368+00,4.0,
fb51841a-6cf4-4739-98fe-628f234a78a5,cake-1302,Cake 1302,Title,-,flavours,"[{""name"":""Butterscotch"",""price"":""775.0"",""customName"":""""},{""name"":""Strawberry"",""price"":""775.0"",""customName"":""""},{""name"":""Pineapple"",""price"":""775.0"",""customName"":""""},{""name"":""Black Forest"",""price"":""775.0"",""customName"":""""},{""name"":""Mix Fruit"",""price"":""775.0"",""customName"":""""},{""name"":""Almond Honey"",""price"":""775.0"",""customName"":""""},{""name"":""Choco Crunch"",""price"":""775.0"",""customName"":""""},{""name"":""Rainbow"",""price"":""775.0"",""customName"":""""},{""name"":""Choco Vanilla"",""price"":""775.0"",""customName"":""""},{""name"":""White Forest"",""price"":""775.0"",""customName"":""""}]",,,,Moti bakery,,0,0,0,0,0,,Cake 1302,General,775.0,,10,active,https://jygsbebawnkvyaqohxes.supabase.co/storage/v1/object/public/cake-images/converted_webp/resized_1652706773.webp,2025-02-05 14:09:37+00,2026-05-07 15:28:11.037974+00,5.0,
fb837382-6f8b-4491-8695-214113226640,cake-823,Cake 823,Title,-,flavours,"[{""name"":""Pineapple"",""price"":""725.0"",""customName"":""""},{""name"":""Butter Scotch"",""price"":""725.0"",""customName"":""""},{""name"":""Strawberry"",""price"":""725.0"",""customName"":""""}]",,,,Moti bakery,,0,0,0,0,0,,Cake 823,General,725.0,,3,active,https://jygsbebawnkvyaqohxes.supabase.co/storage/v1/object/public/cake-images/converted_webp/resized_389.webp,2025-02-05 14:09:37+00,2026-05-07 15:23:47.38601+00,3.0,
fb856adc-355b-473f-aafb-06e12b251678,cake-1086,Cake 1086,Title,-,flavours,"[{""name"":""Pineapple"",""price"":""1100.0"",""customName"":""""},{""name"":""Btter Scotch"",""price"":""1100.0"",""customName"":""""},{""name"":""Strawberry"",""price"":""1100.0"",""customName"":""""}]",,,,Moti bakery,,0,0,0,0,0,,Cake 1086,General,1100.0,,3,active,https://jygsbebawnkvyaqohxes.supabase.co/storage/v1/object/public/cake-images/converted_webp/resized_FBIMG1578902759753.webp,2025-02-05 14:48:44+00,2026-05-07 15:25:52.165516+00,4.0,
fbaaa6c1-20d7-4356-a076-ae2bd962cc3a,cake-805,Cake 805,Title,-,flavours,"[{""name"":""Pineapple"",""price"":""700.0"",""customName"":""""},{""name"":""Butter Scotch"",""price"":""700.0"",""customName"":""""},{""name"":""Strawberry"",""price"":""700.0"",""customName"":""""}]",,,,Moti bakery,,0,0,0,0,0,,Cake 805,General,700.0,,3,active,https://jygsbebawnkvyaqohxes.supabase.co/storage/v1/object/public/cake-images/converted_webp/resized_370.webp,2025-02-05 14:09:37+00,2026-05-07 15:23:38.56004+00,4.0,
fbaaecb6-ea92-43ed-be23-56323ecb4b90,cake-640,Cake 640,Title,-,flavours,"[{""name"":""Chocolate Cream Cake"",""price"":""775.0"",""customName"":""""}]",,,,Moti bakery,,0,0,0,0,0,,Cake 640,General,775.0,,1,active,https://jygsbebawnkvyaqohxes.supabase.co/storage/v1/object/public/cake-images/converted_webp/resized_280.webp,2025-02-05 14:09:37+00,2026-05-07 15:22:32.998453+00,2.0,
fbada6fe-9bf3-45ed-ad3c-6c42a8e47c26,cake-46,Cake 46,Title,-,flavours,"[{""name"":""Butters Cotch"",""price"":""650.0"",""customName"":""""}]",,,,Moti bakery,,0,0,0,0,0,,Cake 46,General,650.0,,1,active,https://jygsbebawnkvyaqohxes.supabase.co/storage/v1/object/public/cake-images/converted_webp/00046.webp,2025-02-05 14:09:37+00,2026-05-07 15:19:22.75158+00,1.0,
fbb58c1a-ec8d-4e3f-b2ae-b989050a1274,cake-189,Cake 189,Title,-,flavours,"[{""name"":""Pineapple"",""price"":""700.0"",""customName"":""""},{""name"":""Butter Scotch"",""price"":""700.0"",""customName"":""""},{""name"":""Strawberry"",""price"":""700.0"",""customName"":""""},{""name"":""Almond Honey"",""price"":""700.0"",""customName"":""""},{""name"":""Caramel Crunch"",""price"":""700.0"",""customName"":""""},{""name"":""Redvelvet"",""price"":""700.0"",""customName"":""""}]",,,,Moti bakery,,0,0,0,0,0,,Cake 189,General,700.0,,6,active,https://jygsbebawnkvyaqohxes.supabase.co/storage/v1/object/public/cake-images/converted_webp/resized_FBIMG1562518147367.webp,2025-02-05 15:46:51+00,2026-05-07 15:20:40.900574+00,2.0,
fbcc143b-b042-449f-a72a-db5b7e9f3b16,cake-1206,Cake 1206,Title,-,flavours,"[{""name"":""Butterscotch"",""price"":""750.0"",""customName"":""""},{""name"":""Strawberry"",""price"":""750.0"",""customName"":""""},{""name"":""Pineapple"",""price"":""750.0"",""customName"":""""},{""name"":""Black Forest"",""price"":""750.0"",""customName"":""""},{""name"":""Mix Fruit"",""price"":""750.0"",""customName"":""""},{""name"":""Almond Honey"",""price"":""750.0"",""customName"":""""},{""name"":""Choco Crunch"",""price"":""750.0"",""customName"":""""},{""name"":""Rainbow"",""price"":""750.0"",""customName"":""""},{""name"":""Choco Vanilla"",""price"":""750.0"",""customName"":""""},{""name"":""White Forest"",""price"":""750.0"",""customName"":""""}]",,,,Moti bakery,,0,0,0,0,0,,Cake 1206,General,750.0,,10,active,https://jygsbebawnkvyaqohxes.supabase.co/storage/v1/object/public/cake-images/converted_webp/resized_1652697866.webp,2025-02-05 14:09:37+00,2026-05-07 15:27:22.595009+00,3.0,
fbf79a52-8123-4603-bde5-251f32f88463,cake-203,Cake 203,Title,-,flavours,"[{""name"":""Pineapple"",""price"":""725.0"",""customName"":""""},{""name"":""Butter Scotch"",""price"":""725.0"",""customName"":""""},{""name"":""Strawberry"",""price"":""725.0"",""customName"":""""},{""name"":""Almond Honey"",""price"":""725.0"",""customName"":""""},{""name"":""Caramel Crunch"",""price"":""725.0"",""customName"":""""},{""name"":""Redvelvet"",""price"":""725.0"",""customName"":""""}]",,,,Moti bakery,,0,0,0,0,0,,Cake 203,General,725.0,,6,active,https://jygsbebawnkvyaqohxes.supabase.co/storage/v1/object/public/cake-images/converted_webp/resized_FBIMG1562518273704.webp,2025-02-05 15:50:16+00,2026-05-07 15:20:49.26256+00,1.0,
fcbc0eed-aa8e-465f-bb5f-4290d6068b69,cake-164,Cake 164,Title,-,flavours,"[{""name"":""Pineapple"",""price"":""675.0"",""customName"":""""},{""name"":""Butter Scotch"",""price"":""675.0"",""customName"":""""},{""name"":""Strawberry"",""price"":""675.0"",""customName"":""""}]",,,,Moti bakery,,0,0,0,0,0,,Cake 164,General,675.0,,3,active,https://jygsbebawnkvyaqohxes.supabase.co/storage/v1/object/public/cake-images/converted_webp/resized_0164.webp,2025-02-05 14:09:37+00,2026-05-07 15:20:28.336881+00,2.0,
fd6130e7-69eb-4fa2-ab15-cb61c764650d,cake-766,Cake 766,Title,-,flavours,"[{""name"":""Chocolate Chip Truffle"",""price"":""875.0"",""customName"":""""}]",,,,Moti bakery,,0,0,0,0,0,,Cake 766,General,875.0,,1,active,https://jygsbebawnkvyaqohxes.supabase.co/storage/v1/object/public/cake-images/converted_webp/resized_303.webp,2025-02-05 14:09:37+00,2026-05-07 15:23:19.40979+00,4.0,
fd8373a8-586c-4c3e-be29-6f6b7483c28e,cake-57,Cake 57,Title,-,flavours,"[{""name"":""Pineapple"",""price"":""725.0"",""customName"":""""},{""name"":""Butter Scotch"",""price"":""725.0"",""customName"":""""},{""name"":""Strawberry"",""price"":""725.0"",""customName"":""""}]",,,,Moti bakery,,0,0,0,0,0,,Cake 57,General,725.0,,3,active,https://jygsbebawnkvyaqohxes.supabase.co/storage/v1/object/public/cake-images/converted_webp/resized_0181.webp,2025-02-05 14:09:37+00,2026-05-07 15:19:28.820793+00,2.0,
fe1530e9-6600-4414-bdf6-083ba0146de2,cake-166,Cake 166,Title,-,flavours,"[{""name"":""Pineapple"",""price"":""700.0"",""customName"":""""},{""name"":""Butter Scotch"",""price"":""700.0"",""customName"":""""},{""name"":""Strawberry"",""price"":""700.0"",""customName"":""""}]",,,,Moti bakery,,0,0,0,0,0,,Cake 166,General,700.0,,3,active,https://jygsbebawnkvyaqohxes.supabase.co/storage/v1/object/public/cake-images/converted_webp/resized_0166.webp,2025-02-05 14:09:37+00,2026-05-07 15:20:29.341879+00,2.0,
fe169973-7371-4ebd-bd87-bd7577f2fd62,cake-1135,Cake 1135,Title,-,flavours,"[{""name"":""Butterscotch"",""price"":""825.0"",""customName"":""""},{""name"":""Strawberry"",""price"":""825.0"",""customName"":""""},{""name"":""Pineapple"",""price"":""825.0"",""customName"":""""},{""name"":""Black Forest"",""price"":""825.0"",""customName"":""""},{""name"":""Mix Fruit"",""price"":""825.0"",""customName"":""""},{""name"":""Almond Honey"",""price"":""825.0"",""customName"":""""},{""name"":""Choco Crunch"",""price"":""825.0"",""customName"":""""},{""name"":""Rainbow"",""price"":""825.0"",""customName"":""""},{""name"":""Choco Vanilla"",""price"":""825.0"",""customName"":""""},{""name"":""White Forest"",""price"":""825.0"",""customName"":""""}]",,,,Moti bakery,,0,0,0,0,0,,Cake 1135,General,825.0,,10,active,https://jygsbebawnkvyaqohxes.supabase.co/storage/v1/object/public/cake-images/converted_webp/resized_1652685165.webp,2025-02-05 14:09:37+00,2026-05-07 15:26:40.475399+00,6.0,
fe30550e-854d-48bd-966b-2b6c4e61e16b,cake-1342,Cake 1342,Title,-,flavours,"[{""name"":""Butterscotch"",""price"":""1200.0"",""customName"":""""},{""name"":""Strawberry"",""price"":""1200.0"",""customName"":""""},{""name"":""Pineapple"",""price"":""1200.0"",""customName"":""""},{""name"":""Black Forest"",""price"":""1200.0"",""customName"":""""},{""name"":""Mix Fruit"",""price"":""1200.0"",""customName"":""""},{""name"":""Almond Honey"",""price"":""1200.0"",""customName"":""""},{""name"":""Choco Crunch"",""price"":""1200.0"",""customName"":""""},{""name"":""Rainbow"",""price"":""1200.0"",""customName"":""""},{""name"":""Choco Vanilla"",""price"":""1200.0"",""customName"":""""},{""name"":""White Forest"",""price"":""1200.0"",""customName"":""""}]",,,,Moti bakery,,0,0,0,0,0,,Cake 1342,General,1200.0,,10,active,https://jygsbebawnkvyaqohxes.supabase.co/storage/v1/object/public/cake-images/converted_webp/resized_1652766987.webp,2025-02-05 14:47:46+00,2026-05-07 15:28:32.728958+00,5.0,
fe568f1c-119e-40ca-b3f0-3d1e62127e80,cake-629,Cake 629,Title,-,flavours,"[{""name"":""Chocolate Truffle"",""price"":""825.0"",""customName"":""""}]",,,,Moti bakery,,0,0,0,0,0,,Cake 629,General,825.0,,1,active,https://jygsbebawnkvyaqohxes.supabase.co/storage/v1/object/public/cake-images/converted_webp/resized_269.webp,2025-02-05 14:09:37+00,2026-05-07 15:22:27.549831+00,1.0,
fe78e135-7567-42ca-ba63-890e127e9b66,cake-1028,Cake 1028,Title,-,flavours,"[{""name"":""Pineapple"",""price"":""1200.0"",""customName"":""""},{""name"":""Butters Cotch"",""price"":""1200.0"",""customName"":""""},{""name"":""Strawberry"",""price"":""1200.0"",""customName"":""""}]",,,,Moti bakery,,0,0,0,0,0,,Cake 1028,General,1200.0,,3,active,https://jygsbebawnkvyaqohxes.supabase.co/storage/v1/object/public/cake-images/converted_webp/resized_00535.webp,2025-02-05 14:47:46+00,2026-05-07 15:25:19.088134+00,3.0,
feb4860f-cd3e-49b3-808d-d8ff7395455b,cake-428,Cake 428,Title,-,flavours,"[{""name"":""Pineapple"",""price"":""700.0"",""customName"":""""},{""name"":""Butter Scotch"",""price"":""700.0"",""customName"":""""},{""name"":""Strawberry"",""price"":""700.0"",""customName"":""""}]",,,,Moti bakery,,0,0,0,0,0,,Cake 428,General,700.0,,3,active,https://jygsbebawnkvyaqohxes.supabase.co/storage/v1/object/public/cake-images/converted_webp/resized_216.webp,2025-02-05 14:09:37+00,2026-05-07 15:21:17.948975+00,5.0,
fef663e5-0a51-4ce2-87e2-6b0171e23ba0,cake-1289,Cake 1289,Title,-,flavours,"[{""name"":""Butterscotch"",""price"":""775.0"",""customName"":""""},{""name"":""Strawberry"",""price"":""775.0"",""customName"":""""},{""name"":""Pineapple"",""price"":""775.0"",""customName"":""""},{""name"":""Black Forest"",""price"":""775.0"",""customName"":""""},{""name"":""Mix Fruit"",""price"":""775.0"",""customName"":""""},{""name"":""Almond Honey"",""price"":""775.0"",""customName"":""""},{""name"":""Choco Crunch"",""price"":""775.0"",""customName"":""""},{""name"":""Rainbow"",""price"":""775.0"",""customName"":""""},{""name"":""Choco Vanilla"",""price"":""775.0"",""customName"":""""},{""name"":""White Forest"",""price"":""775.0"",""customName"":""""}]",,,,Moti bakery,,0,0,0,0,0,,Cake 1289,General,775.0,,10,active,https://jygsbebawnkvyaqohxes.supabase.co/storage/v1/object/public/cake-images/converted_webp/resized_1652705335.webp,2025-02-05 14:52:46+00,2026-05-07 15:28:05.493621+00,1.0,
ffbad42b-9d2c-4a0a-a8aa-bda305b2a47e,cake-630,Cake 630,Title,-,flavours,"[{""name"":""Chocolate Truffle With Coffee"",""price"":""875.0"",""customName"":""""}]",,,,Moti bakery,,0,0,0,0,0,,Cake 630,General,875.0,,1,active,https://jygsbebawnkvyaqohxes.supabase.co/storage/v1/object/public/cake-images/converted_webp/resized_270.webp,2025-02-05 14:09:37+00,2026-05-07 15:22:28.019176+00,2.0,
ffc4f9e9-6539-442b-a295-349eab8c0b84,cake-817,Cake 817,Title,-,flavours,"[{""name"":""Pineapple"",""price"":""700.0"",""customName"":""""},{""name"":""Butter Scotch"",""price"":""700.0"",""customName"":""""},{""name"":""Strawberry"",""price"":""700.0"",""customName"":""""}]",,,,Moti bakery,,0,0,0,0,0,,Cake 817,General,700.0,,3,active,https://jygsbebawnkvyaqohxes.supabase.co/storage/v1/object/public/cake-images/converted_webp/resized_382.webp,2025-02-05 14:09:37+00,2026-05-07 15:23:44.592025+00,3.0,
ffdef239-d4d0-4df3-92a2-4893771b9753,cake-1314,Cake 1314,Title,-,flavours,"[{""name"":""Butterscotch"",""price"":""1200.0"",""customName"":""""},{""name"":""Strawberry"",""price"":""1200.0"",""customName"":""""},{""name"":""Pineapple"",""price"":""1200.0"",""customName"":""""},{""name"":""Black Forest"",""price"":""1200.0"",""customName"":""""},{""name"":""Mix Fruit"",""price"":""1200.0"",""customName"":""""},{""name"":""Almond Honey"",""price"":""1200.0"",""customName"":""""},{""name"":""Choco Crunch"",""price"":""1200.0"",""customName"":""""},{""name"":""Rainbow"",""price"":""1200.0"",""customName"":""""},{""name"":""Choco Vanilla"",""price"":""1200.0"",""customName"":""""},{""name"":""White Forest"",""price"":""1200.0"",""customName"":""""}]",,,,Moti bakery,,0,0,0,0,0,,Cake 1314,General,1200.0,,10,active,https://jygsbebawnkvyaqohxes.supabase.co/storage/v1/object/public/cake-images/converted_webp/resized_1652709122.webp,2025-02-05 14:47:46+00,2026-05-07 15:28:17.686505+00,5.0,